ticker,date_from,date_to,value_from,value_to,pct_change
SP500,2016-11-04 00:00:00,2016-11-07 00:00:00,2085.18,2131.52,2.2223501088635107
SP500,2017-05-16 00:00:00,2017-05-17 00:00:00,2400.67,2357.03,-1.8178258569482635
SP500,2017-08-16 00:00:00,2017-08-17 00:00:00,2468.11,2430.01,-1.5436913265616163
SP500,2018-02-01 00:00:00,2018-02-02 00:00:00,2821.98,2762.13,-2.1208513171602887
SP500,2018-02-02 00:00:00,2018-02-05 00:00:00,2762.13,2648.94,-4.097924427887175
SP500,2018-02-05 00:00:00,2018-02-06 00:00:00,2648.94,2695.14,1.7440938639606718
SP500,2018-02-07 00:00:00,2018-02-08 00:00:00,2681.66,2581.0,-3.7536451302551352
SP500,2018-02-22 00:00:00,2018-02-23 00:00:00,2703.96,2747.3,1.6028343614550564
SP500,2018-03-08 00:00:00,2018-03-09 00:00:00,2738.97,2786.57,1.7378795678667662
SP500,2018-03-21 00:00:00,2018-03-22 00:00:00,2711.93,2643.69,-2.516289137256485
SP500,2018-03-22 00:00:00,2018-03-23 00:00:00,2643.69,2588.26,-2.0966906104724776
SP500,2018-03-23 00:00:00,2018-03-26 00:00:00,2588.26,2658.55,2.7157240771792615
SP500,2018-03-26 00:00:00,2018-03-27 00:00:00,2658.55,2612.62,-1.7276334844182086
SP500,2018-03-29 00:00:00,2018-04-02 00:00:00,2640.87,2581.88,-2.2337335802216614
SP500,2018-04-05 00:00:00,2018-04-06 00:00:00,2662.84,2604.47,-2.1920205494885288
SP500,2018-04-09 00:00:00,2018-04-10 00:00:00,2613.16,2656.87,1.6726874741692064
SP500,2018-10-09 00:00:00,2018-10-10 00:00:00,2880.34,2785.68,-3.286417575702879
SP500,2018-10-10 00:00:00,2018-10-11 00:00:00,2785.68,2728.37,-2.0573073719881663
SP500,2018-10-15 00:00:00,2018-10-16 00:00:00,2750.79,2809.92,2.1495643069809076
SP500,2018-10-23 00:00:00,2018-10-24 00:00:00,2740.69,2656.1,-3.0864490329077765
SP500,2018-10-24 00:00:00,2018-10-25 00:00:00,2656.1,2705.57,1.8625051767629328
SP500,2018-10-25 00:00:00,2018-10-26 00:00:00,2705.57,2658.69,-1.7327217554896053
SP500,2018-10-29 00:00:00,2018-10-30 00:00:00,2641.25,2682.63,1.56668244202556
SP500,2018-11-06 00:00:00,2018-11-07 00:00:00,2755.45,2813.89,2.1208876952947815
SP500,2018-11-09 00:00:00,2018-11-12 00:00:00,2781.01,2726.22,-1.970147536326745
SP500,2018-11-16 00:00:00,2018-11-19 00:00:00,2736.27,2690.73,-1.6643094431470564
SP500,2018-11-19 00:00:00,2018-11-20 00:00:00,2690.73,2641.89,-1.8151208036480861
SP500,2018-11-23 00:00:00,2018-11-26 00:00:00,2632.56,2673.45,1.5532409517731742
SP500,2018-11-27 00:00:00,2018-11-28 00:00:00,2682.17,2743.79,2.297393528374409
SP500,2018-12-03 00:00:00,2018-12-04 00:00:00,2790.37,2700.06,-3.236488351007212
SP500,2018-12-06 00:00:00,2018-12-07 00:00:00,2695.95,2633.08,-2.332016543333515
SP500,2018-12-13 00:00:00,2018-12-14 00:00:00,2650.54,2599.95,-1.9086676677205454
SP500,2018-12-14 00:00:00,2018-12-17 00:00:00,2599.95,2545.94,-2.0773476413007854
SP500,2018-12-18 00:00:00,2018-12-19 00:00:00,2546.16,2506.96,-1.5395733182517917
SP500,2018-12-19 00:00:00,2018-12-20 00:00:00,2506.96,2467.42,-1.5772090500047853
SP500,2018-12-20 00:00:00,2018-12-21 00:00:00,2467.42,2416.62,-2.0588306814405404
SP500,2018-12-21 00:00:00,2018-12-24 00:00:00,2416.62,2351.1,-2.7112247684782873
SP500,2018-12-24 00:00:00,2018-12-26 00:00:00,2351.1,2467.7,4.959380715409805
SP500,2019-01-02 00:00:00,2019-01-03 00:00:00,2510.03,2447.89,-2.4756676215025446
SP500,2019-01-03 00:00:00,2019-01-04 00:00:00,2447.89,2531.94,3.4335693188828
SP500,2019-01-29 00:00:00,2019-01-30 00:00:00,2640.0,2681.05,1.5549242424242493
SP500,2019-03-21 00:00:00,2019-03-22 00:00:00,2854.88,2800.71,-1.8974527826038246
SP500,2019-05-06 00:00:00,2019-05-07 00:00:00,2932.47,2884.05,-1.6511677868827173
SP500,2019-05-10 00:00:00,2019-05-13 00:00:00,2881.4,2811.87,-2.4130630943291527
SP500,2019-06-03 00:00:00,2019-06-04 00:00:00,2744.45,2803.27,2.143234527865334
SP500,2019-08-02 00:00:00,2019-08-05 00:00:00,2932.05,2844.74,-2.9777800514998174
SP500,2019-08-07 00:00:00,2019-08-08 00:00:00,2883.98,2938.09,1.876226603513205
SP500,2019-08-13 00:00:00,2019-08-14 00:00:00,2926.32,2840.6,-2.9292763607534464
SP500,2019-08-22 00:00:00,2019-08-23 00:00:00,2922.95,2847.11,-2.5946389777450762
SP500,2019-10-01 00:00:00,2019-10-02 00:00:00,2940.25,2887.61,-1.7903239520448897
SP500,2019-10-07 00:00:00,2019-10-08 00:00:00,2938.79,2893.06,-1.5560826054260433
SP500,2020-01-24 00:00:00,2020-01-27 00:00:00,3295.47,3243.63,-1.5730684849201995
SP500,2020-01-30 00:00:00,2020-01-31 00:00:00,3283.66,3225.52,-1.7705852615678808
SP500,2020-02-21 00:00:00,2020-02-24 00:00:00,3337.75,3225.89,-3.351359448730436
SP500,2020-02-24 00:00:00,2020-02-25 00:00:00,3225.89,3128.21,-3.028001574759209
SP500,2020-02-26 00:00:00,2020-02-27 00:00:00,3116.39,2978.76,-4.416327866537874
SP500,2020-02-28 00:00:00,2020-03-02 00:00:00,2954.22,3090.23,4.603922524388848
SP500,2020-03-02 00:00:00,2020-03-03 00:00:00,3090.23,3003.37,-2.810794018568201
SP500,2020-03-03 00:00:00,2020-03-04 00:00:00,3003.37,3130.12,4.22025924211802
SP500,2020-03-04 00:00:00,2020-03-05 00:00:00,3130.12,3023.94,-3.3922022158894816
SP500,2020-03-05 00:00:00,2020-03-06 00:00:00,3023.94,2972.37,-1.7053909799797669
SP500,2020-03-06 00:00:00,2020-03-09 00:00:00,2972.37,2746.56,-7.596968075979772
SP500,2020-03-09 00:00:00,2020-03-10 00:00:00,2746.56,2882.23,4.939633578003032
SP500,2020-03-10 00:00:00,2020-03-11 00:00:00,2882.23,2741.38,-4.886841091793504
SP500,2020-03-11 00:00:00,2020-03-12 00:00:00,2741.38,2480.64,-9.511268047479744
SP500,2020-03-12 00:00:00,2020-03-13 00:00:00,2480.64,2711.02,9.287119453044381
SP500,2020-03-13 00:00:00,2020-03-16 00:00:00,2711.02,2386.13,-11.98405028365707
SP500,2020-03-16 00:00:00,2020-03-17 00:00:00,2386.13,2529.19,5.995482224354915
SP500,2020-03-17 00:00:00,2020-03-18 00:00:00,2529.19,2398.1,-5.183082330706674
SP500,2020-03-19 00:00:00,2020-03-20 00:00:00,2409.39,2304.92,-4.335952253474938
SP500,2020-03-20 00:00:00,2020-03-23 00:00:00,2304.92,2237.4,-2.929385835517067
SP500,2020-03-23 00:00:00,2020-03-24 00:00:00,2237.4,2447.33,9.382765710199331
SP500,2020-03-25 00:00:00,2020-03-26 00:00:00,2475.56,2630.07,6.241416083633611
SP500,2020-03-26 00:00:00,2020-03-27 00:00:00,2630.07,2541.47,-3.3687316307170665
SP500,2020-03-27 00:00:00,2020-03-30 00:00:00,2541.47,2626.65,3.3516035994916447
SP500,2020-03-30 00:00:00,2020-03-31 00:00:00,2626.65,2584.59,-1.601279195933982
SP500,2020-03-31 00:00:00,2020-04-01 00:00:00,2584.59,2470.5,-4.414239782712158
SP500,2020-04-01 00:00:00,2020-04-02 00:00:00,2470.5,2526.9,2.282938676381303
SP500,2020-04-02 00:00:00,2020-04-03 00:00:00,2526.9,2488.65,-1.5137124539950138
SP500,2020-04-03 00:00:00,2020-04-06 00:00:00,2488.65,2663.68,7.033130412070792
SP500,2020-04-07 00:00:00,2020-04-08 00:00:00,2659.41,2749.98,3.405642604938696
SP500,2020-04-13 00:00:00,2020-04-14 00:00:00,2761.63,2846.06,3.057252419766581
SP500,2020-04-14 00:00:00,2020-04-15 00:00:00,2846.06,2783.36,-2.203045613936453
SP500,2020-04-16 00:00:00,2020-04-17 00:00:00,2799.55,2874.56,2.6793591827257863
SP500,2020-04-17 00:00:00,2020-04-20 00:00:00,2874.56,2823.16,-1.7880997439608182
SP500,2020-04-20 00:00:00,2020-04-21 00:00:00,2823.16,2736.56,-3.067484662576684
SP500,2020-04-21 00:00:00,2020-04-22 00:00:00,2736.56,2799.31,2.2930248194813925
SP500,2020-04-28 00:00:00,2020-04-29 00:00:00,2863.39,2939.51,2.658387435871479
SP500,2020-04-30 00:00:00,2020-05-01 00:00:00,2912.43,2830.71,-2.8059043479156514
SP500,2020-05-07 00:00:00,2020-05-08 00:00:00,2881.19,2929.8,1.6871501011734777
SP500,2020-05-11 00:00:00,2020-05-12 00:00:00,2930.32,2870.12,-2.054383139042844
SP500,2020-05-12 00:00:00,2020-05-13 00:00:00,2870.12,2820.0,-1.7462684487059736
SP500,2020-05-15 00:00:00,2020-05-18 00:00:00,2863.7,2953.91,3.1501204735132884
SP500,2020-05-19 00:00:00,2020-05-20 00:00:00,2922.94,2971.61,1.6651043127809695
SP500,2020-06-04 00:00:00,2020-06-05 00:00:00,3112.35,3193.93,2.6211704981766166
SP500,2020-06-10 00:00:00,2020-06-11 00:00:00,3190.14,3002.1,-5.894412157460173
SP500,2020-06-15 00:00:00,2020-06-16 00:00:00,3066.59,3124.74,1.896243058250357
SP500,2020-06-23 00:00:00,2020-06-24 00:00:00,3131.29,3050.33,-2.5855158736495194
SP500,2020-06-25 00:00:00,2020-06-26 00:00:00,3083.76,3009.05,-2.4226917788673576
SP500,2020-06-29 00:00:00,2020-06-30 00:00:00,3053.24,3100.29,1.5409859690034253
SP500,2020-07-02 00:00:00,2020-07-06 00:00:00,3130.01,3179.72,1.5881738397001792
SP500,2020-09-01 00:00:00,2020-09-02 00:00:00,3526.65,3580.84,1.536585711652703
SP500,2020-09-02 00:00:00,2020-09-03 00:00:00,3580.84,3455.06,-3.51258363959295
SP500,2020-09-04 00:00:00,2020-09-08 00:00:00,3426.96,3331.84,-2.775637883138405
SP500,2020-09-08 00:00:00,2020-09-09 00:00:00,3331.84,3398.96,2.014502497118706
SP500,2020-09-09 00:00:00,2020-09-10 00:00:00,3398.96,3339.19,-1.7584790641843384
SP500,2020-09-22 00:00:00,2020-09-23 00:00:00,3315.57,3236.92,-2.372141140135786
SP500,2020-09-24 00:00:00,2020-09-25 00:00:00,3246.59,3298.46,1.5976763311659277
SP500,2020-09-25 00:00:00,2020-09-28 00:00:00,3298.46,3351.6,1.6110548559024476
SP500,2020-10-02 00:00:00,2020-10-05 00:00:00,3348.44,3408.63,1.7975534875942247
SP500,2020-10-06 00:00:00,2020-10-07 00:00:00,3360.95,3419.45,1.7405793004953956
SP500,2020-10-09 00:00:00,2020-10-12 00:00:00,3477.13,3534.22,1.6418713134107636
SP500,2020-10-16 00:00:00,2020-10-19 00:00:00,3483.81,3426.92,-1.6329822808936159
SP500,2020-10-23 00:00:00,2020-10-26 00:00:00,3465.39,3400.97,-1.8589538262648668
SP500,2020-10-27 00:00:00,2020-10-28 00:00:00,3390.68,3271.03,-3.528790685054315
SP500,2020-11-02 00:00:00,2020-11-03 00:00:00,3310.24,3369.16,1.779931364493211
SP500,2020-11-03 00:00:00,2020-11-04 00:00:00,3369.16,3443.44,2.204703843094427
SP500,2020-11-04 00:00:00,2020-11-05 00:00:00,3443.44,3510.45,1.946019097181881
SP500,2020-11-23 00:00:00,2020-11-24 00:00:00,3577.59,3635.41,1.6161717804443692
SP500,2021-01-26 00:00:00,2021-01-27 00:00:00,3849.62,3750.77,-2.567785911336701
SP500,2021-01-28 00:00:00,2021-01-29 00:00:00,3787.38,3714.24,-1.9311502938707055
SP500,2021-01-29 00:00:00,2021-02-01 00:00:00,3714.24,3773.86,1.605173602136651
SP500,2021-02-24 00:00:00,2021-02-25 00:00:00,3925.43,3829.34,-2.447884690339649
SP500,2021-02-26 00:00:00,2021-03-01 00:00:00,3811.15,3901.82,2.3790719336683175
SP500,2021-03-04 00:00:00,2021-03-05 00:00:00,3768.47,3841.94,1.9495975820425864
SP500,2021-03-25 00:00:00,2021-03-26 00:00:00,3909.52,3974.54,1.6631197691788244
SP500,2021-05-11 00:00:00,2021-05-12 00:00:00,4152.1,4063.04,-2.1449387057151896
SP500,2021-07-16 00:00:00,2021-07-19 00:00:00,4327.16,4258.49,-1.5869531055010693
SP500,2021-07-19 00:00:00,2021-07-20 00:00:00,4258.49,4323.06,1.5162651550197517
SP500,2021-09-17 00:00:00,2021-09-20 00:00:00,4432.99,4357.73,-1.6977254629493912
SP500,2021-09-27 00:00:00,2021-09-28 00:00:00,4443.11,4352.63,-2.036411432532608
SP500,2021-10-13 00:00:00,2021-10-14 00:00:00,4363.8,4438.26,1.7063110133370005
SP500,2021-11-24 00:00:00,2021-11-26 00:00:00,4701.46,4594.62,-2.272485568312825
SP500,2021-11-29 00:00:00,2021-11-30 00:00:00,4655.27,4567.0,-1.8961306218543805
SP500,2021-12-06 00:00:00,2021-12-07 00:00:00,4591.67,4686.75,2.070706300757675
SP500,2021-12-14 00:00:00,2021-12-15 00:00:00,4634.09,4709.85,1.6348409288555081
SP500,2021-12-20 00:00:00,2021-12-21 00:00:00,4568.02,4649.23,1.7777943178882563
SP500,2022-01-04 00:00:00,2022-01-05 00:00:00,4793.54,4700.58,-1.9392766097706504
SP500,2022-01-14 00:00:00,2022-01-18 00:00:00,4662.85,4577.11,-1.838789581479153
SP500,2022-01-20 00:00:00,2022-01-21 00:00:00,4482.73,4397.94,-1.8914813071498833
SP500,2022-01-27 00:00:00,2022-01-28 00:00:00,4326.51,4431.85,2.4347568825681702
SP500,2022-01-28 00:00:00,2022-01-31 00:00:00,4431.85,4515.55,1.8886018254227877
SP500,2022-02-02 00:00:00,2022-02-03 00:00:00,4589.38,4477.44,-2.4391094221877574
SP500,2022-02-09 00:00:00,2022-02-10 00:00:00,4587.18,4504.08,-1.8115705073705493
SP500,2022-02-10 00:00:00,2022-02-11 00:00:00,4504.08,4418.64,-1.8969467682634324
SP500,2022-02-14 00:00:00,2022-02-15 00:00:00,4401.67,4471.07,1.5766743077059306
SP500,2022-02-16 00:00:00,2022-02-17 00:00:00,4475.01,4380.26,-2.1173137043269175
SP500,2022-02-22 00:00:00,2022-02-23 00:00:00,4304.76,4225.5,-1.841217628857363
SP500,2022-02-24 00:00:00,2022-02-25 00:00:00,4288.7,4384.65,2.2372746986266194
SP500,2022-02-28 00:00:00,2022-03-01 00:00:00,4373.94,4306.26,-1.5473463284818583
SP500,2022-03-01 00:00:00,2022-03-02 00:00:00,4306.26,4386.54,1.8642627244987469
SP500,2022-03-04 00:00:00,2022-03-07 00:00:00,4328.87,4201.09,-2.951809594651716
SP500,2022-03-08 00:00:00,2022-03-09 00:00:00,4170.7,4277.88,2.5698324022346437
SP500,2022-03-14 00:00:00,2022-03-15 00:00:00,4173.11,4262.45,2.1408493905025305
SP500,2022-03-15 00:00:00,2022-03-16 00:00:00,4262.45,4357.86,2.238384027965134
SP500,2022-03-30 00:00:00,2022-03-31 00:00:00,4602.45,4530.41,-1.565253289009114
SP500,2022-04-08 00:00:00,2022-04-11 00:00:00,4488.28,4412.53,-1.687728929567674
SP500,2022-04-18 00:00:00,2022-04-19 00:00:00,4391.69,4462.21,1.605759969396757
SP500,2022-04-21 00:00:00,2022-04-22 00:00:00,4393.66,4271.78,-2.7739970776072824
SP500,2022-04-25 00:00:00,2022-04-26 00:00:00,4296.12,4175.2,-2.814632738377887
SP500,2022-04-27 00:00:00,2022-04-28 00:00:00,4183.96,4287.5,2.474689050564536
SP500,2022-04-28 00:00:00,2022-04-29 00:00:00,4287.5,4131.93,-3.6284548104956205
SP500,2022-05-03 00:00:00,2022-05-04 00:00:00,4175.48,4300.17,2.986243497753564
SP500,2022-05-04 00:00:00,2022-05-05 00:00:00,4300.17,4146.87,-3.5649753381843086
SP500,2022-05-06 00:00:00,2022-05-09 00:00:00,4123.34,3991.24,-3.2037134944001795
SP500,2022-05-10 00:00:00,2022-05-11 00:00:00,4001.05,3935.18,-1.6463178415665973
SP500,2022-05-12 00:00:00,2022-05-13 00:00:00,3930.08,4023.89,2.386974310955501
SP500,2022-05-16 00:00:00,2022-05-17 00:00:00,4008.01,4088.85,2.0169610355263505
SP500,2022-05-17 00:00:00,2022-05-18 00:00:00,4088.85,3923.68,-4.039522115020118
SP500,2022-05-20 00:00:00,2022-05-23 00:00:00,3901.36,3973.75,1.8555067976295414
SP500,2022-05-25 00:00:00,2022-05-26 00:00:00,3978.73,4057.84,1.9883229070582857
SP500,2022-05-26 00:00:00,2022-05-27 00:00:00,4057.84,4158.24,2.4742227391912848
SP500,2022-06-01 00:00:00,2022-06-02 00:00:00,4101.23,4176.82,1.8431056049038985
SP500,2022-06-02 00:00:00,2022-06-03 00:00:00,4176.82,4108.54,-1.6347364741597616
SP500,2022-06-08 00:00:00,2022-06-09 00:00:00,4115.77,4017.82,-2.379870595295662
SP500,2022-06-09 00:00:00,2022-06-10 00:00:00,4017.82,3900.86,-2.9110313553120855
SP500,2022-06-10 00:00:00,2022-06-13 00:00:00,3900.86,3749.63,-3.8768374153391822
SP500,2022-06-15 00:00:00,2022-06-16 00:00:00,3789.99,3666.77,-3.2511959134456765
SP500,2022-06-17 00:00:00,2022-06-21 00:00:00,3674.84,3764.79,2.447725615264877
SP500,2022-06-23 00:00:00,2022-06-24 00:00:00,3795.73,3911.74,3.056329085577735
SP500,2022-06-27 00:00:00,2022-06-28 00:00:00,3900.11,3821.55,-2.0143021607082865
SP500,2022-07-14 00:00:00,2022-07-15 00:00:00,3790.38,3863.16,1.92012410365187
SP500,2022-07-18 00:00:00,2022-07-19 00:00:00,3830.85,3936.69,2.762833313755437
SP500,2022-07-26 00:00:00,2022-07-27 00:00:00,3921.05,4023.61,2.6156259165274593
SP500,2022-08-02 00:00:00,2022-08-03 00:00:00,4091.19,4155.17,1.5638481713144592
SP500,2022-08-09 00:00:00,2022-08-10 00:00:00,4122.47,4210.24,2.1290634013103675
SP500,2022-08-11 00:00:00,2022-08-12 00:00:00,4207.27,4280.15,1.7322396708554284
SP500,2022-08-19 00:00:00,2022-08-22 00:00:00,4228.48,4137.99,-2.1400124867564654
SP500,2022-08-25 00:00:00,2022-08-26 00:00:00,4199.12,4057.66,-3.368801082131495
SP500,2022-09-06 00:00:00,2022-09-07 00:00:00,3908.19,3979.87,1.834097114009294
SP500,2022-09-08 00:00:00,2022-09-09 00:00:00,4006.18,4067.36,1.5271405678227212
SP500,2022-09-12 00:00:00,2022-09-13 00:00:00,4110.41,3932.69,-4.323656277597608
SP500,2022-09-20 00:00:00,2022-09-21 00:00:00,3855.93,3789.93,-1.7116493297336828
SP500,2022-09-22 00:00:00,2022-09-23 00:00:00,3757.99,3693.23,-1.723261637204989
SP500,2022-09-27 00:00:00,2022-09-28 00:00:00,3647.29,3719.04,1.9672140136923577
SP500,2022-09-28 00:00:00,2022-09-29 00:00:00,3719.04,3640.47,-2.112641972121842
SP500,2022-09-29 00:00:00,2022-09-30 00:00:00,3640.47,3585.62,-1.5066735888497889
SP500,2022-09-30 00:00:00,2022-10-03 00:00:00,3585.62,3678.43,2.5883947546031076
SP500,2022-10-03 00:00:00,2022-10-04 00:00:00,3678.43,3790.93,3.058370011118874
SP500,2022-10-06 00:00:00,2022-10-07 00:00:00,3744.52,3639.66,-2.8003589245083513
SP500,2022-10-12 00:00:00,2022-10-13 00:00:00,3577.03,3669.91,2.59656754346482
SP500,2022-10-13 00:00:00,2022-10-14 00:00:00,3669.91,3583.07,-2.3662705624933498
SP500,2022-10-14 00:00:00,2022-10-17 00:00:00,3583.07,3677.95,2.6480085513260874
SP500,2022-10-20 00:00:00,2022-10-21 00:00:00,3665.78,3752.75,2.3724828003862695
SP500,2022-10-24 00:00:00,2022-10-25 00:00:00,3797.34,3859.11,1.6266649812763667
SP500,2022-10-27 00:00:00,2022-10-28 00:00:00,3807.3,3901.06,2.4626375646783747
SP500,2022-11-01 00:00:00,2022-11-02 00:00:00,3856.1,3759.69,-2.500194497030675
SP500,2022-11-08 00:00:00,2022-11-09 00:00:00,3828.11,3748.57,-2.0777877333723422
SP500,2022-11-09 00:00:00,2022-11-10 00:00:00,3748.57,3956.37,5.543447234545432
SP500,2022-11-25 00:00:00,2022-11-28 00:00:00,4026.12,3963.94,-1.5444149702443006
SP500,2022-11-29 00:00:00,2022-11-30 00:00:00,3957.63,4080.11,3.094781472750106
SP500,2022-12-02 00:00:00,2022-12-05 00:00:00,4071.7,3998.84,-1.7894245646781364
SP500,2022-12-14 00:00:00,2022-12-15 00:00:00,3995.32,3895.75,-2.492165834025814
SP500,2022-12-28 00:00:00,2022-12-29 00:00:00,3783.22,3849.28,1.746131602180164
SP500,2023-01-05 00:00:00,2023-01-06 00:00:00,3808.1,3895.08,2.284078674404559
SP500,2023-01-17 00:00:00,2023-01-18 00:00:00,3990.97,3928.86,-1.5562632643191925
SP500,2023-01-19 00:00:00,2023-01-20 00:00:00,3898.85,3972.61,1.8918399015094252
SP500,2023-02-17 00:00:00,2023-02-21 00:00:00,4079.09,3997.34,-2.0041234687148357
SP500,2023-03-02 00:00:00,2023-03-03 00:00:00,3981.35,4045.64,1.6147789066522655
SP500,2023-03-06 00:00:00,2023-03-07 00:00:00,4048.42,3986.37,-1.532696706369403
SP500,2023-03-08 00:00:00,2023-03-09 00:00:00,3992.01,3918.32,-1.8459372596762045
SP500,2023-03-13 00:00:00,2023-03-14 00:00:00,3855.76,3919.29,1.6476647924144587
SP500,2023-03-15 00:00:00,2023-03-16 00:00:00,3891.93,3960.28,1.7561980816715708
SP500,2023-03-21 00:00:00,2023-03-22 00:00:00,4002.87,3936.97,-1.6463187662851926
SP500,2023-04-24 00:00:00,2023-04-25 00:00:00,4137.04,4071.63,-1.581082126351204
SP500,2023-04-26 00:00:00,2023-04-27 00:00:00,4055.99,4135.35,1.9566123190639175
SP500,2023-05-04 00:00:00,2023-05-05 00:00:00,4061.22,4136.25,1.847474404243065
SP500,2023-09-20 00:00:00,2023-09-21 00:00:00,4402.2,4330.0,-1.640089046385894
SP500,2023-11-01 00:00:00,2023-11-02 00:00:00,4237.86,4317.78,1.8858574846738703
SP500,2023-11-09 00:00:00,2023-11-10 00:00:00,4347.35,4415.24,1.5616409996894525
SP500,2023-11-13 00:00:00,2023-11-14 00:00:00,4411.55,4495.7,1.9074928313177826
SP500,2024-01-30 00:00:00,2024-01-31 00:00:00,4924.97,4845.65,-1.6105681862021621
SP500,2024-02-21 00:00:00,2024-02-22 00:00:00,4981.8,5087.03,2.112288730980761
SP500,2024-04-29 00:00:00,2024-04-30 00:00:00,5116.17,5035.69,-1.5730517164206912
SP500,2024-07-23 00:00:00,2024-07-24 00:00:00,5555.74,5427.13,-2.314903145215573
SP500,2024-07-30 00:00:00,2024-07-31 00:00:00,5436.44,5522.3,1.5793423637527608
SP500,2024-08-01 00:00:00,2024-08-02 00:00:00,5446.68,5346.56,-1.8381839946536218
SP500,2024-08-02 00:00:00,2024-08-05 00:00:00,5346.56,5186.33,-2.9968802370122183
SP500,2024-08-07 00:00:00,2024-08-08 00:00:00,5199.5,5319.31,2.304260025002412
SP500,2024-08-12 00:00:00,2024-08-13 00:00:00,5344.39,5434.43,1.6847572875482508
SP500,2024-08-14 00:00:00,2024-08-15 00:00:00,5455.21,5543.22,1.613320110499875
SP500,2024-08-30 00:00:00,2024-09-03 00:00:00,5648.4,5528.93,-2.11511224417533
SP500,2024-09-05 00:00:00,2024-09-06 00:00:00,5503.41,5408.42,-1.7260207762096553
SP500,2024-09-18 00:00:00,2024-09-19 00:00:00,5618.26,5713.64,1.6976786407179465
SP500,2024-10-30 00:00:00,2024-10-31 00:00:00,5813.67,5705.45,-1.8614747655095705
SP500,2024-11-05 00:00:00,2024-11-06 00:00:00,5782.76,5929.04,2.5295879476236216
SP500,2024-12-17 00:00:00,2024-12-18 00:00:00,6050.61,5872.16,-2.9492894104891874
SP500,2025-01-08 00:00:00,2025-01-10 00:00:00,5918.25,5827.04,-1.5411650403413177
SP500,2025-01-14 00:00:00,2025-01-15 00:00:00,5842.91,5949.91,1.8312792769356365
SP500,2025-02-20 00:00:00,2025-02-21 00:00:00,6117.52,6013.13,-1.706410440832238
SP500,2025-02-26 00:00:00,2025-02-27 00:00:00,5956.06,5861.57,-1.5864514460902122
SP500,2025-02-27 00:00:00,2025-02-28 00:00:00,5861.57,5954.5,1.5854114170776823
SP500,2025-02-28 00:00:00,2025-03-03 00:00:00,5954.5,5849.72,-1.7596775547904904
SP500,2025-03-05 00:00:00,2025-03-06 00:00:00,5842.63,5738.52,-1.7819030128555062
SP500,2025-03-07 00:00:00,2025-03-10 00:00:00,5770.2,5614.56,-2.6973068524487784
SP500,2025-03-13 00:00:00,2025-03-14 00:00:00,5521.52,5638.94,2.126588330749488
SP500,2025-03-21 00:00:00,2025-03-24 00:00:00,5667.56,5767.57,1.7646041682840465
SP500,2025-03-27 00:00:00,2025-03-28 00:00:00,5693.31,5580.94,-1.973720032810453
SP500,2025-04-02 00:00:00,2025-04-03 00:00:00,5670.97,5396.52,-4.83956007526049
SP500,2025-04-03 00:00:00,2025-04-04 00:00:00,5396.52,5074.08,-5.974961641947042
SP500,2025-04-07 00:00:00,2025-04-08 00:00:00,5062.25,4982.77,-1.5700528421156514
SP500,2025-04-08 00:00:00,2025-04-09 00:00:00,4982.77,5456.9,9.515390034057344
SP500,2025-04-09 00:00:00,2025-04-10 00:00:00,5456.9,5268.05,-3.460756106947158
SP500,2025-04-10 00:00:00,2025-04-11 00:00:00,5268.05,5363.36,1.8092083408471726
SP500,2025-04-15 00:00:00,2025-04-16 00:00:00,5396.63,5275.7,-2.240842896400166
SP500,2025-04-17 00:00:00,2025-04-21 00:00:00,5282.7,5158.2,-2.3567493895167244
SP500,2025-04-21 00:00:00,2025-04-22 00:00:00,5158.2,5287.76,2.511728897677492
SP500,2025-04-22 00:00:00,2025-04-23 00:00:00,5287.76,5375.86,1.666111926411173
SP500,2025-04-23 00:00:00,2025-04-24 00:00:00,5375.86,5484.77,2.0259084127935023
SP500,2025-05-09 00:00:00,2025-05-12 00:00:00,5659.91,5844.19,3.2558821606703954
SP500,2025-05-20 00:00:00,2025-05-21 00:00:00,5940.46,5844.61,-1.613511411574194
SP500,2025-05-23 00:00:00,2025-05-27 00:00:00,5802.82,5921.54,2.0459018201495183
SP500,2025-07-31 00:00:00,2025-08-01 00:00:00,6339.39,6238.01,-1.5992074947274122
SP500,2025-08-21 00:00:00,2025-08-22 00:00:00,6370.17,6466.91,1.518640789806234
SP500,2025-10-09 00:00:00,2025-10-10 00:00:00,6735.11,6552.51,-2.7111658161485033
SP500,2025-10-10 00:00:00,2025-10-13 00:00:00,6552.51,6654.72,1.5598602672868875
SP500,2025-11-07 00:00:00,2025-11-10 00:00:00,6728.8,6832.43,1.5400963024610645
SP500,2025-11-12 00:00:00,2025-11-13 00:00:00,6850.92,6737.49,-1.6556900387101336
SP500,2025-11-19 00:00:00,2025-11-20 00:00:00,6642.16,6538.76,-1.5567225119539372
SP500,2025-11-21 00:00:00,2025-11-24 00:00:00,6602.99,6705.12,1.546723529794837
SP500,2026-01-16 00:00:00,2026-01-20 00:00:00,6940.01,6796.86,-2.0626771431165163
SP500,2026-02-05 00:00:00,2026-02-06 00:00:00,6798.4,6932.3,1.9695810779006906
SP500,2026-02-11 00:00:00,2026-02-12 00:00:00,6941.47,6832.76,-1.5660947897203334
SP500,2026-03-11 00:00:00,2026-03-12 00:00:00,6775.8,6672.62,-1.5227722187785988
SP500,2026-03-19 00:00:00,2026-03-20 00:00:00,6606.49,6506.48,-1.5138144460977043
SP500,2026-03-25 00:00:00,2026-03-26 00:00:00,6591.9,6477.16,-1.740621065246739
SP500,2026-03-26 00:00:00,2026-03-27 00:00:00,6477.16,6368.85,-1.6721834878249031
SP500,2026-03-30 00:00:00,2026-03-31 00:00:00,6343.72,6528.52,2.9131172245937744
SP500,2026-04-07 00:00:00,2026-04-08 00:00:00,6616.85,6782.81,2.5081420917808326
SP500,2026-06-04 00:00:00,2026-06-05 00:00:00,7584.31,7383.74,-2.644538527565469
SP500,2026-06-09 00:00:00,2026-06-10 00:00:00,7386.65,7266.99,-1.6199495034961702
SP500,2026-06-10 00:00:00,2026-06-11 00:00:00,7266.99,7394.3,1.7518945257940413
SP500,2026-06-12 00:00:00,2026-06-15 00:00:00,7431.46,7554.29,1.652838069504511
SP500,2026-07-28 00:00:00,2026-07-29 00:00:00,7428.78,7316.15,-1.5161305086434127
SP500,2026-07-29 00:00:00,2026-07-30 00:00:00,7316.15,7437.63,1.6604361583619867
SP500,2026-08-03 00:00:00,2026-08-04 00:00:00,7600.5,7736.52,1.7896191040063212
SP500,2018-01-31 00:00:00,2018-02-07 00:00:00,2823.81,2681.66,-5.033978915011991
SP500,2018-10-04 00:00:00,2018-10-11 00:00:00,2901.61,2728.37,-5.970478458510973
SP500,2018-12-14 00:00:00,2018-12-21 00:00:00,2599.95,2416.62,-7.051289447873995
SP500,2020-02-18 00:00:00,2020-02-25 00:00:00,3370.29,3128.21,-7.182764687905192
SP500,2020-03-10 00:00:00,2020-03-17 00:00:00,2882.23,2529.19,-12.248848981517781
SP500,2020-03-24 00:00:00,2020-03-31 00:00:00,2447.33,2584.59,5.608561166659184
SP500,2020-04-07 00:00:00,2020-04-14 00:00:00,2659.41,2846.06,7.018474022433551
SP500,2020-09-01 00:00:00,2020-09-08 00:00:00,3526.65,3331.84,-5.523939149050797
SP500,2020-11-03 00:00:00,2020-11-10 00:00:00,3369.16,3545.53,5.234835982856271
SP500,2022-03-15 00:00:00,2022-03-22 00:00:00,4262.45,4511.61,5.845464462926248
SP500,2022-04-19 00:00:00,2022-04-26 00:00:00,4462.21,4175.2,-6.432014629522148
SP500,2022-06-07 00:00:00,2022-06-14 00:00:00,4160.68,3735.48,-10.219483353682577
SP500,2022-09-20 00:00:00,2022-09-27 00:00:00,3855.93,3647.29,-5.410886608418719
SP500,2022-10-04 00:00:00,2022-10-11 00:00:00,3790.93,3588.84,-5.33088186803765
SP500,2025-03-28 00:00:00,2025-04-04 00:00:00,5580.94,5074.08,-9.08198260508086
SP500,2025-04-04 00:00:00,2025-04-11 00:00:00,5074.08,5363.36,5.7011320278749995
SP500,2025-04-21 00:00:00,2025-04-28 00:00:00,5158.2,5528.75,7.183707494862553
SP500,2026-04-07 00:00:00,2026-04-14 00:00:00,6616.85,6967.38,5.29753583653853
DJIA,2016-09-12 00:00:00,2016-09-13 00:00:00,18325.07,18066.75,-1.4096535511187664
DJIA,2016-09-28 00:00:00,2016-09-29 00:00:00,18339.24,18143.45,-1.0676014927554296
DJIA,2016-10-10 00:00:00,2016-10-11 00:00:00,18329.04,18128.66,-1.0932378346056366
DJIA,2016-11-04 00:00:00,2016-11-07 00:00:00,17888.28,18259.6,2.075772516977595
DJIA,2016-11-08 00:00:00,2016-11-09 00:00:00,18332.74,18589.69,1.4015908151209098
DJIA,2016-11-09 00:00:00,2016-11-10 00:00:00,18589.69,18807.88,1.1737151076752885
DJIA,2016-12-06 00:00:00,2016-12-07 00:00:00,19251.78,19549.62,1.5470777247610359
DJIA,2017-02-28 00:00:00,2017-03-01 00:00:00,20812.24,21115.55,1.4573635514485592
DJIA,2017-03-20 00:00:00,2017-03-21 00:00:00,20905.86,20668.01,-1.137719280622764
DJIA,2017-04-21 00:00:00,2017-04-24 00:00:00,20547.76,20763.89,1.0518421472705592
DJIA,2017-04-24 00:00:00,2017-04-25 00:00:00,20763.89,20996.12,1.1184320471742029
DJIA,2017-05-16 00:00:00,2017-05-17 00:00:00,20979.75,20606.93,-1.777046914286394
DJIA,2017-08-16 00:00:00,2017-08-17 00:00:00,22024.87,21750.73,-1.244683850574371
DJIA,2017-09-01 00:00:00,2017-09-05 00:00:00,21987.56,21753.31,-1.065375148493057
DJIA,2017-09-08 00:00:00,2017-09-11 00:00:00,21797.79,22057.37,1.1908546692118702
DJIA,2017-11-27 00:00:00,2017-11-28 00:00:00,23580.78,23836.71,1.085333055140671
DJIA,2017-11-29 00:00:00,2017-11-30 00:00:00,23940.68,24272.35,1.3853825371710338
DJIA,2018-01-16 00:00:00,2018-01-17 00:00:00,25792.86,26115.65,1.2514703681561519
DJIA,2018-01-29 00:00:00,2018-01-30 00:00:00,26439.48,26076.89,-1.3713961091519205
DJIA,2018-02-01 00:00:00,2018-02-02 00:00:00,26186.71,25520.96,-2.5423201310893964
DJIA,2018-02-02 00:00:00,2018-02-05 00:00:00,25520.96,24345.75,-4.604881634546659
DJIA,2018-02-05 00:00:00,2018-02-06 00:00:00,24345.75,24912.77,2.3290307343170795
DJIA,2018-02-07 00:00:00,2018-02-08 00:00:00,24893.35,23860.46,-4.149260746343901
DJIA,2018-02-08 00:00:00,2018-02-09 00:00:00,23860.46,24190.9,1.3848852872073814
DJIA,2018-02-09 00:00:00,2018-02-12 00:00:00,24190.9,24601.27,1.696381697249788
DJIA,2018-02-13 00:00:00,2018-02-14 00:00:00,24640.45,24893.49,1.0269292971516384
DJIA,2018-02-14 00:00:00,2018-02-15 00:00:00,24893.49,25200.37,1.2327721022644769
DJIA,2018-02-16 00:00:00,2018-02-20 00:00:00,25219.38,24964.75,-1.009660031293398
DJIA,2018-02-22 00:00:00,2018-02-23 00:00:00,24962.48,25309.99,1.3921293076649517
DJIA,2018-02-23 00:00:00,2018-02-26 00:00:00,25309.99,25709.27,1.577558900655428
DJIA,2018-02-26 00:00:00,2018-02-27 00:00:00,25709.27,25410.03,-1.1639381437123715
DJIA,2018-02-27 00:00:00,2018-02-28 00:00:00,25410.03,25029.2,-1.4987388838187052
DJIA,2018-02-28 00:00:00,2018-03-01 00:00:00,25029.2,24608.98,-1.678919022581629
DJIA,2018-03-02 00:00:00,2018-03-05 00:00:00,24538.06,24874.76,1.372154114872965
DJIA,2018-03-08 00:00:00,2018-03-09 00:00:00,24895.21,25335.74,1.7695371920943928
DJIA,2018-03-16 00:00:00,2018-03-19 00:00:00,24946.51,24610.91,-1.3452783575738594
DJIA,2018-03-21 00:00:00,2018-03-22 00:00:00,24682.31,23957.89,-2.9349765074662857
DJIA,2018-03-22 00:00:00,2018-03-23 00:00:00,23957.89,23533.2,-1.7726519322027054
DJIA,2018-03-23 00:00:00,2018-03-26 00:00:00,23533.2,24202.6,2.8444920367820687
DJIA,2018-03-26 00:00:00,2018-03-27 00:00:00,24202.6,23857.71,-1.4250121887731049
DJIA,2018-03-28 00:00:00,2018-03-29 00:00:00,23848.42,24103.11,1.0679533486914536
DJIA,2018-03-29 00:00:00,2018-04-02 00:00:00,24103.11,23644.19,-1.9039866639616294
DJIA,2018-04-02 00:00:00,2018-04-03 00:00:00,23644.19,24033.36,1.645943464335221
DJIA,2018-04-05 00:00:00,2018-04-06 00:00:00,24505.22,23932.76,-2.3360737018480253
DJIA,2018-04-09 00:00:00,2018-04-10 00:00:00,23979.1,24408.0,1.7886409414865505
DJIA,2018-04-11 00:00:00,2018-04-12 00:00:00,24189.45,24483.05,1.2137522763022661
DJIA,2018-04-23 00:00:00,2018-04-24 00:00:00,24448.69,24024.13,-1.7365347591220541
DJIA,2018-05-03 00:00:00,2018-05-04 00:00:00,23930.15,24262.51,1.3888755398524326
DJIA,2018-05-18 00:00:00,2018-05-21 00:00:00,24715.09,25013.29,1.2065503301828993
DJIA,2018-05-25 00:00:00,2018-05-29 00:00:00,24753.09,24361.45,-1.582186304820931
DJIA,2018-05-29 00:00:00,2018-05-30 00:00:00,24361.45,24667.78,1.2574374678026066
DJIA,2018-05-30 00:00:00,2018-05-31 00:00:00,24667.78,24415.84,-1.021332280407879
DJIA,2018-06-05 00:00:00,2018-06-06 00:00:00,24799.98,25146.39,1.3968156425932596
DJIA,2018-06-18 00:00:00,2018-06-19 00:00:00,24987.47,24700.21,-1.14961618763325
DJIA,2018-06-22 00:00:00,2018-06-25 00:00:00,24580.89,24252.8,-1.3347360490201947
DJIA,2018-07-06 00:00:00,2018-07-09 00:00:00,24456.48,24776.59,1.3088964560721763
DJIA,2018-08-15 00:00:00,2018-08-16 00:00:00,25162.41,25558.73,1.5750478590882182
DJIA,2018-08-24 00:00:00,2018-08-27 00:00:00,25790.35,26049.64,1.005376041814093
DJIA,2018-10-09 00:00:00,2018-10-10 00:00:00,26430.57,25598.74,-3.1472268664656045
DJIA,2018-10-10 00:00:00,2018-10-11 00:00:00,25598.74,25052.83,-2.1325658997278762
DJIA,2018-10-11 00:00:00,2018-10-12 00:00:00,25052.83,25339.99,1.1462178125185851
DJIA,2018-10-15 00:00:00,2018-10-16 00:00:00,25250.55,25798.42,2.1697349166651776
DJIA,2018-10-17 00:00:00,2018-10-18 00:00:00,25706.68,25379.45,-1.2729376177709435
DJIA,2018-10-23 00:00:00,2018-10-24 00:00:00,25191.43,24583.42,-2.413558896815314
DJIA,2018-10-24 00:00:00,2018-10-25 00:00:00,24583.42,24984.55,1.6317095017698964
DJIA,2018-10-25 00:00:00,2018-10-26 00:00:00,24984.55,24688.31,-1.185692758124513
DJIA,2018-10-29 00:00:00,2018-10-30 00:00:00,24442.92,24874.64,1.7662374217155774
DJIA,2018-10-31 00:00:00,2018-11-01 00:00:00,25115.76,25380.74,1.0550347670148275
DJIA,2018-11-06 00:00:00,2018-11-07 00:00:00,25635.01,26180.3,2.127130045980091
DJIA,2018-11-09 00:00:00,2018-11-12 00:00:00,25989.3,25387.18,-2.316799605991693
DJIA,2018-11-16 00:00:00,2018-11-19 00:00:00,25413.22,25017.44,-1.5573784038386418
DJIA,2018-11-19 00:00:00,2018-11-20 00:00:00,25017.44,24465.64,-2.2056613306557318
DJIA,2018-11-23 00:00:00,2018-11-26 00:00:00,24285.95,24640.24,1.4588270172671889
DJIA,2018-11-27 00:00:00,2018-11-28 00:00:00,24748.73,25366.43,2.4958856474655495
DJIA,2018-11-30 00:00:00,2018-12-03 00:00:00,25538.46,25826.43,1.1275934414212962
DJIA,2018-12-03 00:00:00,2018-12-04 00:00:00,25826.43,25027.07,-3.0951238711660904
DJIA,2018-12-06 00:00:00,2018-12-07 00:00:00,24947.67,24388.95,-2.2395678634517675
DJIA,2018-12-13 00:00:00,2018-12-14 00:00:00,24597.38,24100.51,-2.0200118874449338
DJIA,2018-12-14 00:00:00,2018-12-17 00:00:00,24100.51,23592.98,-2.105889045501522
DJIA,2018-12-18 00:00:00,2018-12-19 00:00:00,23675.64,23323.66,-1.4866757561780783
DJIA,2018-12-19 00:00:00,2018-12-20 00:00:00,23323.66,22859.6,-1.9896534248912963
DJIA,2018-12-20 00:00:00,2018-12-21 00:00:00,22859.6,22445.37,-1.8120614533937585
DJIA,2018-12-21 00:00:00,2018-12-24 00:00:00,22445.37,21792.2,-2.910043363063288
DJIA,2018-12-24 00:00:00,2018-12-26 00:00:00,21792.2,22878.45,4.984581639302135
DJIA,2018-12-26 00:00:00,2018-12-27 00:00:00,22878.45,23138.82,1.1380578666823975
DJIA,2018-12-28 00:00:00,2018-12-31 00:00:00,23062.4,23327.46,1.149316636603292
DJIA,2019-01-02 00:00:00,2019-01-03 00:00:00,23346.24,22686.22,-2.8270933563605976
DJIA,2019-01-03 00:00:00,2019-01-04 00:00:00,22686.22,23433.16,3.2924832783954248
DJIA,2019-01-07 00:00:00,2019-01-08 00:00:00,23531.35,23787.45,1.088335348375687
DJIA,2019-01-17 00:00:00,2019-01-18 00:00:00,24370.1,24706.35,1.379764547539813
DJIA,2019-01-18 00:00:00,2019-01-22 00:00:00,24706.35,24404.48,-1.221831634377393
DJIA,2019-01-29 00:00:00,2019-01-30 00:00:00,24579.96,25014.86,1.7693275334866347
DJIA,2019-02-11 00:00:00,2019-02-12 00:00:00,25053.11,25425.76,1.487440082289176
DJIA,2019-02-14 00:00:00,2019-02-15 00:00:00,25439.39,25883.25,1.7447745405845052
DJIA,2019-03-21 00:00:00,2019-03-22 00:00:00,25962.51,25502.32,-1.7725173721647047
DJIA,2019-03-29 00:00:00,2019-04-01 00:00:00,25928.68,26258.42,1.2717191928011682
DJIA,2019-04-11 00:00:00,2019-04-12 00:00:00,26143.05,26412.3,1.0299104350869543
DJIA,2019-05-06 00:00:00,2019-05-07 00:00:00,26438.48,25965.09,-1.7905341002962327
DJIA,2019-05-10 00:00:00,2019-05-13 00:00:00,25942.37,25324.99,-2.379813409491875
DJIA,2019-05-22 00:00:00,2019-05-23 00:00:00,25776.61,25490.47,-1.110076150432502
DJIA,2019-05-30 00:00:00,2019-05-31 00:00:00,25169.88,24815.04,-1.4097802611693029
DJIA,2019-06-03 00:00:00,2019-06-04 00:00:00,24819.78,25332.18,2.064482441020837
DJIA,2019-06-06 00:00:00,2019-06-07 00:00:00,25720.66,25983.94,1.0236129243961813
DJIA,2019-06-17 00:00:00,2019-06-18 00:00:00,26112.53,26465.54,1.351879729769586
DJIA,2019-07-30 00:00:00,2019-07-31 00:00:00,27198.02,26864.27,-1.227111385314078
DJIA,2019-07-31 00:00:00,2019-08-01 00:00:00,26864.27,26583.42,-1.0454406540732437
DJIA,2019-08-02 00:00:00,2019-08-05 00:00:00,26485.01,25717.74,-2.8969972070994
DJIA,2019-08-05 00:00:00,2019-08-06 00:00:00,25717.74,26029.52,1.2123149234730533
DJIA,2019-08-07 00:00:00,2019-08-08 00:00:00,26007.07,26378.19,1.4269965820832529
DJIA,2019-08-09 00:00:00,2019-08-12 00:00:00,26287.44,25907.37,-1.4458235568012698
DJIA,2019-08-12 00:00:00,2019-08-13 00:00:00,25907.37,26279.91,1.4379691956381557
DJIA,2019-08-13 00:00:00,2019-08-14 00:00:00,26279.91,25479.42,-3.046014997768263
DJIA,2019-08-15 00:00:00,2019-08-16 00:00:00,25579.39,25886.01,1.198699421682843
DJIA,2019-08-22 00:00:00,2019-08-23 00:00:00,26252.24,25628.9,-2.3744259537471857
DJIA,2019-08-23 00:00:00,2019-08-26 00:00:00,25628.9,25898.83,1.0532250701356682
DJIA,2019-08-27 00:00:00,2019-08-28 00:00:00,25777.9,26036.1,1.001633181911626
DJIA,2019-08-28 00:00:00,2019-08-29 00:00:00,26036.1,26362.25,1.2526837736834682
DJIA,2019-08-30 00:00:00,2019-09-03 00:00:00,26403.28,26118.02,-1.0803960720031693
DJIA,2019-09-04 00:00:00,2019-09-05 00:00:00,26355.47,26728.15,1.4140518078410298
DJIA,2019-09-30 00:00:00,2019-10-01 00:00:00,26916.83,26573.04,-1.2772306397150066
DJIA,2019-10-01 00:00:00,2019-10-02 00:00:00,26573.04,26078.62,-1.8606075932599428
DJIA,2019-10-03 00:00:00,2019-10-04 00:00:00,26201.04,26573.72,1.4223862869565493
DJIA,2019-10-07 00:00:00,2019-10-08 00:00:00,26478.02,26164.04,-1.1858137428705
DJIA,2019-10-10 00:00:00,2019-10-11 00:00:00,26496.67,26816.59,1.2073970049821425
DJIA,2019-10-31 00:00:00,2019-11-01 00:00:00,27046.23,27347.36,1.1133899253241617
DJIA,2019-12-02 00:00:00,2019-12-03 00:00:00,27783.04,27502.81,-1.0086369238211497
DJIA,2019-12-05 00:00:00,2019-12-06 00:00:00,27677.79,28015.06,1.218558273619391
DJIA,2019-12-31 00:00:00,2020-01-02 00:00:00,28538.44,28868.8,1.1575965609893204
DJIA,2020-01-24 00:00:00,2020-01-27 00:00:00,28989.73,28535.8,-1.5658303820007995
DJIA,2020-01-30 00:00:00,2020-01-31 00:00:00,28859.44,28256.03,-2.090858311872995
DJIA,2020-02-03 00:00:00,2020-02-04 00:00:00,28399.81,28807.63,1.4359955225052552
DJIA,2020-02-04 00:00:00,2020-02-05 00:00:00,28807.63,29290.85,1.6774028269593768
DJIA,2020-02-21 00:00:00,2020-02-24 00:00:00,28992.41,27960.8,-3.5582071307628462
DJIA,2020-02-24 00:00:00,2020-02-25 00:00:00,27960.8,27081.36,-3.1452605075677336
DJIA,2020-02-26 00:00:00,2020-02-27 00:00:00,26957.59,25766.64,-4.417865246856268
DJIA,2020-02-27 00:00:00,2020-02-28 00:00:00,25766.64,25409.36,-1.3865991064415029
DJIA,2020-02-28 00:00:00,2020-03-02 00:00:00,25409.36,26703.32,5.092454119269431
DJIA,2020-03-02 00:00:00,2020-03-03 00:00:00,26703.32,25917.41,-2.943117185428628
DJIA,2020-03-03 00:00:00,2020-03-04 00:00:00,25917.41,27090.86,4.527651489867239
DJIA,2020-03-04 00:00:00,2020-03-05 00:00:00,27090.86,26121.28,-3.578993062604885
DJIA,2020-03-06 00:00:00,2020-03-09 00:00:00,25864.78,23851.02,-7.785722515327788
DJIA,2020-03-09 00:00:00,2020-03-10 00:00:00,23851.02,25018.16,4.8934594830745155
DJIA,2020-03-10 00:00:00,2020-03-11 00:00:00,25018.16,23553.22,-5.855506560034786
DJIA,2020-03-11 00:00:00,2020-03-12 00:00:00,23553.22,21200.62,-9.988443193754408
DJIA,2020-03-12 00:00:00,2020-03-13 00:00:00,21200.62,23185.62,9.362933725523122
DJIA,2020-03-13 00:00:00,2020-03-16 00:00:00,23185.62,20188.52,-12.92654671300573
DJIA,2020-03-16 00:00:00,2020-03-17 00:00:00,20188.52,21237.38,5.195328830444235
DJIA,2020-03-17 00:00:00,2020-03-18 00:00:00,21237.38,19898.92,-6.302378165291589
DJIA,2020-03-19 00:00:00,2020-03-20 00:00:00,20087.19,19173.98,-4.546230707231818
DJIA,2020-03-20 00:00:00,2020-03-23 00:00:00,19173.98,18591.93,-3.035624320042053
DJIA,2020-03-23 00:00:00,2020-03-24 00:00:00,18591.93,20704.91,11.365038487128553
DJIA,2020-03-24 00:00:00,2020-03-25 00:00:00,20704.91,21200.55,2.3938283238130444
DJIA,2020-03-25 00:00:00,2020-03-26 00:00:00,21200.55,22552.17,6.375400638190985
DJIA,2020-03-26 00:00:00,2020-03-27 00:00:00,22552.17,21636.78,-4.058988558528955
DJIA,2020-03-27 00:00:00,2020-03-30 00:00:00,21636.78,22327.48,3.1922494936862176
DJIA,2020-03-30 00:00:00,2020-03-31 00:00:00,22327.48,21917.16,-1.8377353825868379
DJIA,2020-03-31 00:00:00,2020-04-01 00:00:00,21917.16,20943.51,-4.442409509261243
DJIA,2020-04-01 00:00:00,2020-04-02 00:00:00,20943.51,21413.44,2.243797720630402
DJIA,2020-04-02 00:00:00,2020-04-03 00:00:00,21413.44,21052.53,-1.6854368097792782
DJIA,2020-04-03 00:00:00,2020-04-06 00:00:00,21052.53,22679.99,7.730472299528859
DJIA,2020-04-07 00:00:00,2020-04-08 00:00:00,22653.86,23433.57,3.441841699383677
DJIA,2020-04-08 00:00:00,2020-04-09 00:00:00,23433.57,23719.37,1.219617838852549
DJIA,2020-04-09 00:00:00,2020-04-13 00:00:00,23719.37,23390.77,-1.3853656315492298
DJIA,2020-04-13 00:00:00,2020-04-14 00:00:00,23390.77,23949.76,2.389788792758844
DJIA,2020-04-14 00:00:00,2020-04-15 00:00:00,23949.76,23504.35,-1.859768114586534
DJIA,2020-04-16 00:00:00,2020-04-17 00:00:00,23537.68,24242.49,2.9943902712586854
DJIA,2020-04-17 00:00:00,2020-04-20 00:00:00,24242.49,23650.44,-2.4421996255335277
DJIA,2020-04-20 00:00:00,2020-04-21 00:00:00,23650.44,23018.88,-2.6703942928757254
DJIA,2020-04-21 00:00:00,2020-04-22 00:00:00,23018.88,23475.82,1.9850661717685596
DJIA,2020-04-23 00:00:00,2020-04-24 00:00:00,23515.26,23775.27,1.1057075277925996
DJIA,2020-04-24 00:00:00,2020-04-27 00:00:00,23775.27,24133.78,1.5079113717741097
DJIA,2020-04-28 00:00:00,2020-04-29 00:00:00,24101.55,24633.86,2.2086131389889916
DJIA,2020-04-29 00:00:00,2020-04-30 00:00:00,24633.86,24345.72,-1.169690823930961
DJIA,2020-04-30 00:00:00,2020-05-01 00:00:00,24345.72,23723.69,-2.554987077810812
DJIA,2020-05-07 00:00:00,2020-05-08 00:00:00,23875.89,24331.32,1.907489103024014
DJIA,2020-05-11 00:00:00,2020-05-12 00:00:00,24221.99,23764.78,-1.8875823167295616
DJIA,2020-05-12 00:00:00,2020-05-13 00:00:00,23764.78,23247.97,-2.1746887621092963
DJIA,2020-05-13 00:00:00,2020-05-14 00:00:00,23247.97,23625.34,1.6232385021143738
DJIA,2020-05-15 00:00:00,2020-05-18 00:00:00,23685.42,24597.37,3.8502589356659107
DJIA,2020-05-18 00:00:00,2020-05-19 00:00:00,24597.37,24206.86,-1.587608756545917
DJIA,2020-05-19 00:00:00,2020-05-20 00:00:00,24206.86,24575.9,1.5245265185158292
DJIA,2020-05-22 00:00:00,2020-05-26 00:00:00,24465.16,24995.11,2.1661415662108925
DJIA,2020-05-26 00:00:00,2020-05-27 00:00:00,24995.11,25548.27,2.2130728770547514
DJIA,2020-06-01 00:00:00,2020-06-02 00:00:00,25475.02,25742.65,1.05055854715718
DJIA,2020-06-02 00:00:00,2020-06-03 00:00:00,25742.65,26269.89,2.0481185891895275
DJIA,2020-06-04 00:00:00,2020-06-05 00:00:00,26281.82,27110.98,3.1548804458747526
DJIA,2020-06-05 00:00:00,2020-06-08 00:00:00,27110.98,27572.44,1.7021147889157793
DJIA,2020-06-08 00:00:00,2020-06-09 00:00:00,27572.44,27272.3,-1.0885507412474176
DJIA,2020-06-09 00:00:00,2020-06-10 00:00:00,27272.3,26989.99,-1.0351528840618418
DJIA,2020-06-10 00:00:00,2020-06-11 00:00:00,26989.99,25128.17,-6.898187068613228
DJIA,2020-06-11 00:00:00,2020-06-12 00:00:00,25128.17,25605.54,1.8997404108616052
DJIA,2020-06-15 00:00:00,2020-06-16 00:00:00,25763.16,26289.98,2.0448578512884277
DJIA,2020-06-23 00:00:00,2020-06-24 00:00:00,26156.1,25445.94,-2.7150836707307278
DJIA,2020-06-24 00:00:00,2020-06-25 00:00:00,25445.94,25745.6,1.1776338386398768
DJIA,2020-06-25 00:00:00,2020-06-26 00:00:00,25745.6,25015.55,-2.8356301659312635
DJIA,2020-06-26 00:00:00,2020-06-29 00:00:00,25015.55,25595.8,2.3195572353995817
DJIA,2020-07-02 00:00:00,2020-07-06 00:00:00,25827.36,26287.03,1.7797792728331436
DJIA,2020-07-06 00:00:00,2020-07-07 00:00:00,26287.03,25890.18,-1.509679868741347
DJIA,2020-07-08 00:00:00,2020-07-09 00:00:00,26067.28,25706.09,-1.3856067836766963
DJIA,2020-07-09 00:00:00,2020-07-10 00:00:00,25706.09,26075.3,1.4362744392476612
DJIA,2020-07-13 00:00:00,2020-07-14 00:00:00,26085.8,26642.59,2.1344562942290475
DJIA,2020-07-22 00:00:00,2020-07-23 00:00:00,27005.84,26652.33,-1.3090131615976337
DJIA,2020-08-04 00:00:00,2020-08-05 00:00:00,26828.47,27201.52,1.3905004646183672
DJIA,2020-08-07 00:00:00,2020-08-10 00:00:00,27433.48,27791.44,1.3048289899786654
DJIA,2020-08-11 00:00:00,2020-08-12 00:00:00,27686.91,27976.84,1.047173556023407
DJIA,2020-08-21 00:00:00,2020-08-24 00:00:00,27930.33,28308.46,1.3538329121066501
DJIA,2020-09-01 00:00:00,2020-09-02 00:00:00,28645.66,29100.5,1.5878146986314858
DJIA,2020-09-02 00:00:00,2020-09-03 00:00:00,29100.5,28292.73,-2.7757942303396863
DJIA,2020-09-04 00:00:00,2020-09-08 00:00:00,28133.31,27500.89,-2.247940253031022
DJIA,2020-09-08 00:00:00,2020-09-09 00:00:00,27500.89,27940.47,1.598420996556845
DJIA,2020-09-09 00:00:00,2020-09-10 00:00:00,27940.47,27534.58,-1.452695677631763
DJIA,2020-09-11 00:00:00,2020-09-14 00:00:00,27665.64,27993.33,1.1844656404117249
DJIA,2020-09-18 00:00:00,2020-09-21 00:00:00,27657.42,27147.7,-1.8429773999165417
DJIA,2020-09-22 00:00:00,2020-09-23 00:00:00,27288.18,26763.13,-1.9240931421589835
DJIA,2020-09-24 00:00:00,2020-09-25 00:00:00,26815.44,27173.96,1.3369909276148384
DJIA,2020-09-25 00:00:00,2020-09-28 00:00:00,27173.96,27584.06,1.5091653921622106
DJIA,2020-09-29 00:00:00,2020-09-30 00:00:00,27452.66,27781.7,1.1985723787785987
DJIA,2020-10-02 00:00:00,2020-10-05 00:00:00,27682.81,28148.64,1.6827410223167305
DJIA,2020-10-05 00:00:00,2020-10-06 00:00:00,28148.64,27772.76,-1.335339824588332
DJIA,2020-10-06 00:00:00,2020-10-07 00:00:00,27772.76,28303.46,1.9108651786858806
DJIA,2020-10-16 00:00:00,2020-10-19 00:00:00,28606.31,28195.42,-1.4363614181626467
DJIA,2020-10-23 00:00:00,2020-10-26 00:00:00,28335.57,27685.38,-2.2946070963103926
DJIA,2020-10-27 00:00:00,2020-10-28 00:00:00,27463.19,26519.95,-3.4345609523147096
DJIA,2020-10-30 00:00:00,2020-11-02 00:00:00,26501.6,26925.05,1.5978280556645665
DJIA,2020-11-02 00:00:00,2020-11-03 00:00:00,26925.05,27480.03,2.0612032289633615
DJIA,2020-11-03 00:00:00,2020-11-04 00:00:00,27480.03,27847.66,1.337807855377163
DJIA,2020-11-04 00:00:00,2020-11-05 00:00:00,27847.66,28390.18,1.9481708696529634
DJIA,2020-11-06 00:00:00,2020-11-09 00:00:00,28323.4,29157.97,2.9465742107232877
DJIA,2020-11-11 00:00:00,2020-11-12 00:00:00,29397.63,29080.17,-1.0798829701578079
DJIA,2020-11-12 00:00:00,2020-11-13 00:00:00,29080.17,29479.81,1.3742698202933583
DJIA,2020-11-13 00:00:00,2020-11-16 00:00:00,29479.81,29950.44,1.5964485524160343
DJIA,2020-11-17 00:00:00,2020-11-18 00:00:00,29783.35,29438.42,-1.1581302976327388
DJIA,2020-11-20 00:00:00,2020-11-23 00:00:00,29263.48,29591.27,1.1201333539278338
DJIA,2020-11-23 00:00:00,2020-11-24 00:00:00,29591.27,30046.24,1.5375142736354377
DJIA,2020-12-14 00:00:00,2020-12-15 00:00:00,29861.55,30199.31,1.1310866314709118
DJIA,2020-12-31 00:00:00,2021-01-04 00:00:00,30606.48,30223.89,-1.2500294055376513
DJIA,2021-01-05 00:00:00,2021-01-06 00:00:00,30391.6,30829.4,1.440529620026596
DJIA,2021-01-26 00:00:00,2021-01-27 00:00:00,30937.04,30303.17,-2.0489031917727183
DJIA,2021-01-28 00:00:00,2021-01-29 00:00:00,30603.36,29982.62,-2.028339371885968
DJIA,2021-02-01 00:00:00,2021-02-02 00:00:00,30211.91,30687.48,1.5741143145203325
DJIA,2021-02-03 00:00:00,2021-02-04 00:00:00,30723.6,31055.86,1.0814487885534314
DJIA,2021-02-23 00:00:00,2021-02-24 00:00:00,31537.35,31961.86,1.3460547572957209
DJIA,2021-02-24 00:00:00,2021-02-25 00:00:00,31961.86,31402.01,-1.7516189608489687
DJIA,2021-02-25 00:00:00,2021-02-26 00:00:00,31402.01,30932.37,-1.4955730540815682
DJIA,2021-02-26 00:00:00,2021-03-01 00:00:00,30932.37,31535.51,1.9498667577039825
DJIA,2021-03-03 00:00:00,2021-03-04 00:00:00,31270.09,30924.14,-1.1063287633646104
DJIA,2021-03-04 00:00:00,2021-03-05 00:00:00,30924.14,31496.3,1.8502050501646927
DJIA,2021-03-09 00:00:00,2021-03-10 00:00:00,31832.74,32297.02,1.4584983887657765
DJIA,2021-03-25 00:00:00,2021-03-26 00:00:00,32619.48,33072.88,1.3899669767880967
DJIA,2021-04-01 00:00:00,2021-04-05 00:00:00,33153.21,33527.19,1.1280355657868522
DJIA,2021-05-10 00:00:00,2021-05-11 00:00:00,34742.82,34269.16,-1.3633320496148449
DJIA,2021-05-11 00:00:00,2021-05-12 00:00:00,34269.16,33587.66,-1.9886685287879828
DJIA,2021-05-12 00:00:00,2021-05-13 00:00:00,33587.66,34021.45,1.291515991289639
DJIA,2021-05-13 00:00:00,2021-05-14 00:00:00,34021.45,34382.13,1.060154696522342
DJIA,2021-06-17 00:00:00,2021-06-18 00:00:00,33823.45,33290.08,-1.576923702342592
DJIA,2021-06-18 00:00:00,2021-06-21 00:00:00,33290.08,33876.97,1.7629576137996645
DJIA,2021-07-08 00:00:00,2021-07-09 00:00:00,34421.93,34870.16,1.3021640564605272
DJIA,2021-07-16 00:00:00,2021-07-19 00:00:00,34687.85,33962.04,-2.0924041126792168
DJIA,2021-07-19 00:00:00,2021-07-20 00:00:00,33962.04,34511.99,1.6193079096544174
DJIA,2021-08-17 00:00:00,2021-08-18 00:00:00,35343.28,34960.69,-1.0824971536314585
DJIA,2021-09-17 00:00:00,2021-09-20 00:00:00,34584.88,33970.47,-1.7765277774564963
DJIA,2021-09-22 00:00:00,2021-09-23 00:00:00,34258.32,34764.82,1.4784729665669536
DJIA,2021-09-27 00:00:00,2021-09-28 00:00:00,34869.37,34299.99,-1.632894428548622
DJIA,2021-09-29 00:00:00,2021-09-30 00:00:00,34390.72,33843.92,-1.5899638041890454
DJIA,2021-09-30 00:00:00,2021-10-01 00:00:00,33843.92,34326.46,1.425780465147066
DJIA,2021-10-13 00:00:00,2021-10-14 00:00:00,34377.81,34912.56,1.5555092078291202
DJIA,2021-10-14 00:00:00,2021-10-15 00:00:00,34912.56,35294.76,1.0947349607132917
DJIA,2021-11-24 00:00:00,2021-11-26 00:00:00,35804.38,34899.34,-2.5277354334860735
DJIA,2021-11-29 00:00:00,2021-11-30 00:00:00,35135.94,34483.72,-1.8562759385404266
DJIA,2021-11-30 00:00:00,2021-12-01 00:00:00,34483.72,34022.04,-1.3388346732893095
DJIA,2021-12-01 00:00:00,2021-12-02 00:00:00,34022.04,34639.79,1.815734741361776
DJIA,2021-12-03 00:00:00,2021-12-06 00:00:00,34580.08,35227.03,1.870874792655185
DJIA,2021-12-06 00:00:00,2021-12-07 00:00:00,35227.03,35719.43,1.3977902763871988
DJIA,2021-12-14 00:00:00,2021-12-15 00:00:00,35544.18,35927.43,1.0782355930000356
DJIA,2021-12-16 00:00:00,2021-12-17 00:00:00,35897.64,35365.44,-1.4825487135087352
DJIA,2021-12-17 00:00:00,2021-12-20 00:00:00,35365.44,34932.16,-1.225150881764793
DJIA,2021-12-20 00:00:00,2021-12-21 00:00:00,34932.16,35492.7,1.604653133387668
DJIA,2022-01-04 00:00:00,2022-01-05 00:00:00,36799.65,36407.11,-1.0666949278050222
DJIA,2022-01-14 00:00:00,2022-01-18 00:00:00,35911.81,35368.47,-1.5129841687177463
DJIA,2022-01-20 00:00:00,2022-01-21 00:00:00,34715.39,34265.37,-1.2963126728520025
DJIA,2022-01-27 00:00:00,2022-01-28 00:00:00,34160.78,34725.47,1.6530360255240142
DJIA,2022-01-28 00:00:00,2022-01-31 00:00:00,34725.47,35131.86,1.1702937354051635
DJIA,2022-02-02 00:00:00,2022-02-03 00:00:00,35629.33,35111.16,-1.4543355151500132
DJIA,2022-02-07 00:00:00,2022-02-08 00:00:00,35091.13,35462.78,1.0590995502282243
DJIA,2022-02-09 00:00:00,2022-02-10 00:00:00,35768.06,35241.59,-1.47189978992431
DJIA,2022-02-10 00:00:00,2022-02-11 00:00:00,35241.59,34738.06,-1.428794784798299
DJIA,2022-02-14 00:00:00,2022-02-15 00:00:00,34566.17,34988.84,1.2227851682729047
DJIA,2022-02-16 00:00:00,2022-02-17 00:00:00,34934.27,34312.03,-1.7811736154784343
DJIA,2022-02-18 00:00:00,2022-02-22 00:00:00,34079.18,33596.61,-1.416025855082193
DJIA,2022-02-22 00:00:00,2022-02-23 00:00:00,33596.61,33131.76,-1.3836217404077331
DJIA,2022-02-24 00:00:00,2022-02-25 00:00:00,33223.83,34058.75,2.513015507242838
DJIA,2022-02-28 00:00:00,2022-03-01 00:00:00,33892.6,33294.95,-1.7633642742073536
DJIA,2022-03-01 00:00:00,2022-03-02 00:00:00,33294.95,33891.35,1.7912626389287307
DJIA,2022-03-04 00:00:00,2022-03-07 00:00:00,33614.8,32817.38,-2.3722288991753793
DJIA,2022-03-08 00:00:00,2022-03-09 00:00:00,32632.64,33286.25,2.0029332594604687
DJIA,2022-03-14 00:00:00,2022-03-15 00:00:00,32945.24,33544.34,1.8184721070479335
DJIA,2022-03-15 00:00:00,2022-03-16 00:00:00,33544.34,34063.1,1.546490406429228
DJIA,2022-03-16 00:00:00,2022-03-17 00:00:00,34063.1,34480.76,1.2261362001696954
DJIA,2022-03-22 00:00:00,2022-03-23 00:00:00,34807.46,34358.5,-1.2898384426786647
DJIA,2022-03-23 00:00:00,2022-03-24 00:00:00,34358.5,34707.94,1.01704090690805
DJIA,2022-03-30 00:00:00,2022-03-31 00:00:00,35228.81,34678.35,-1.5625279423290177
DJIA,2022-04-08 00:00:00,2022-04-11 00:00:00,34721.12,34308.08,-1.189592962439002
DJIA,2022-04-12 00:00:00,2022-04-13 00:00:00,34220.36,34564.59,1.0059216209297503
DJIA,2022-04-18 00:00:00,2022-04-19 00:00:00,34411.69,34911.2,1.4515706726405901
DJIA,2022-04-20 00:00:00,2022-04-21 00:00:00,35160.79,34792.76,-1.046705719638264
DJIA,2022-04-21 00:00:00,2022-04-22 00:00:00,34792.76,33811.4,-2.8205868117389956
DJIA,2022-04-25 00:00:00,2022-04-26 00:00:00,34049.46,33240.18,-2.376777781497853
DJIA,2022-04-27 00:00:00,2022-04-28 00:00:00,33301.93,33916.39,1.8451182859371789
DJIA,2022-04-28 00:00:00,2022-04-29 00:00:00,33916.39,32977.21,-2.7691036693468862
DJIA,2022-05-03 00:00:00,2022-05-04 00:00:00,33128.79,34061.06,2.814078026997052
DJIA,2022-05-04 00:00:00,2022-05-05 00:00:00,34061.06,32997.97,-3.1211301116289296
DJIA,2022-05-06 00:00:00,2022-05-09 00:00:00,32899.37,32245.7,-1.9868769523550205
DJIA,2022-05-10 00:00:00,2022-05-11 00:00:00,32160.74,31834.11,-1.015617177962948
DJIA,2022-05-12 00:00:00,2022-05-13 00:00:00,31730.3,32196.66,1.4697623407279496
DJIA,2022-05-16 00:00:00,2022-05-17 00:00:00,32223.42,32654.59,1.338064054032756
DJIA,2022-05-17 00:00:00,2022-05-18 00:00:00,32654.59,31490.07,-3.5661755361191196
DJIA,2022-05-20 00:00:00,2022-05-23 00:00:00,31261.9,31880.24,1.977934802427236
DJIA,2022-05-25 00:00:00,2022-05-26 00:00:00,32120.28,32637.19,1.6092948131211804
DJIA,2022-05-26 00:00:00,2022-05-27 00:00:00,32637.19,33212.96,1.7641531026414974
DJIA,2022-06-01 00:00:00,2022-06-02 00:00:00,32813.23,33248.28,1.3258371699463771
DJIA,2022-06-02 00:00:00,2022-06-03 00:00:00,33248.28,32899.7,-1.0484151360611789
DJIA,2022-06-08 00:00:00,2022-06-09 00:00:00,32910.9,32272.79,-1.9389017012600707
DJIA,2022-06-09 00:00:00,2022-06-10 00:00:00,32272.79,31392.79,-2.7267552634897694
DJIA,2022-06-10 00:00:00,2022-06-13 00:00:00,31392.79,30516.74,-2.790608926444573
DJIA,2022-06-14 00:00:00,2022-06-15 00:00:00,30364.83,30668.53,1.0001702627678042
DJIA,2022-06-15 00:00:00,2022-06-16 00:00:00,30668.53,29927.07,-2.417657448857181
DJIA,2022-06-17 00:00:00,2022-06-21 00:00:00,29888.78,30530.25,2.146189974967199
DJIA,2022-06-23 00:00:00,2022-06-24 00:00:00,30677.36,31500.68,2.683803299892819
DJIA,2022-06-27 00:00:00,2022-06-28 00:00:00,31438.26,30946.99,-1.5626500957750107
DJIA,2022-06-30 00:00:00,2022-07-01 00:00:00,30775.43,31097.26,1.0457368101761635
DJIA,2022-07-06 00:00:00,2022-07-07 00:00:00,31037.68,31384.55,1.117577086947217
DJIA,2022-07-14 00:00:00,2022-07-15 00:00:00,30630.17,31288.26,2.1485026038053334
DJIA,2022-07-18 00:00:00,2022-07-19 00:00:00,31072.61,31827.05,2.427990439168125
DJIA,2022-07-26 00:00:00,2022-07-27 00:00:00,31761.54,32197.59,1.3728868310541593
DJIA,2022-07-27 00:00:00,2022-07-28 00:00:00,32197.59,32529.63,1.0312573083886118
DJIA,2022-08-01 00:00:00,2022-08-02 00:00:00,32798.4,32396.17,-1.22637079857555
DJIA,2022-08-02 00:00:00,2022-08-03 00:00:00,32396.17,32812.5,1.285121049803115
DJIA,2022-08-09 00:00:00,2022-08-10 00:00:00,32774.41,33309.51,1.6326762251402802
DJIA,2022-08-11 00:00:00,2022-08-12 00:00:00,33336.67,33761.05,1.2730125714416127
DJIA,2022-08-19 00:00:00,2022-08-22 00:00:00,33706.74,33063.61,-1.9080160229081704
DJIA,2022-08-25 00:00:00,2022-08-26 00:00:00,33291.78,32283.4,-3.028915846494232
DJIA,2022-09-01 00:00:00,2022-09-02 00:00:00,31656.42,31318.44,-1.0676507324580593
DJIA,2022-09-06 00:00:00,2022-09-07 00:00:00,31145.3,31581.28,1.3998259769531827
DJIA,2022-09-08 00:00:00,2022-09-09 00:00:00,31774.52,32151.71,1.1870832352463505
DJIA,2022-09-12 00:00:00,2022-09-13 00:00:00,32381.34,31104.97,-3.9416836980804346
DJIA,2022-09-19 00:00:00,2022-09-20 00:00:00,31019.68,30706.23,-1.0104875356547867
DJIA,2022-09-20 00:00:00,2022-09-21 00:00:00,30706.23,30183.78,-1.701446253740693
DJIA,2022-09-22 00:00:00,2022-09-23 00:00:00,30076.68,29590.41,-1.6167675421622347
DJIA,2022-09-23 00:00:00,2022-09-26 00:00:00,29590.41,29260.81,-1.1138743937647317
DJIA,2022-09-27 00:00:00,2022-09-28 00:00:00,29134.99,29683.74,1.8834741319629762
DJIA,2022-09-28 00:00:00,2022-09-29 00:00:00,29683.74,29225.61,-1.543370208740546
DJIA,2022-09-29 00:00:00,2022-09-30 00:00:00,29225.61,28725.51,-1.7111704426357641
DJIA,2022-09-30 00:00:00,2022-10-03 00:00:00,28725.51,29490.89,2.664460961702685
DJIA,2022-10-03 00:00:00,2022-10-04 00:00:00,29490.89,30316.32,2.7989321448081093
DJIA,2022-10-05 00:00:00,2022-10-06 00:00:00,30273.87,29926.94,-1.1459717571622006
DJIA,2022-10-06 00:00:00,2022-10-07 00:00:00,29926.94,29296.79,-2.1056279058266494
DJIA,2022-10-12 00:00:00,2022-10-13 00:00:00,29210.85,30038.72,2.8341181444566064
DJIA,2022-10-13 00:00:00,2022-10-14 00:00:00,30038.72,29634.83,-1.3445646152698898
DJIA,2022-10-14 00:00:00,2022-10-17 00:00:00,29634.83,30185.82,1.8592649257647098
DJIA,2022-10-17 00:00:00,2022-10-18 00:00:00,30185.82,30523.8,1.1196647962520134
DJIA,2022-10-20 00:00:00,2022-10-21 00:00:00,30333.59,31082.56,2.469110975654386
DJIA,2022-10-21 00:00:00,2022-10-24 00:00:00,31082.56,31499.62,1.341781371933321
DJIA,2022-10-24 00:00:00,2022-10-25 00:00:00,31499.62,31836.74,1.0702351329952635
DJIA,2022-10-27 00:00:00,2022-10-28 00:00:00,32033.28,32861.8,2.5864351074882252
DJIA,2022-11-01 00:00:00,2022-11-02 00:00:00,32653.2,32147.76,-1.547903421410466
DJIA,2022-11-03 00:00:00,2022-11-04 00:00:00,32001.25,32403.22,1.2561071833131554
DJIA,2022-11-04 00:00:00,2022-11-07 00:00:00,32403.22,32827.0,1.3078329869685754
DJIA,2022-11-07 00:00:00,2022-11-08 00:00:00,32827.0,33160.83,1.0169372772413006
DJIA,2022-11-08 00:00:00,2022-11-09 00:00:00,33160.83,32513.94,-1.9507654060528734
DJIA,2022-11-09 00:00:00,2022-11-10 00:00:00,32513.94,33715.37,3.695122768880068
DJIA,2022-11-21 00:00:00,2022-11-22 00:00:00,33700.28,34098.1,1.1804649694305203
DJIA,2022-11-25 00:00:00,2022-11-28 00:00:00,34347.03,33849.46,-1.4486550947782086
DJIA,2022-11-29 00:00:00,2022-11-30 00:00:00,33852.53,34589.77,2.1777988233080303
DJIA,2022-12-02 00:00:00,2022-12-05 00:00:00,34429.88,33947.1,-1.402212264463306
DJIA,2022-12-05 00:00:00,2022-12-06 00:00:00,33947.1,33596.34,-1.0332546815486507
DJIA,2022-12-09 00:00:00,2022-12-12 00:00:00,33476.46,34005.04,1.578960260433755
DJIA,2022-12-14 00:00:00,2022-12-15 00:00:00,33966.35,33202.22,-2.2496676858125686
DJIA,2022-12-20 00:00:00,2022-12-21 00:00:00,32849.74,33376.48,1.6034830108244549
DJIA,2022-12-21 00:00:00,2022-12-22 00:00:00,33376.48,33027.49,-1.0456165539326052
DJIA,2022-12-27 00:00:00,2022-12-28 00:00:00,33241.56,32875.71,-1.1005801171786118
DJIA,2022-12-28 00:00:00,2022-12-29 00:00:00,32875.71,33220.8,1.0496807521419425
DJIA,2023-01-04 00:00:00,2023-01-05 00:00:00,33269.77,32930.08,-1.021016977273949
DJIA,2023-01-05 00:00:00,2023-01-06 00:00:00,32930.08,33630.61,2.127325533372524
DJIA,2023-01-13 00:00:00,2023-01-17 00:00:00,34302.61,33910.85,-1.1420705304931666
DJIA,2023-01-17 00:00:00,2023-01-18 00:00:00,33910.85,33296.96,-1.810305551173148
DJIA,2023-01-19 00:00:00,2023-01-20 00:00:00,33044.56,33375.49,1.0014658993795054
DJIA,2023-01-30 00:00:00,2023-01-31 00:00:00,33717.09,34086.04,1.094252202666376
DJIA,2023-02-10 00:00:00,2023-02-13 00:00:00,33869.27,34245.93,1.1120995521899455
DJIA,2023-02-15 00:00:00,2023-02-16 00:00:00,34128.05,33696.85,-1.2634768174566209
DJIA,2023-02-17 00:00:00,2023-02-21 00:00:00,33826.69,33129.59,-2.060798736145942
DJIA,2023-02-23 00:00:00,2023-02-24 00:00:00,33153.91,32816.92,-1.0164411980366876
DJIA,2023-03-01 00:00:00,2023-03-02 00:00:00,32661.84,33003.57,1.0462668361610967
DJIA,2023-03-02 00:00:00,2023-03-03 00:00:00,33003.57,33390.97,1.1738124087788122
DJIA,2023-03-06 00:00:00,2023-03-07 00:00:00,33431.44,32856.46,-1.7198780549088017
DJIA,2023-03-08 00:00:00,2023-03-09 00:00:00,32798.4,32254.86,-1.6572149860968852
DJIA,2023-03-09 00:00:00,2023-03-10 00:00:00,32254.86,31909.64,-1.070288322441955
DJIA,2023-03-13 00:00:00,2023-03-14 00:00:00,31819.14,32155.4,1.0567853185221288
DJIA,2023-03-15 00:00:00,2023-03-16 00:00:00,31874.57,32246.55,1.1670118216496712
DJIA,2023-03-16 00:00:00,2023-03-17 00:00:00,32246.55,31861.98,-1.192592695962823
DJIA,2023-03-17 00:00:00,2023-03-20 00:00:00,31861.98,32244.58,1.200804218695769
DJIA,2023-03-21 00:00:00,2023-03-22 00:00:00,32560.6,32030.11,-1.6292390189369912
DJIA,2023-03-30 00:00:00,2023-03-31 00:00:00,32859.03,33274.15,1.2633361362158366
DJIA,2023-04-12 00:00:00,2023-04-13 00:00:00,33646.5,34029.69,1.1388703134055618
DJIA,2023-04-24 00:00:00,2023-04-25 00:00:00,33875.4,33530.83,-1.017168800958807
DJIA,2023-04-26 00:00:00,2023-04-27 00:00:00,33301.87,33826.16,1.5743560346611192
DJIA,2023-05-01 00:00:00,2023-05-02 00:00:00,34051.7,33684.53,-1.0782721567498783
DJIA,2023-05-04 00:00:00,2023-05-05 00:00:00,33127.74,33674.38,1.6500974711827594
DJIA,2023-05-15 00:00:00,2023-05-16 00:00:00,33348.6,33012.14,-1.008917915594655
DJIA,2023-05-16 00:00:00,2023-05-17 00:00:00,33012.14,33420.77,1.2378173605225151
DJIA,2023-05-25 00:00:00,2023-05-26 00:00:00,32764.65,33093.34,1.0031848348753765
DJIA,2023-06-01 00:00:00,2023-06-02 00:00:00,33061.57,33762.76,2.1208611690249506
DJIA,2023-06-14 00:00:00,2023-06-15 00:00:00,33979.33,34408.06,1.2617376505069284
DJIA,2023-07-05 00:00:00,2023-07-06 00:00:00,34288.64,33922.26,-1.068517153202919
DJIA,2023-07-17 00:00:00,2023-07-18 00:00:00,34585.35,34951.93,1.0599285535638694
DJIA,2023-08-04 00:00:00,2023-08-07 00:00:00,35065.62,35473.13,1.1621354477690533
DJIA,2023-08-14 00:00:00,2023-08-15 00:00:00,35307.63,34946.39,-1.0231216312168163
DJIA,2023-08-23 00:00:00,2023-08-24 00:00:00,34472.98,34099.42,-1.0836312961629802
DJIA,2023-09-20 00:00:00,2023-09-21 00:00:00,34440.88,34070.42,-1.0756403436845956
DJIA,2023-09-25 00:00:00,2023-09-26 00:00:00,34006.88,33618.88,-1.140945596890982
DJIA,2023-10-02 00:00:00,2023-10-03 00:00:00,33433.35,33002.38,-1.2890422287925116
DJIA,2023-10-26 00:00:00,2023-10-27 00:00:00,32784.3,32417.59,-1.1185536979590924
DJIA,2023-10-27 00:00:00,2023-10-30 00:00:00,32417.59,32928.96,1.5774460717160006
DJIA,2023-11-01 00:00:00,2023-11-02 00:00:00,33274.58,33839.08,1.6964902336858947
DJIA,2023-11-09 00:00:00,2023-11-10 00:00:00,33891.94,34283.1,1.1541387126260585
DJIA,2023-11-13 00:00:00,2023-11-14 00:00:00,34337.87,34827.7,1.42650082838567
DJIA,2023-11-29 00:00:00,2023-11-30 00:00:00,35430.42,35950.89,1.4689919001806955
DJIA,2023-12-12 00:00:00,2023-12-13 00:00:00,36577.94,37090.24,1.400570945219976
DJIA,2023-12-19 00:00:00,2023-12-20 00:00:00,37557.92,37082.0,-1.2671628247783644
DJIA,2024-01-18 00:00:00,2024-01-19 00:00:00,37468.61,37863.8,1.0547228733598666
DJIA,2024-02-12 00:00:00,2024-02-13 00:00:00,38797.38,38272.75,-1.352230485666809
DJIA,2024-02-21 00:00:00,2024-02-22 00:00:00,38612.24,39069.11,1.1832258371956732
DJIA,2024-03-04 00:00:00,2024-03-05 00:00:00,38989.83,38585.19,-1.037809090216601
DJIA,2024-03-19 00:00:00,2024-03-20 00:00:00,39110.76,39512.13,1.0262393264666687
DJIA,2024-03-26 00:00:00,2024-03-27 00:00:00,39282.33,39760.08,1.2161956788204773
DJIA,2024-04-01 00:00:00,2024-04-02 00:00:00,39566.85,39170.24,-1.002379517196847
DJIA,2024-04-03 00:00:00,2024-04-04 00:00:00,39127.14,38596.98,-1.3549674215902217
DJIA,2024-04-09 00:00:00,2024-04-10 00:00:00,38883.67,38461.51,-1.0856999866524848
DJIA,2024-04-11 00:00:00,2024-04-12 00:00:00,38459.08,37983.24,-1.2372630858564577
DJIA,2024-04-29 00:00:00,2024-04-30 00:00:00,38386.09,37815.92,-1.4853557629860146
DJIA,2024-05-02 00:00:00,2024-05-03 00:00:00,38225.66,38675.68,1.1772720209408987
DJIA,2024-05-22 00:00:00,2024-05-23 00:00:00,39671.04,39065.26,-1.5270081147355825
DJIA,2024-05-28 00:00:00,2024-05-29 00:00:00,38852.86,38441.54,-1.0586608038636016
DJIA,2024-05-30 00:00:00,2024-05-31 00:00:00,38111.48,38686.32,1.5083119312081201
DJIA,2024-07-09 00:00:00,2024-07-10 00:00:00,39291.97,39721.36,1.092818710795105
DJIA,2024-07-15 00:00:00,2024-07-16 00:00:00,40211.72,40954.48,1.8471231770240168
DJIA,2024-07-17 00:00:00,2024-07-18 00:00:00,41198.08,40665.02,-1.2938952494873666
DJIA,2024-07-23 00:00:00,2024-07-24 00:00:00,40358.09,39853.87,-1.2493653688764605
DJIA,2024-07-25 00:00:00,2024-07-26 00:00:00,39935.07,40589.34,1.638334426357577
DJIA,2024-07-31 00:00:00,2024-08-01 00:00:00,40842.79,40347.97,-1.2115235026794196
DJIA,2024-08-01 00:00:00,2024-08-02 00:00:00,40347.97,39737.26,-1.513607747799949
DJIA,2024-08-02 00:00:00,2024-08-05 00:00:00,39737.26,38703.27,-2.602066674954451
DJIA,2024-08-07 00:00:00,2024-08-08 00:00:00,38763.45,39446.49,1.7620722613699271
DJIA,2024-08-12 00:00:00,2024-08-13 00:00:00,39357.01,39765.64,1.0382648478631822
DJIA,2024-08-14 00:00:00,2024-08-15 00:00:00,40008.39,40563.06,1.3863842059128055
DJIA,2024-08-22 00:00:00,2024-08-23 00:00:00,40712.78,41175.08,1.1355156783693054
DJIA,2024-08-30 00:00:00,2024-09-03 00:00:00,41563.08,40936.93,-1.5065052926780242
DJIA,2024-09-05 00:00:00,2024-09-06 00:00:00,40755.75,40345.41,-1.0068272575035337
DJIA,2024-09-06 00:00:00,2024-09-09 00:00:00,40345.41,40829.59,1.2000869491721438
DJIA,2024-09-18 00:00:00,2024-09-19 00:00:00,41503.1,42025.19,1.2579542251060856
DJIA,2024-10-08 00:00:00,2024-10-09 00:00:00,42080.37,42512.0,1.02572767302188
DJIA,2024-11-04 00:00:00,2024-11-05 00:00:00,41794.6,42221.88,1.0223330286687726
DJIA,2024-11-05 00:00:00,2024-11-06 00:00:00,42221.88,43729.93,3.571726318202797
DJIA,2024-11-20 00:00:00,2024-11-21 00:00:00,43408.47,43870.35,1.06403197348351
DJIA,2024-12-17 00:00:00,2024-12-18 00:00:00,43449.9,42326.87,-2.5846549704372133
DJIA,2024-12-19 00:00:00,2024-12-20 00:00:00,42342.24,42840.26,1.176177736463645
DJIA,2025-01-08 00:00:00,2025-01-10 00:00:00,42635.2,41938.45,-1.6342130446204077
DJIA,2025-01-14 00:00:00,2025-01-15 00:00:00,42518.28,43221.55,1.6540415087346056
DJIA,2025-01-17 00:00:00,2025-01-21 00:00:00,43487.83,44025.81,1.2370817306818847
DJIA,2025-02-19 00:00:00,2025-02-20 00:00:00,44627.59,44176.65,-1.0104511581288504
DJIA,2025-02-20 00:00:00,2025-02-21 00:00:00,44176.65,43428.02,-1.6946282708172862
DJIA,2025-02-27 00:00:00,2025-02-28 00:00:00,43239.5,43840.91,1.3908810231385735
DJIA,2025-02-28 00:00:00,2025-03-03 00:00:00,43840.91,43191.24,-1.4818807365084472
DJIA,2025-03-03 00:00:00,2025-03-04 00:00:00,43191.24,42520.99,-1.5518193040996278
DJIA,2025-03-04 00:00:00,2025-03-05 00:00:00,42520.99,43006.59,1.1420242096903166
DJIA,2025-03-07 00:00:00,2025-03-10 00:00:00,42801.72,41911.71,-2.079379052991333
DJIA,2025-03-10 00:00:00,2025-03-11 00:00:00,41911.71,41433.48,-1.1410414893594079
DJIA,2025-03-12 00:00:00,2025-03-13 00:00:00,41350.93,40813.57,-1.2995112806410898
DJIA,2025-03-13 00:00:00,2025-03-14 00:00:00,40813.57,41488.19,1.6529306306701488
DJIA,2025-03-21 00:00:00,2025-03-24 00:00:00,41985.35,42583.32,1.4242348819290567
DJIA,2025-03-27 00:00:00,2025-03-28 00:00:00,42299.7,41583.9,-1.6922105830537704
DJIA,2025-03-28 00:00:00,2025-03-31 00:00:00,41583.9,42001.76,1.0048600540112893
DJIA,2025-04-02 00:00:00,2025-04-03 00:00:00,42225.32,40545.93,-3.977210829900163
DJIA,2025-04-03 00:00:00,2025-04-04 00:00:00,40545.93,38314.86,-5.502574487747598
DJIA,2025-04-08 00:00:00,2025-04-09 00:00:00,37645.59,40608.45,7.87040394372887
DJIA,2025-04-09 00:00:00,2025-04-10 00:00:00,40608.45,39593.66,-2.498962654324392
DJIA,2025-04-10 00:00:00,2025-04-11 00:00:00,39593.66,40212.71,1.5635078949508472
DJIA,2025-04-15 00:00:00,2025-04-16 00:00:00,40368.96,39669.39,-1.7329403581365477
DJIA,2025-04-16 00:00:00,2025-04-17 00:00:00,39669.39,39142.23,-1.3288835548013123
DJIA,2025-04-17 00:00:00,2025-04-21 00:00:00,39142.23,38170.41,-2.482791603850878
DJIA,2025-04-21 00:00:00,2025-04-22 00:00:00,38170.41,39186.98,2.6632409764527014
DJIA,2025-04-22 00:00:00,2025-04-23 00:00:00,39186.98,39606.57,1.0707382911364858
DJIA,2025-04-23 00:00:00,2025-04-24 00:00:00,39606.57,40093.4,1.2291647572612368
DJIA,2025-05-01 00:00:00,2025-05-02 00:00:00,40752.96,41317.43,1.3851018429090822
DJIA,2025-05-09 00:00:00,2025-05-12 00:00:00,41249.38,42410.1,2.813908960571047
DJIA,2025-05-20 00:00:00,2025-05-21 00:00:00,42677.24,41860.44,-1.9139007114799262
DJIA,2025-05-23 00:00:00,2025-05-27 00:00:00,41603.07,42343.65,1.780109015993295
DJIA,2025-06-05 00:00:00,2025-06-06 00:00:00,42319.74,42762.87,1.0471000058129012
DJIA,2025-06-12 00:00:00,2025-06-13 00:00:00,42967.62,42197.79,-1.791651480812765
DJIA,2025-06-23 00:00:00,2025-06-24 00:00:00,42581.78,43089.02,1.1912137068952917
DJIA,2025-07-22 00:00:00,2025-07-23 00:00:00,44502.44,45010.29,1.1411733828527122
DJIA,2025-07-31 00:00:00,2025-08-01 00:00:00,44130.98,43588.58,-1.2290685590938644
DJIA,2025-08-01 00:00:00,2025-08-04 00:00:00,43588.58,44173.64,1.3422323002951637
DJIA,2025-08-11 00:00:00,2025-08-12 00:00:00,43975.09,44458.61,1.09953157571708
DJIA,2025-08-12 00:00:00,2025-08-13 00:00:00,44458.61,44922.27,1.0429026008685296
DJIA,2025-08-21 00:00:00,2025-08-22 00:00:00,44785.5,45631.74,1.8895401413403845
DJIA,2025-09-10 00:00:00,2025-09-11 00:00:00,45490.92,46108.0,1.3564904820566428
DJIA,2025-10-09 00:00:00,2025-10-10 00:00:00,46358.42,45479.6,-1.8957074033152979
DJIA,2025-10-10 00:00:00,2025-10-13 00:00:00,45479.6,46067.58,1.2928433847263459
DJIA,2025-10-17 00:00:00,2025-10-20 00:00:00,46190.61,46706.58,1.1170452176318977
DJIA,2025-10-23 00:00:00,2025-10-24 00:00:00,46734.61,47207.12,1.011049412844147
DJIA,2025-11-10 00:00:00,2025-11-11 00:00:00,47368.63,47927.96,1.1808025691264488
DJIA,2025-11-12 00:00:00,2025-11-13 00:00:00,48254.82,47457.22,-1.6528918769150907
DJIA,2025-11-14 00:00:00,2025-11-17 00:00:00,47147.48,46590.24,-1.1819083437757547
DJIA,2025-11-17 00:00:00,2025-11-18 00:00:00,46590.24,46091.74,-1.0699665852762295
DJIA,2025-11-20 00:00:00,2025-11-21 00:00:00,45752.26,46245.41,1.0778702516553311
DJIA,2025-11-24 00:00:00,2025-11-25 00:00:00,46448.27,47112.45,1.4299348501031368
DJIA,2025-12-09 00:00:00,2025-12-10 00:00:00,47560.29,48057.75,1.045956616328452
DJIA,2025-12-10 00:00:00,2025-12-11 00:00:00,48057.75,48704.01,1.344757089127148
DJIA,2026-01-02 00:00:00,2026-01-05 00:00:00,48382.39,48977.18,1.229352249857853
DJIA,2026-01-16 00:00:00,2026-01-20 00:00:00,49359.33,48488.59,-1.7640839128083892
DJIA,2026-01-20 00:00:00,2026-01-21 00:00:00,48488.59,49077.23,1.2139763189649497
DJIA,2026-01-30 00:00:00,2026-02-02 00:00:00,48892.47,49407.66,1.0537205422430127
DJIA,2026-02-04 00:00:00,2026-02-05 00:00:00,49501.3,48908.72,-1.1970998741447227
DJIA,2026-02-05 00:00:00,2026-02-06 00:00:00,48908.72,50115.67,2.4677603503015355
DJIA,2026-02-11 00:00:00,2026-02-12 00:00:00,50121.4,49451.98,-1.335597170071064
DJIA,2026-02-20 00:00:00,2026-02-23 00:00:00,49625.97,48804.06,-1.6562094403394099
DJIA,2026-02-26 00:00:00,2026-02-27 00:00:00,49499.2,48977.92,-1.0531079290170324
DJIA,2026-03-04 00:00:00,2026-03-05 00:00:00,48739.41,47954.74,-1.6099292133409195
DJIA,2026-03-11 00:00:00,2026-03-12 00:00:00,47417.27,46677.85,-1.559389648539442
DJIA,2026-03-17 00:00:00,2026-03-18 00:00:00,46993.26,46225.15,-1.63451099157624
DJIA,2026-03-20 00:00:00,2026-03-23 00:00:00,45577.47,46208.47,1.3844559603681381
DJIA,2026-03-25 00:00:00,2026-03-26 00:00:00,46429.49,45960.11,-1.0109523063897479
DJIA,2026-03-26 00:00:00,2026-03-27 00:00:00,45960.11,45166.64,-1.7264318993144296
DJIA,2026-03-30 00:00:00,2026-03-31 00:00:00,45216.14,46341.51,2.488867913094755
DJIA,2026-04-07 00:00:00,2026-04-08 00:00:00,46584.46,47909.92,2.845283598865371
DJIA,2026-04-16 00:00:00,2026-04-17 00:00:00,48578.72,49447.43,1.7882521400316826
DJIA,2026-04-29 00:00:00,2026-04-30 00:00:00,48861.81,49652.14,1.617479991019575
DJIA,2026-05-01 00:00:00,2026-05-04 00:00:00,49499.27,48941.9,-1.1260166059014514
DJIA,2026-05-05 00:00:00,2026-05-06 00:00:00,49298.25,49910.59,1.2421130567515002
DJIA,2026-05-14 00:00:00,2026-05-15 00:00:00,50063.46,49526.17,-1.0732178718770156
DJIA,2026-05-19 00:00:00,2026-05-20 00:00:00,49363.88,50009.35,1.3075754985224037
DJIA,2026-06-02 00:00:00,2026-06-03 00:00:00,51307.79,50687.07,-1.2097967969386347
DJIA,2026-06-03 00:00:00,2026-06-04 00:00:00,50687.07,51561.93,1.7260023118321903
DJIA,2026-06-04 00:00:00,2026-06-05 00:00:00,51561.93,50866.78,-1.3481846005376477
DJIA,2026-06-09 00:00:00,2026-06-10 00:00:00,50872.11,49918.78,-1.8739737746281837
DJIA,2026-06-10 00:00:00,2026-06-11 00:00:00,49918.78,50848.75,1.862966202299017
DJIA,2026-07-01 00:00:00,2026-07-02 00:00:00,52305.24,52900.07,1.137228315939286
DJIA,2026-07-07 00:00:00,2026-07-08 00:00:00,52925.15,52348.39,-1.0897654517748216
DJIA,2026-07-27 00:00:00,2026-07-28 00:00:00,52210.08,52747.32,1.0289966994879112
DJIA,2026-07-28 00:00:00,2026-07-29 00:00:00,52747.32,51594.14,-2.1862342958846064
DJIA,2026-07-29 00:00:00,2026-07-30 00:00:00,51594.14,52208.06,1.1899025742070675
DJIA,2026-07-31 00:00:00,2026-08-03 00:00:00,52485.03,53178.41,1.3211005118983539
DJIA,2026-08-03 00:00:00,2026-08-04 00:00:00,53178.41,54085.88,1.7064632056505522
DJIA,2026-08-19 00:00:00,2026-08-20 00:00:00,53463.05,52759.21,-1.3164980299477933
DJIA,2026-09-02 00:00:00,2026-09-03 00:00:00,53061.95,53686.11,1.1762854550200352
DJIA,2026-09-04 00:00:00,2026-09-08 00:00:00,53414.25,52786.07,-1.1760532067753462
DJIA,2018-10-04 00:00:00,2018-10-11 00:00:00,26627.48,25052.83,-5.913627575722516
DJIA,2018-11-23 00:00:00,2018-11-30 00:00:00,24285.95,25538.46,5.157344061072341
DJIA,2018-12-14 00:00:00,2018-12-21 00:00:00,24100.51,22445.37,-6.867655497746726
DJIA,2020-02-18 00:00:00,2020-02-25 00:00:00,29232.19,27081.36,-7.357745006446654
DJIA,2020-03-10 00:00:00,2020-03-17 00:00:00,25018.16,21237.38,-15.112142539659187
DJIA,2020-03-24 00:00:00,2020-03-31 00:00:00,20704.91,21917.16,5.85489142430467
DJIA,2020-04-07 00:00:00,2020-04-14 00:00:00,22653.86,23949.76,5.720437929783259
DJIA,2020-06-02 00:00:00,2020-06-09 00:00:00,25742.65,27272.3,5.942084439636159
DJIA,2020-11-03 00:00:00,2020-11-10 00:00:00,27480.03,29420.92,7.062910775570476
DJIA,2022-06-07 00:00:00,2022-06-14 00:00:00,33180.14,30364.83,-8.484925018399554
DJIA,2022-09-20 00:00:00,2022-09-27 00:00:00,30706.23,29134.99,-5.117007200167516
DJIA,2025-03-28 00:00:00,2025-04-04 00:00:00,41583.9,38314.86,-7.861311709579912
DJIA,2025-04-11 00:00:00,2025-04-21 00:00:00,40212.71,38170.41,-5.078742516980316
DJIA,2025-04-21 00:00:00,2025-04-28 00:00:00,38170.41,40227.59,5.38946267540745
NASDAQCOM,1971-02-19 00:00:00,1971-02-22 00:00:00,100.7,99.68,-1.012909632571992
NASDAQCOM,1971-05-14 00:00:00,1971-05-17 00:00:00,110.74,109.15,-1.4357955571609078
NASDAQCOM,1971-06-17 00:00:00,1971-06-18 00:00:00,109.44,108.16,-1.1695906432748548
NASDAQCOM,1971-06-18 00:00:00,1971-06-21 00:00:00,108.16,106.5,-1.5347633136094643
NASDAQCOM,1971-07-27 00:00:00,1971-07-28 00:00:00,108.57,107.45,-1.0315925209542143
NASDAQCOM,1971-07-28 00:00:00,1971-07-29 00:00:00,107.45,105.81,-1.5262912982782695
NASDAQCOM,1971-08-02 00:00:00,1971-08-03 00:00:00,105.59,104.41,-1.1175300691353414
NASDAQCOM,1971-08-03 00:00:00,1971-08-04 00:00:00,104.41,103.26,-1.1014270663729446
NASDAQCOM,1971-08-10 00:00:00,1971-08-11 00:00:00,103.04,104.08,1.0093167701863277
NASDAQCOM,1971-08-11 00:00:00,1971-08-12 00:00:00,104.08,105.21,1.0857033051498803
NASDAQCOM,1971-08-13 00:00:00,1971-08-16 00:00:00,105.44,107.86,2.295144157814873
NASDAQCOM,1971-10-19 00:00:00,1971-10-20 00:00:00,107.99,106.58,-1.3056764515232862
NASDAQCOM,1971-10-26 00:00:00,1971-10-27 00:00:00,105.69,104.28,-1.3340902639795598
NASDAQCOM,1971-10-29 00:00:00,1971-11-01 00:00:00,105.1,103.69,-1.3415794481446208
NASDAQCOM,1971-11-02 00:00:00,1971-11-03 00:00:00,103.54,105.01,1.419741162835618
NASDAQCOM,1971-11-10 00:00:00,1971-11-11 00:00:00,104.86,103.74,-1.0680907877169603
NASDAQCOM,1971-11-19 00:00:00,1971-11-22 00:00:00,102.95,101.79,-1.1267605633802782
NASDAQCOM,1971-11-22 00:00:00,1971-11-23 00:00:00,101.79,100.31,-1.4539738677669751
NASDAQCOM,1971-11-24 00:00:00,1971-11-26 00:00:00,100.4,101.64,1.2350597609561702
NASDAQCOM,1971-11-26 00:00:00,1971-11-29 00:00:00,101.64,103.08,1.4167650531286873
NASDAQCOM,1971-11-30 00:00:00,1971-12-01 00:00:00,103.97,105.06,1.04837934019429
NASDAQCOM,1971-12-01 00:00:00,1971-12-02 00:00:00,105.06,106.15,1.0375023795926168
NASDAQCOM,1971-12-02 00:00:00,1971-12-03 00:00:00,106.15,107.26,1.0456900612341022
NASDAQCOM,1971-12-30 00:00:00,1971-12-31 00:00:00,112.97,114.12,1.0179693723997572
NASDAQCOM,1972-03-20 00:00:00,1972-03-21 00:00:00,127.53,125.73,-1.4114326040931524
NASDAQCOM,1972-04-18 00:00:00,1972-04-19 00:00:00,134.1,132.68,-1.0589112602535329
NASDAQCOM,1972-05-08 00:00:00,1972-05-09 00:00:00,128.62,125.78,-2.208054734877938
NASDAQCOM,1972-05-11 00:00:00,1972-05-12 00:00:00,127.95,129.44,1.1645173896053105
NASDAQCOM,1972-05-18 00:00:00,1972-05-19 00:00:00,130.82,132.16,1.024308209753863
NASDAQCOM,1972-09-26 00:00:00,1972-09-27 00:00:00,127.07,128.55,1.1647123632643568
NASDAQCOM,1972-10-13 00:00:00,1972-10-16 00:00:00,127.19,125.87,-1.0378174384778625
NASDAQCOM,1972-10-31 00:00:00,1972-11-01 00:00:00,130.24,131.59,1.036547911547907
NASDAQCOM,1972-12-27 00:00:00,1972-12-29 00:00:00,131.93,133.73,1.364359887819285
NASDAQCOM,1973-01-12 00:00:00,1973-01-15 00:00:00,136.01,134.6,-1.036688478788322
NASDAQCOM,1973-01-23 00:00:00,1973-01-24 00:00:00,132.44,130.49,-1.4723648444578592
NASDAQCOM,1973-01-26 00:00:00,1973-01-29 00:00:00,129.76,128.46,-1.001849568434019
NASDAQCOM,1973-01-31 00:00:00,1973-02-01 00:00:00,128.4,126.94,-1.137071651090349
NASDAQCOM,1973-02-06 00:00:00,1973-02-07 00:00:00,126.27,124.99,-1.0137007998732883
NASDAQCOM,1973-02-08 00:00:00,1973-02-09 00:00:00,123.97,125.86,1.5245623941276119
NASDAQCOM,1973-02-13 00:00:00,1973-02-14 00:00:00,127.19,125.42,-1.3916188379589558
NASDAQCOM,1973-02-22 00:00:00,1973-02-23 00:00:00,123.68,122.34,-1.0834411384217362
NASDAQCOM,1973-02-26 00:00:00,1973-02-27 00:00:00,121.27,119.8,-1.212171188257606
NASDAQCOM,1973-03-05 00:00:00,1973-03-06 00:00:00,120.55,121.91,1.1281625881377018
NASDAQCOM,1973-03-16 00:00:00,1973-03-19 00:00:00,121.22,119.94,-1.055931364461311
NASDAQCOM,1973-03-20 00:00:00,1973-03-21 00:00:00,119.26,117.89,-1.1487506288780853
NASDAQCOM,1973-03-21 00:00:00,1973-03-22 00:00:00,117.89,115.69,-1.8661464076681678
NASDAQCOM,1973-03-26 00:00:00,1973-03-27 00:00:00,115.54,116.89,1.1684265189544696
NASDAQCOM,1973-03-30 00:00:00,1973-04-02 00:00:00,117.46,115.79,-1.4217605993529607
NASDAQCOM,1973-04-02 00:00:00,1973-04-03 00:00:00,115.79,114.47,-1.1399948182053783
NASDAQCOM,1973-04-03 00:00:00,1973-04-04 00:00:00,114.47,112.89,-1.3802743076788664
NASDAQCOM,1973-04-05 00:00:00,1973-04-06 00:00:00,112.02,113.27,1.1158721656846993
NASDAQCOM,1973-04-23 00:00:00,1973-04-24 00:00:00,113.02,111.23,-1.5837904795611326
NASDAQCOM,1973-04-24 00:00:00,1973-04-25 00:00:00,111.23,109.37,-1.6722107345140693
NASDAQCOM,1973-04-26 00:00:00,1973-04-27 00:00:00,109.72,108.4,-1.2030623405030927
NASDAQCOM,1973-05-01 00:00:00,1973-05-02 00:00:00,107.96,109.05,1.0096331974805517
NASDAQCOM,1973-05-10 00:00:00,1973-05-11 00:00:00,110.32,109.1,-1.1058738216098614
NASDAQCOM,1973-05-11 00:00:00,1973-05-14 00:00:00,109.1,106.46,-2.4197983501374893
NASDAQCOM,1973-05-17 00:00:00,1973-05-18 00:00:00,105.19,102.89,-2.1865196311436423
NASDAQCOM,1973-05-18 00:00:00,1973-05-21 00:00:00,102.89,100.76,-2.070172028379819
NASDAQCOM,1973-05-23 00:00:00,1973-05-24 00:00:00,102.09,104.27,2.135370751297867
NASDAQCOM,1973-05-29 00:00:00,1973-05-30 00:00:00,104.85,103.19,-1.5832141154029533
NASDAQCOM,1973-06-01 00:00:00,1973-06-04 00:00:00,102.3,100.77,-1.495601173020529
NASDAQCOM,1973-06-07 00:00:00,1973-06-08 00:00:00,102.57,103.72,1.1211855318319253
NASDAQCOM,1973-06-11 00:00:00,1973-06-12 00:00:00,103.04,104.79,1.6983695652173911
NASDAQCOM,1973-06-14 00:00:00,1973-06-15 00:00:00,103.56,102.26,-1.2553109308613335
NASDAQCOM,1973-06-15 00:00:00,1973-06-18 00:00:00,102.26,100.77,-1.4570702131820938
NASDAQCOM,1973-06-22 00:00:00,1973-06-25 00:00:00,100.99,99.43,-1.5447073967719458
NASDAQCOM,1973-07-09 00:00:00,1973-07-10 00:00:00,100.01,101.18,1.1698830116988317
NASDAQCOM,1973-07-10 00:00:00,1973-07-11 00:00:00,101.18,102.69,1.4923898003557925
NASDAQCOM,1973-07-17 00:00:00,1973-07-18 00:00:00,104.64,105.77,1.0798929663608519
NASDAQCOM,1973-07-19 00:00:00,1973-07-20 00:00:00,106.52,107.68,1.0889973713856655
NASDAQCOM,1973-07-31 00:00:00,1973-08-01 00:00:00,108.64,107.13,-1.3899116347570004
NASDAQCOM,1973-08-07 00:00:00,1973-08-08 00:00:00,107.3,106.13,-1.0904007455731608
NASDAQCOM,1973-08-17 00:00:00,1973-08-20 00:00:00,103.71,102.67,-1.0027962587985653
NASDAQCOM,1973-08-22 00:00:00,1973-08-23 00:00:00,101.34,102.53,1.1742648509966427
NASDAQCOM,1973-09-18 00:00:00,1973-09-19 00:00:00,106.3,107.91,1.5145813734713072
NASDAQCOM,1973-10-10 00:00:00,1973-10-11 00:00:00,112.17,113.56,1.2391905143977895
NASDAQCOM,1973-10-29 00:00:00,1973-10-30 00:00:00,112.09,110.63,-1.3025247568917904
NASDAQCOM,1973-11-02 00:00:00,1973-11-05 00:00:00,108.93,107.21,-1.5789956853024998
NASDAQCOM,1973-11-08 00:00:00,1973-11-09 00:00:00,107.31,105.77,-1.4350945857795232
NASDAQCOM,1973-11-13 00:00:00,1973-11-14 00:00:00,104.74,101.98,-2.6350964292533807
NASDAQCOM,1973-11-16 00:00:00,1973-11-19 00:00:00,101.38,99.0,-2.3476030775300805
NASDAQCOM,1973-11-19 00:00:00,1973-11-20 00:00:00,99.0,96.58,-2.4444444444444464
NASDAQCOM,1973-11-23 00:00:00,1973-11-26 00:00:00,97.3,94.13,-3.2579650565262095
NASDAQCOM,1973-11-26 00:00:00,1973-11-27 00:00:00,94.13,93.07,-1.1261021990863724
NASDAQCOM,1973-11-27 00:00:00,1973-11-28 00:00:00,93.07,94.94,2.009240356720753
NASDAQCOM,1973-11-29 00:00:00,1973-11-30 00:00:00,94.62,93.51,-1.1731135066582112
NASDAQCOM,1973-11-30 00:00:00,1973-12-03 00:00:00,93.51,91.97,-1.6468826863437134
NASDAQCOM,1973-12-04 00:00:00,1973-12-05 00:00:00,91.56,89.73,-1.9986893840104831
NASDAQCOM,1973-12-05 00:00:00,1973-12-06 00:00:00,89.73,91.27,1.7162598907834523
NASDAQCOM,1973-12-06 00:00:00,1973-12-07 00:00:00,91.27,92.32,1.1504327818560285
NASDAQCOM,1973-12-07 00:00:00,1973-12-10 00:00:00,92.32,93.54,1.3214904679376225
NASDAQCOM,1973-12-10 00:00:00,1973-12-11 00:00:00,93.54,92.2,-1.4325422279238864
NASDAQCOM,1973-12-11 00:00:00,1973-12-12 00:00:00,92.2,90.81,-1.5075921908893715
NASDAQCOM,1973-12-12 00:00:00,1973-12-13 00:00:00,90.81,89.12,-1.8610285210879836
NASDAQCOM,1973-12-17 00:00:00,1973-12-18 00:00:00,89.13,90.56,1.6043980702344967
NASDAQCOM,1973-12-24 00:00:00,1973-12-26 00:00:00,88.67,90.19,1.7142212698770678
NASDAQCOM,1973-12-26 00:00:00,1973-12-27 00:00:00,90.19,91.25,1.1752965960749553
NASDAQCOM,1974-01-02 00:00:00,1974-01-03 00:00:00,92.53,94.18,1.7832054468820986
NASDAQCOM,1974-01-08 00:00:00,1974-01-09 00:00:00,94.02,92.2,-1.9357583492873784
NASDAQCOM,1974-01-15 00:00:00,1974-01-16 00:00:00,93.07,94.49,1.5257333190072009
NASDAQCOM,1974-01-16 00:00:00,1974-01-17 00:00:00,94.49,95.95,1.5451370515398541
NASDAQCOM,1974-02-01 00:00:00,1974-02-04 00:00:00,94.15,92.89,-1.3382899628252842
NASDAQCOM,1974-02-08 00:00:00,1974-02-11 00:00:00,92.2,91.13,-1.1605206073752792
NASDAQCOM,1974-02-26 00:00:00,1974-02-27 00:00:00,93.11,94.06,1.0202985715820028
NASDAQCOM,1974-03-15 00:00:00,1974-03-18 00:00:00,96.53,95.37,-1.2016989536931488
NASDAQCOM,1974-03-26 00:00:00,1974-03-27 00:00:00,95.27,94.21,-1.1126272698645978
NASDAQCOM,1974-03-27 00:00:00,1974-03-28 00:00:00,94.21,92.87,-1.4223543148285631
NASDAQCOM,1974-04-04 00:00:00,1974-04-05 00:00:00,91.88,90.7,-1.284283848498033
NASDAQCOM,1974-04-15 00:00:00,1974-04-16 00:00:00,89.42,90.33,1.0176694251845186
NASDAQCOM,1974-04-22 00:00:00,1974-04-23 00:00:00,90.27,88.47,-1.9940179461615124
NASDAQCOM,1974-04-23 00:00:00,1974-04-24 00:00:00,88.47,86.95,-1.7180965298971358
NASDAQCOM,1974-04-24 00:00:00,1974-04-25 00:00:00,86.95,86.04,-1.0465784933870002
NASDAQCOM,1974-05-07 00:00:00,1974-05-08 00:00:00,86.66,85.74,-1.061620124624973
NASDAQCOM,1974-05-09 00:00:00,1974-05-10 00:00:00,85.81,84.3,-1.759701666472445
NASDAQCOM,1974-05-10 00:00:00,1974-05-13 00:00:00,84.3,83.18,-1.3285883748517087
NASDAQCOM,1974-05-16 00:00:00,1974-05-17 00:00:00,83.5,81.93,-1.8802395209580756
NASDAQCOM,1974-05-23 00:00:00,1974-05-24 00:00:00,80.55,81.45,1.1173184357541972
NASDAQCOM,1974-05-28 00:00:00,1974-05-29 00:00:00,81.06,79.78,-1.579077226745622
NASDAQCOM,1974-05-31 00:00:00,1974-06-03 00:00:00,80.2,81.08,1.0972568578553559
NASDAQCOM,1974-06-05 00:00:00,1974-06-06 00:00:00,82.21,83.2,1.2042330616713406
NASDAQCOM,1974-06-14 00:00:00,1974-06-17 00:00:00,82.76,81.54,-1.4741420976317046
NASDAQCOM,1974-06-19 00:00:00,1974-06-20 00:00:00,80.66,79.85,-1.0042152243987135
NASDAQCOM,1974-06-25 00:00:00,1974-06-26 00:00:00,79.35,78.27,-1.3610586011342134
NASDAQCOM,1974-06-26 00:00:00,1974-06-27 00:00:00,78.27,76.83,-1.8397853583748534
NASDAQCOM,1974-06-27 00:00:00,1974-06-28 00:00:00,76.83,75.96,-1.1323701679031688
NASDAQCOM,1974-07-01 00:00:00,1974-07-02 00:00:00,75.39,73.81,-2.095768669584823
NASDAQCOM,1974-07-05 00:00:00,1974-07-08 00:00:00,73.57,70.96,-3.5476417017806168
NASDAQCOM,1974-07-09 00:00:00,1974-07-10 00:00:00,70.59,69.82,-1.0908060631817682
NASDAQCOM,1974-07-11 00:00:00,1974-07-12 00:00:00,69.95,71.68,2.4731951393852807
NASDAQCOM,1974-07-16 00:00:00,1974-07-17 00:00:00,71.63,72.71,1.5077481502163874
NASDAQCOM,1974-07-22 00:00:00,1974-07-23 00:00:00,73.42,74.44,1.3892672296376953
NASDAQCOM,1974-07-24 00:00:00,1974-07-25 00:00:00,74.63,73.51,-1.5007369690472872
NASDAQCOM,1974-07-26 00:00:00,1974-07-29 00:00:00,72.83,71.49,-1.839901139640263
NASDAQCOM,1974-07-30 00:00:00,1974-07-31 00:00:00,71.3,69.99,-1.8373071528751788
NASDAQCOM,1974-08-05 00:00:00,1974-08-06 00:00:00,69.67,70.53,1.2343906990096158
NASDAQCOM,1974-08-06 00:00:00,1974-08-07 00:00:00,70.53,71.68,1.6305118389337951
NASDAQCOM,1974-08-07 00:00:00,1974-08-08 00:00:00,71.68,70.66,-1.4229910714285856
NASDAQCOM,1974-08-12 00:00:00,1974-08-13 00:00:00,70.36,68.82,-2.1887436043206456
NASDAQCOM,1974-08-13 00:00:00,1974-08-14 00:00:00,68.82,67.25,-2.281313571636143
NASDAQCOM,1974-08-15 00:00:00,1974-08-16 00:00:00,66.88,65.86,-1.5251196172248744
NASDAQCOM,1974-08-16 00:00:00,1974-08-19 00:00:00,65.86,65.13,-1.108411782569092
NASDAQCOM,1974-08-20 00:00:00,1974-08-21 00:00:00,65.72,64.92,-1.217285453438827
NASDAQCOM,1974-08-21 00:00:00,1974-08-22 00:00:00,64.92,63.59,-2.0486752926678964
NASDAQCOM,1974-08-22 00:00:00,1974-08-23 00:00:00,63.59,62.57,-1.6040257902185926
NASDAQCOM,1974-08-28 00:00:00,1974-08-29 00:00:00,62.43,61.37,-1.6979016498478332
NASDAQCOM,1974-08-29 00:00:00,1974-08-30 00:00:00,61.37,62.37,1.6294606485253382
NASDAQCOM,1974-08-30 00:00:00,1974-09-03 00:00:00,62.37,60.88,-2.388969055635714
NASDAQCOM,1974-09-03 00:00:00,1974-09-04 00:00:00,60.88,58.95,-3.1701708278580805
NASDAQCOM,1974-09-04 00:00:00,1974-09-05 00:00:00,58.95,60.22,2.154368108566575
NASDAQCOM,1974-09-06 00:00:00,1974-09-09 00:00:00,60.7,59.37,-2.191103789126862
NASDAQCOM,1974-09-11 00:00:00,1974-09-12 00:00:00,58.96,57.71,-2.120081411126187
NASDAQCOM,1974-09-12 00:00:00,1974-09-13 00:00:00,57.71,56.66,-1.8194420377750895
NASDAQCOM,1974-09-13 00:00:00,1974-09-16 00:00:00,56.66,57.24,1.0236498411577928
NASDAQCOM,1974-09-18 00:00:00,1974-09-19 00:00:00,58.12,59.52,2.4088093599449514
NASDAQCOM,1974-09-23 00:00:00,1974-09-24 00:00:00,59.66,58.84,-1.374455246396234
NASDAQCOM,1974-09-25 00:00:00,1974-09-26 00:00:00,58.76,57.87,-1.514635806671206
NASDAQCOM,1974-09-26 00:00:00,1974-09-27 00:00:00,57.87,57.12,-1.2960082944530846
NASDAQCOM,1974-09-27 00:00:00,1974-09-30 00:00:00,57.12,55.67,-2.5385154061624577
NASDAQCOM,1974-10-02 00:00:00,1974-10-03 00:00:00,55.67,54.87,-1.4370396982216709
NASDAQCOM,1974-10-04 00:00:00,1974-10-07 00:00:00,55.16,56.57,2.5562001450326393
NASDAQCOM,1974-10-08 00:00:00,1974-10-09 00:00:00,56.13,57.57,2.565473009086046
NASDAQCOM,1974-10-09 00:00:00,1974-10-10 00:00:00,57.57,59.13,2.709744658676398
NASDAQCOM,1974-10-10 00:00:00,1974-10-11 00:00:00,59.13,60.42,2.181633688483002
NASDAQCOM,1974-10-11 00:00:00,1974-10-14 00:00:00,60.42,61.73,2.168156239655735
NASDAQCOM,1974-10-16 00:00:00,1974-10-17 00:00:00,61.19,62.04,1.389115868605984
NASDAQCOM,1974-10-17 00:00:00,1974-10-18 00:00:00,62.04,62.75,1.1444229529335925
NASDAQCOM,1974-10-18 00:00:00,1974-10-21 00:00:00,62.75,63.82,1.7051792828685262
NASDAQCOM,1974-10-22 00:00:00,1974-10-23 00:00:00,64.14,63.4,-1.1537262238852541
NASDAQCOM,1974-10-23 00:00:00,1974-10-24 00:00:00,63.4,62.6,-1.2618296529968411
NASDAQCOM,1974-10-28 00:00:00,1974-10-29 00:00:00,62.5,63.67,1.8720000000000028
NASDAQCOM,1974-10-29 00:00:00,1974-10-30 00:00:00,63.67,64.88,1.9004240615674473
NASDAQCOM,1974-11-04 00:00:00,1974-11-05 00:00:00,64.62,65.99,2.1200866604766175
NASDAQCOM,1974-11-11 00:00:00,1974-11-12 00:00:00,66.72,65.36,-2.0383693045563542
NASDAQCOM,1974-11-15 00:00:00,1974-11-18 00:00:00,64.41,62.09,-3.6019251668995396
NASDAQCOM,1974-11-18 00:00:00,1974-11-19 00:00:00,62.09,60.93,-1.8682557577709833
NASDAQCOM,1974-11-20 00:00:00,1974-11-21 00:00:00,60.75,61.49,1.218106995884777
NASDAQCOM,1974-11-25 00:00:00,1974-11-26 00:00:00,61.68,62.65,1.5726329442282732
NASDAQCOM,1974-11-29 00:00:00,1974-12-02 00:00:00,62.95,61.66,-2.0492454328832506
NASDAQCOM,1974-12-02 00:00:00,1974-12-03 00:00:00,61.66,60.5,-1.881284463185204
NASDAQCOM,1974-12-04 00:00:00,1974-12-05 00:00:00,60.41,58.92,-2.46647905975831
NASDAQCOM,1974-12-05 00:00:00,1974-12-06 00:00:00,58.92,58.21,-1.205023761031909
NASDAQCOM,1974-12-09 00:00:00,1974-12-10 00:00:00,57.91,58.76,1.4677948540839258
NASDAQCOM,1974-12-19 00:00:00,1974-12-20 00:00:00,59.46,58.67,-1.3286242852337693
NASDAQCOM,1974-12-20 00:00:00,1974-12-23 00:00:00,58.67,57.86,-1.3806033748082533
NASDAQCOM,1974-12-30 00:00:00,1974-12-31 00:00:00,58.78,59.82,1.769309288873765
NASDAQCOM,1974-12-31 00:00:00,1975-01-02 00:00:00,59.82,60.7,1.4710799063858284
NASDAQCOM,1975-01-08 00:00:00,1975-01-09 00:00:00,61.5,62.37,1.4146341463414593
NASDAQCOM,1975-01-09 00:00:00,1975-01-10 00:00:00,62.37,63.69,2.116402116402117
NASDAQCOM,1975-01-14 00:00:00,1975-01-15 00:00:00,63.11,63.87,1.2042465536365046
NASDAQCOM,1975-01-15 00:00:00,1975-01-16 00:00:00,63.87,64.8,1.4560826679192105
NASDAQCOM,1975-01-23 00:00:00,1975-01-24 00:00:00,64.49,65.38,1.380058923864166
NASDAQCOM,1975-01-24 00:00:00,1975-01-27 00:00:00,65.38,67.04,2.539002753135532
NASDAQCOM,1975-01-27 00:00:00,1975-01-28 00:00:00,67.04,67.92,1.3126491646777974
NASDAQCOM,1975-01-28 00:00:00,1975-01-29 00:00:00,67.92,69.08,1.707891637220254
NASDAQCOM,1975-01-30 00:00:00,1975-01-31 00:00:00,68.99,69.78,1.1450934918104165
NASDAQCOM,1975-01-31 00:00:00,1975-02-03 00:00:00,69.78,70.73,1.361421610776731
NASDAQCOM,1975-02-04 00:00:00,1975-02-05 00:00:00,70.13,71.07,1.3403678882076113
NASDAQCOM,1975-02-11 00:00:00,1975-02-12 00:00:00,70.83,71.59,1.0729916701962519
NASDAQCOM,1975-02-12 00:00:00,1975-02-13 00:00:00,71.59,72.88,1.801927643525621
NASDAQCOM,1975-02-14 00:00:00,1975-02-18 00:00:00,73.26,72.47,-1.0783510783510868
NASDAQCOM,1975-02-24 00:00:00,1975-02-25 00:00:00,73.14,72.07,-1.4629477713973302
NASDAQCOM,1975-02-28 00:00:00,1975-03-03 00:00:00,73.0,73.83,1.1369863013698607
NASDAQCOM,1975-03-11 00:00:00,1975-03-12 00:00:00,75.04,74.13,-1.2126865671641933
NASDAQCOM,1975-03-13 00:00:00,1975-03-14 00:00:00,74.68,76.07,1.8612747723620597
NASDAQCOM,1975-03-21 00:00:00,1975-03-24 00:00:00,75.92,74.42,-1.9757639620653318
NASDAQCOM,1975-03-25 00:00:00,1975-03-26 00:00:00,74.33,75.56,1.6547827256827712
NASDAQCOM,1975-04-08 00:00:00,1975-04-09 00:00:00,74.53,75.4,1.1673151750972823
NASDAQCOM,1975-04-11 00:00:00,1975-04-14 00:00:00,76.31,77.33,1.3366531254095086
NASDAQCOM,1975-04-18 00:00:00,1975-04-21 00:00:00,78.08,79.08,1.2807377049180328
NASDAQCOM,1975-05-01 00:00:00,1975-05-02 00:00:00,79.27,80.25,1.2362810647155342
NASDAQCOM,1975-05-02 00:00:00,1975-05-05 00:00:00,80.25,81.14,1.1090342679127734
NASDAQCOM,1975-05-20 00:00:00,1975-05-21 00:00:00,81.82,80.95,-1.0633097042287831
NASDAQCOM,1975-05-22 00:00:00,1975-05-23 00:00:00,81.56,82.62,1.2996566944580705
NASDAQCOM,1975-05-29 00:00:00,1975-05-30 00:00:00,81.78,83.1,1.614086573734401
NASDAQCOM,1975-06-18 00:00:00,1975-06-19 00:00:00,83.47,84.55,1.2938780400143743
NASDAQCOM,1975-07-08 00:00:00,1975-07-09 00:00:00,85.39,86.5,1.2999180231877263
NASDAQCOM,1975-07-21 00:00:00,1975-07-22 00:00:00,86.77,85.72,-1.2100956551803588
NASDAQCOM,1975-07-22 00:00:00,1975-07-23 00:00:00,85.72,84.62,-1.2832477834810947
NASDAQCOM,1975-07-31 00:00:00,1975-08-01 00:00:00,83.19,81.62,-1.887246063228745
NASDAQCOM,1975-08-04 00:00:00,1975-08-05 00:00:00,80.98,80.17,-1.000246974561623
NASDAQCOM,1975-08-18 00:00:00,1975-08-19 00:00:00,78.03,76.65,-1.768550557477887
NASDAQCOM,1975-08-19 00:00:00,1975-08-20 00:00:00,76.65,75.52,-1.4742335290280622
NASDAQCOM,1975-08-27 00:00:00,1975-08-28 00:00:00,76.57,78.06,1.9459318270863384
NASDAQCOM,1975-08-28 00:00:00,1975-08-29 00:00:00,78.06,79.01,1.217012554445302
NASDAQCOM,1975-08-29 00:00:00,1975-09-02 00:00:00,79.01,77.89,-1.417542083280603
NASDAQCOM,1975-09-08 00:00:00,1975-09-09 00:00:00,77.46,76.6,-1.1102504518461134
NASDAQCOM,1975-09-09 00:00:00,1975-09-10 00:00:00,76.6,75.24,-1.7754569190600515
NASDAQCOM,1975-09-17 00:00:00,1975-09-18 00:00:00,73.87,74.78,1.2318938676052478
NASDAQCOM,1975-09-18 00:00:00,1975-09-19 00:00:00,74.78,76.39,2.1529820807702587
NASDAQCOM,1975-09-26 00:00:00,1975-09-29 00:00:00,76.14,75.37,-1.0112949829261835
NASDAQCOM,1975-09-29 00:00:00,1975-09-30 00:00:00,75.37,74.33,-1.379859360488266
NASDAQCOM,1975-10-02 00:00:00,1975-10-03 00:00:00,74.16,75.5,1.8069039913700156
NASDAQCOM,1975-10-22 00:00:00,1975-10-23 00:00:00,78.91,78.06,-1.077176530224299
NASDAQCOM,1975-10-28 00:00:00,1975-10-29 00:00:00,78.73,77.58,-1.4606884288073232
NASDAQCOM,1975-11-11 00:00:00,1975-11-12 00:00:00,78.0,79.27,1.628205128205123
NASDAQCOM,1975-12-01 00:00:00,1975-12-02 00:00:00,78.66,77.33,-1.690821256038645
NASDAQCOM,1975-12-02 00:00:00,1975-12-03 00:00:00,77.33,75.67,-2.1466442519074054
NASDAQCOM,1975-12-30 00:00:00,1975-12-31 00:00:00,76.67,77.62,1.2390765618886173
NASDAQCOM,1976-01-05 00:00:00,1976-01-06 00:00:00,78.76,80.27,1.9172168613509277
NASDAQCOM,1976-01-13 00:00:00,1976-01-14 00:00:00,82.42,83.62,1.4559572919194403
NASDAQCOM,1976-01-28 00:00:00,1976-01-29 00:00:00,84.63,86.15,1.796053408956647
NASDAQCOM,1976-01-29 00:00:00,1976-01-30 00:00:00,86.15,87.05,1.0446894950667343
NASDAQCOM,1976-02-03 00:00:00,1976-02-04 00:00:00,87.38,88.45,1.2245365072098964
NASDAQCOM,1976-02-18 00:00:00,1976-02-19 00:00:00,89.23,90.14,1.0198363778998056
NASDAQCOM,1976-02-26 00:00:00,1976-02-27 00:00:00,91.45,90.26,-1.3012575177692702
NASDAQCOM,1976-03-10 00:00:00,1976-03-11 00:00:00,90.2,91.21,1.1197339246119633
NASDAQCOM,1976-03-12 00:00:00,1976-03-15 00:00:00,90.99,89.72,-1.3957577755797297
NASDAQCOM,1976-04-08 00:00:00,1976-04-09 00:00:00,90.04,88.89,-1.2772101288316366
NASDAQCOM,1976-04-19 00:00:00,1976-04-20 00:00:00,89.59,90.61,1.1385199240986672
NASDAQCOM,1976-04-30 00:00:00,1976-05-03 00:00:00,90.08,89.05,-1.1434280639431629
NASDAQCOM,1976-05-21 00:00:00,1976-05-24 00:00:00,89.39,88.15,-1.3871797740239344
NASDAQCOM,1976-08-18 00:00:00,1976-08-19 00:00:00,91.85,90.74,-1.208492106695699
NASDAQCOM,1976-11-01 00:00:00,1976-11-03 00:00:00,90.39,89.38,-1.117380241177127
NASDAQCOM,1977-07-26 00:00:00,1977-07-27 00:00:00,102.4,101.25,-1.1230468750000056
NASDAQCOM,1977-10-11 00:00:00,1977-10-12 00:00:00,101.23,99.83,-1.3829892324409814
NASDAQCOM,1977-10-24 00:00:00,1977-10-25 00:00:00,97.89,96.83,-1.0828480948002883
NASDAQCOM,1977-11-09 00:00:00,1977-11-10 00:00:00,98.7,99.98,1.2968591691995959
NASDAQCOM,1977-12-05 00:00:00,1977-12-06 00:00:00,104.15,102.97,-1.1329812770043273
NASDAQCOM,1978-01-05 00:00:00,1978-01-06 00:00:00,103.21,101.66,-1.5017924619707366
NASDAQCOM,1978-01-06 00:00:00,1978-01-09 00:00:00,101.66,100.2,-1.4361597481802024
NASDAQCOM,1978-04-12 00:00:00,1978-04-13 00:00:00,108.87,109.99,1.0287498851841557
NASDAQCOM,1978-04-13 00:00:00,1978-04-14 00:00:00,109.99,111.29,1.1819256296027016
NASDAQCOM,1978-04-19 00:00:00,1978-04-20 00:00:00,111.64,112.86,1.0927982801863123
NASDAQCOM,1978-06-20 00:00:00,1978-06-21 00:00:00,122.03,120.63,-1.1472588707694875
NASDAQCOM,1978-08-01 00:00:00,1978-08-02 00:00:00,126.81,128.16,1.0645848119233454
NASDAQCOM,1978-08-16 00:00:00,1978-08-17 00:00:00,132.77,134.14,1.0318596068388763
NASDAQCOM,1978-09-15 00:00:00,1978-09-18 00:00:00,137.36,135.65,-1.2449039021549269
NASDAQCOM,1978-09-18 00:00:00,1978-09-19 00:00:00,135.65,134.06,-1.1721341688168103
NASDAQCOM,1978-09-19 00:00:00,1978-09-20 00:00:00,134.06,132.66,-1.0443085185737773
NASDAQCOM,1978-10-13 00:00:00,1978-10-16 00:00:00,135.58,133.94,-1.2096179377489413
NASDAQCOM,1978-10-16 00:00:00,1978-10-17 00:00:00,133.94,130.96,-2.2248768105121624
NASDAQCOM,1978-10-17 00:00:00,1978-10-18 00:00:00,130.96,128.92,-1.5577275503970833
NASDAQCOM,1978-10-18 00:00:00,1978-10-19 00:00:00,128.92,127.22,-1.3186472230840744
NASDAQCOM,1978-10-19 00:00:00,1978-10-20 00:00:00,127.22,123.82,-2.6725357648168573
NASDAQCOM,1978-10-20 00:00:00,1978-10-23 00:00:00,123.82,121.94,-1.5183330641253396
NASDAQCOM,1978-10-25 00:00:00,1978-10-26 00:00:00,121.16,118.0,-2.608121492241661
NASDAQCOM,1978-10-26 00:00:00,1978-10-27 00:00:00,118.0,115.25,-2.330508474576271
NASDAQCOM,1978-10-27 00:00:00,1978-10-30 00:00:00,115.25,112.4,-2.472885032537956
NASDAQCOM,1978-10-30 00:00:00,1978-10-31 00:00:00,112.4,111.12,-1.1387900355871896
NASDAQCOM,1978-10-31 00:00:00,1978-11-01 00:00:00,111.12,114.65,3.1767458603311747
NASDAQCOM,1978-11-06 00:00:00,1978-11-07 00:00:00,115.08,112.83,-1.9551616266944734
NASDAQCOM,1978-11-10 00:00:00,1978-11-13 00:00:00,114.84,113.0,-1.602229188436088
NASDAQCOM,1978-11-13 00:00:00,1978-11-14 00:00:00,113.0,110.88,-1.8761061946902695
NASDAQCOM,1978-11-16 00:00:00,1978-11-17 00:00:00,112.21,113.69,1.318955529810181
NASDAQCOM,1978-11-28 00:00:00,1978-11-29 00:00:00,115.6,114.09,-1.3062283737024143
NASDAQCOM,1978-11-30 00:00:00,1978-12-01 00:00:00,114.69,116.19,1.3078733978550876
NASDAQCOM,1978-12-15 00:00:00,1978-12-18 00:00:00,117.41,114.33,-2.6232859211310777
NASDAQCOM,1979-01-02 00:00:00,1979-01-03 00:00:00,117.84,119.11,1.0777325186693787
NASDAQCOM,1979-01-03 00:00:00,1979-01-04 00:00:00,119.11,120.66,1.3013181093107187
NASDAQCOM,1979-01-04 00:00:00,1979-01-05 00:00:00,120.66,122.05,1.151997347919775
NASDAQCOM,1979-02-02 00:00:00,1979-02-05 00:00:00,125.82,124.34,-1.176283579717048
NASDAQCOM,1979-02-06 00:00:00,1979-02-07 00:00:00,124.31,122.8,-1.2147051725524938
NASDAQCOM,1979-02-26 00:00:00,1979-02-27 00:00:00,124.9,122.64,-1.809447558046441
NASDAQCOM,1979-03-07 00:00:00,1979-03-08 00:00:00,125.61,127.05,1.1464055409601128
NASDAQCOM,1979-05-04 00:00:00,1979-05-07 00:00:00,133.72,130.6,-2.333233622494769
NASDAQCOM,1979-08-31 00:00:00,1979-09-04 00:00:00,150.44,148.49,-1.296197819728788
NASDAQCOM,1979-09-04 00:00:00,1979-09-05 00:00:00,148.49,146.03,-1.656677217321037
NASDAQCOM,1979-10-08 00:00:00,1979-10-09 00:00:00,150.98,145.2,-3.82832163200424
NASDAQCOM,1979-10-09 00:00:00,1979-10-10 00:00:00,145.2,139.31,-4.056473829201092
NASDAQCOM,1979-10-12 00:00:00,1979-10-15 00:00:00,140.71,138.39,-1.6487811811527406
NASDAQCOM,1979-10-18 00:00:00,1979-10-19 00:00:00,139.46,136.59,-2.0579377599311663
NASDAQCOM,1979-10-19 00:00:00,1979-10-22 00:00:00,136.59,133.16,-2.511164799765727
NASDAQCOM,1979-10-29 00:00:00,1979-10-30 00:00:00,133.91,135.48,1.1724292435217634
NASDAQCOM,1979-11-06 00:00:00,1979-11-07 00:00:00,135.66,134.14,-1.1204481792717162
NASDAQCOM,1979-11-23 00:00:00,1979-11-26 00:00:00,139.85,141.95,1.5016088666428276
NASDAQCOM,1979-12-31 00:00:00,1980-01-02 00:00:00,151.14,148.17,-1.9650655021834056
NASDAQCOM,1980-01-02 00:00:00,1980-01-03 00:00:00,148.17,145.97,-1.484780994803259
NASDAQCOM,1980-01-03 00:00:00,1980-01-04 00:00:00,145.97,148.02,1.4043981640063106
NASDAQCOM,1980-01-07 00:00:00,1980-01-08 00:00:00,148.62,150.68,1.386085318261339
NASDAQCOM,1980-01-09 00:00:00,1980-01-10 00:00:00,151.6,153.12,1.0026385224274474
NASDAQCOM,1980-01-22 00:00:00,1980-01-23 00:00:00,156.92,158.5,1.0068824878919274
NASDAQCOM,1980-02-22 00:00:00,1980-02-25 00:00:00,160.08,157.97,-1.318090954522747
NASDAQCOM,1980-03-04 00:00:00,1980-03-05 00:00:00,155.39,152.94,-1.5766780359096395
NASDAQCOM,1980-03-05 00:00:00,1980-03-06 00:00:00,152.94,148.64,-2.8115600889237684
NASDAQCOM,1980-03-06 00:00:00,1980-03-07 00:00:00,148.64,146.19,-1.648277717976311
NASDAQCOM,1980-03-07 00:00:00,1980-03-10 00:00:00,146.19,143.75,-1.6690608112729994
NASDAQCOM,1980-03-14 00:00:00,1980-03-17 00:00:00,144.44,139.7,-3.281639435059547
NASDAQCOM,1980-03-21 00:00:00,1980-03-24 00:00:00,138.8,134.61,-3.0187319884726205
NASDAQCOM,1980-03-24 00:00:00,1980-03-25 00:00:00,134.61,132.52,-1.5526335339127875
NASDAQCOM,1980-03-26 00:00:00,1980-03-27 00:00:00,132.22,124.09,-6.1488428376947475
NASDAQCOM,1980-03-27 00:00:00,1980-03-28 00:00:00,124.09,129.25,4.158272221774515
NASDAQCOM,1980-03-28 00:00:00,1980-03-31 00:00:00,129.25,131.0,1.3539651837524178
NASDAQCOM,1980-03-31 00:00:00,1980-04-01 00:00:00,131.0,133.14,1.6335877862595316
NASDAQCOM,1980-04-01 00:00:00,1980-04-02 00:00:00,133.14,135.8,1.9978969505783577
NASDAQCOM,1980-04-03 00:00:00,1980-04-07 00:00:00,136.01,133.4,-1.9189765458422068
NASDAQCOM,1980-04-08 00:00:00,1980-04-09 00:00:00,134.37,136.04,1.2428369427699542
NASDAQCOM,1980-04-18 00:00:00,1980-04-21 00:00:00,134.66,133.08,-1.1733254121491046
NASDAQCOM,1980-04-21 00:00:00,1980-04-22 00:00:00,133.08,135.71,1.9762548842801284
NASDAQCOM,1980-04-23 00:00:00,1980-04-24 00:00:00,136.92,138.69,1.2927256792287543
NASDAQCOM,1980-05-13 00:00:00,1980-05-14 00:00:00,144.1,145.66,1.0825815405968093
NASDAQCOM,1980-05-22 00:00:00,1980-05-23 00:00:00,147.96,149.48,1.027304676939701
NASDAQCOM,1980-07-02 00:00:00,1980-07-03 00:00:00,159.18,160.87,1.0616911672320628
NASDAQCOM,1980-07-03 00:00:00,1980-07-07 00:00:00,160.87,163.63,1.7156710387269167
NASDAQCOM,1980-07-11 00:00:00,1980-07-14 00:00:00,164.82,166.52,1.0314282247300188
NASDAQCOM,1980-08-06 00:00:00,1980-08-07 00:00:00,173.45,175.24,1.031997693859914
NASDAQCOM,1980-08-15 00:00:00,1980-08-18 00:00:00,179.89,177.24,-1.4731224637278213
NASDAQCOM,1980-08-20 00:00:00,1980-08-21 00:00:00,177.68,179.91,1.255065285907243
NASDAQCOM,1980-09-02 00:00:00,1980-09-03 00:00:00,182.34,184.53,1.2010529779532728
NASDAQCOM,1980-09-16 00:00:00,1980-09-17 00:00:00,191.31,193.95,1.3799592284773332
NASDAQCOM,1980-09-25 00:00:00,1980-09-26 00:00:00,194.05,190.77,-1.6902860087606293
NASDAQCOM,1980-09-26 00:00:00,1980-09-29 00:00:00,190.77,185.79,-2.610473344865554
NASDAQCOM,1980-09-29 00:00:00,1980-09-30 00:00:00,185.79,187.76,1.0603369395554114
NASDAQCOM,1980-10-02 00:00:00,1980-10-03 00:00:00,190.81,193.43,1.3730936533724671
NASDAQCOM,1980-10-03 00:00:00,1980-10-06 00:00:00,193.43,196.01,1.3338158506953337
NASDAQCOM,1980-10-22 00:00:00,1980-10-23 00:00:00,197.9,195.81,-1.0560889338049537
NASDAQCOM,1980-10-29 00:00:00,1980-10-30 00:00:00,194.49,192.51,-1.0180472003702083
NASDAQCOM,1980-11-03 00:00:00,1980-11-05 00:00:00,193.15,196.03,1.4910691172663708
NASDAQCOM,1980-11-05 00:00:00,1980-11-06 00:00:00,196.03,193.96,-1.0559608223231103
NASDAQCOM,1980-11-11 00:00:00,1980-11-12 00:00:00,195.02,197.78,1.4152394626192137
NASDAQCOM,1980-11-12 00:00:00,1980-11-13 00:00:00,197.78,200.25,1.2488623723328947
NASDAQCOM,1980-11-17 00:00:00,1980-11-18 00:00:00,201.59,203.76,1.0764422838434384
NASDAQCOM,1980-11-28 00:00:00,1980-12-01 00:00:00,208.15,204.91,-1.5565697814076431
NASDAQCOM,1980-12-04 00:00:00,1980-12-05 00:00:00,206.19,203.02,-1.537416945535665
NASDAQCOM,1980-12-05 00:00:00,1980-12-08 00:00:00,203.02,195.87,-3.521820510294555
NASDAQCOM,1980-12-10 00:00:00,1980-12-11 00:00:00,193.58,188.75,-2.4950924682301956
NASDAQCOM,1980-12-11 00:00:00,1980-12-12 00:00:00,188.75,191.22,1.3086092715231783
NASDAQCOM,1980-12-12 00:00:00,1980-12-15 00:00:00,191.22,194.02,1.4642819788725088
NASDAQCOM,1980-12-15 00:00:00,1980-12-16 00:00:00,194.02,191.88,-1.1029790743222423
NASDAQCOM,1980-12-16 00:00:00,1980-12-17 00:00:00,191.88,194.02,1.1152803835730742
NASDAQCOM,1980-12-17 00:00:00,1980-12-18 00:00:00,194.02,196.01,1.0256674569631896
NASDAQCOM,1981-01-06 00:00:00,1981-01-07 00:00:00,204.07,197.35,-3.2929877002989167
NASDAQCOM,1981-01-15 00:00:00,1981-01-16 00:00:00,199.85,197.66,-1.0958218663997987
NASDAQCOM,1981-01-16 00:00:00,1981-01-19 00:00:00,197.66,201.58,1.9832034807244845
NASDAQCOM,1981-01-19 00:00:00,1981-01-20 00:00:00,201.58,198.72,-1.4187915467804413
NASDAQCOM,1981-01-30 00:00:00,1981-02-02 00:00:00,197.81,193.09,-2.3861281027248364
NASDAQCOM,1981-02-18 00:00:00,1981-02-19 00:00:00,194.73,192.74,-1.0219277974631442
NASDAQCOM,1981-02-25 00:00:00,1981-02-26 00:00:00,193.99,196.13,1.1031496468890079
NASDAQCOM,1981-03-11 00:00:00,1981-03-12 00:00:00,198.16,200.67,1.2666532095276497
NASDAQCOM,1981-04-15 00:00:00,1981-04-16 00:00:00,212.8,216.64,1.804511278195477
NASDAQCOM,1981-04-27 00:00:00,1981-04-28 00:00:00,219.88,217.63,-1.0232854284154995
NASDAQCOM,1981-05-01 00:00:00,1981-05-04 00:00:00,216.68,213.32,-1.5506738046889486
NASDAQCOM,1981-06-01 00:00:00,1981-06-02 00:00:00,223.02,219.59,-1.5379786566227274
NASDAQCOM,1981-06-15 00:00:00,1981-06-16 00:00:00,222.96,220.58,-1.0674560459275184
NASDAQCOM,1981-06-29 00:00:00,1981-06-30 00:00:00,218.22,215.75,-1.1318852534139854
NASDAQCOM,1981-07-02 00:00:00,1981-07-06 00:00:00,212.8,209.1,-1.738721804511286
NASDAQCOM,1981-07-17 00:00:00,1981-07-20 00:00:00,212.76,207.27,-2.580372250423003
NASDAQCOM,1981-08-14 00:00:00,1981-08-17 00:00:00,212.12,209.65,-1.1644352253441443
NASDAQCOM,1981-08-17 00:00:00,1981-08-18 00:00:00,209.65,207.01,-1.2592415931314165
NASDAQCOM,1981-08-21 00:00:00,1981-08-24 00:00:00,206.76,200.76,-2.9019152640742893
NASDAQCOM,1981-08-24 00:00:00,1981-08-25 00:00:00,200.76,197.78,-1.4843594341502242
NASDAQCOM,1981-09-02 00:00:00,1981-09-03 00:00:00,195.39,191.99,-1.7401095245406506
NASDAQCOM,1981-09-03 00:00:00,1981-09-04 00:00:00,191.99,189.63,-1.2292306890983975
NASDAQCOM,1981-09-04 00:00:00,1981-09-08 00:00:00,189.63,184.79,-2.5523387649633515
NASDAQCOM,1981-09-09 00:00:00,1981-09-10 00:00:00,184.77,187.55,1.5045732532337506
NASDAQCOM,1981-09-10 00:00:00,1981-09-11 00:00:00,187.55,189.81,1.2050119968008481
NASDAQCOM,1981-09-16 00:00:00,1981-09-17 00:00:00,187.82,185.71,-1.123416036630809
NASDAQCOM,1981-09-22 00:00:00,1981-09-23 00:00:00,183.26,179.99,-1.7843501036778249
NASDAQCOM,1981-09-24 00:00:00,1981-09-25 00:00:00,180.39,175.12,-2.92144797383446
NASDAQCOM,1981-09-28 00:00:00,1981-09-29 00:00:00,175.03,178.51,1.9882305890418728
NASDAQCOM,1981-10-01 00:00:00,1981-10-02 00:00:00,181.09,184.37,1.8112540725606059
NASDAQCOM,1981-10-06 00:00:00,1981-10-07 00:00:00,185.87,188.78,1.5656103728412314
NASDAQCOM,1981-10-07 00:00:00,1981-10-08 00:00:00,188.78,191.01,1.1812692022459952
NASDAQCOM,1981-10-13 00:00:00,1981-10-14 00:00:00,191.92,189.43,-1.2974155898290853
NASDAQCOM,1981-10-29 00:00:00,1981-10-30 00:00:00,193.08,195.24,1.1187072715972635
NASDAQCOM,1981-10-30 00:00:00,1981-11-02 00:00:00,195.24,197.25,1.0295021511985203
NASDAQCOM,1981-11-13 00:00:00,1981-11-16 00:00:00,200.16,197.16,-1.498800959232614
NASDAQCOM,1981-12-11 00:00:00,1981-12-14 00:00:00,198.64,195.67,-1.4951671365283925
NASDAQCOM,1982-01-04 00:00:00,1982-01-05 00:00:00,195.53,192.33,-1.6365775072878785
NASDAQCOM,1982-01-08 00:00:00,1982-01-11 00:00:00,192.05,188.8,-1.6922676386357718
NASDAQCOM,1982-01-22 00:00:00,1982-01-25 00:00:00,185.83,183.52,-1.243071624603133
NASDAQCOM,1982-01-27 00:00:00,1982-01-28 00:00:00,183.57,186.22,1.4435910007081798
NASDAQCOM,1982-01-28 00:00:00,1982-01-29 00:00:00,186.22,188.39,1.1652883685962772
NASDAQCOM,1982-02-05 00:00:00,1982-02-08 00:00:00,188.21,184.63,-1.90213059879922
NASDAQCOM,1982-02-08 00:00:00,1982-02-09 00:00:00,184.63,182.51,-1.1482424308075636
NASDAQCOM,1982-03-02 00:00:00,1982-03-03 00:00:00,180.14,178.01,-1.1824136782502472
NASDAQCOM,1982-03-04 00:00:00,1982-03-05 00:00:00,176.29,173.97,-1.3160133870327264
NASDAQCOM,1982-03-05 00:00:00,1982-03-08 00:00:00,173.97,171.03,-1.6899465425073275
NASDAQCOM,1982-03-11 00:00:00,1982-03-12 00:00:00,170.09,168.23,-1.0935387147980562
NASDAQCOM,1982-03-17 00:00:00,1982-03-18 00:00:00,168.2,170.13,1.1474435196195047
NASDAQCOM,1982-03-19 00:00:00,1982-03-22 00:00:00,171.76,173.83,1.2051700046576745
NASDAQCOM,1982-05-18 00:00:00,1982-05-19 00:00:00,185.81,183.91,-1.0225499165814573
NASDAQCOM,1982-05-25 00:00:00,1982-05-26 00:00:00,181.12,178.76,-1.303003533568912
NASDAQCOM,1982-06-03 00:00:00,1982-06-04 00:00:00,177.1,174.82,-1.2874082439299839
NASDAQCOM,1982-06-08 00:00:00,1982-06-09 00:00:00,173.28,170.94,-1.350415512465376
NASDAQCOM,1982-06-10 00:00:00,1982-06-11 00:00:00,171.37,173.55,1.2721013012779405
NASDAQCOM,1982-06-22 00:00:00,1982-06-23 00:00:00,169.05,170.86,1.070689145223308
NASDAQCOM,1982-07-27 00:00:00,1982-07-28 00:00:00,170.71,168.37,-1.3707457090973014
NASDAQCOM,1982-08-06 00:00:00,1982-08-09 00:00:00,163.59,161.38,-1.3509383214132942
NASDAQCOM,1982-08-16 00:00:00,1982-08-17 00:00:00,159.68,162.28,1.6282565130260485
NASDAQCOM,1982-08-17 00:00:00,1982-08-18 00:00:00,162.28,164.99,1.6699531673650532
NASDAQCOM,1982-08-19 00:00:00,1982-08-20 00:00:00,164.92,166.96,1.236963376182404
NASDAQCOM,1982-08-20 00:00:00,1982-08-23 00:00:00,166.96,169.88,1.7489218974604621
NASDAQCOM,1982-08-23 00:00:00,1982-08-24 00:00:00,169.88,172.23,1.3833294089945811
NASDAQCOM,1982-08-24 00:00:00,1982-08-25 00:00:00,172.23,174.93,1.567671137432513
NASDAQCOM,1982-08-25 00:00:00,1982-08-26 00:00:00,174.93,178.17,1.852169439204242
NASDAQCOM,1982-09-01 00:00:00,1982-09-02 00:00:00,177.3,179.59,1.2915961646926069
NASDAQCOM,1982-09-02 00:00:00,1982-09-03 00:00:00,179.59,182.05,1.3697867364552636
NASDAQCOM,1982-09-20 00:00:00,1982-09-21 00:00:00,186.0,187.91,1.0268817204301057
NASDAQCOM,1982-10-05 00:00:00,1982-10-06 00:00:00,188.77,191.98,1.7004820681252208
NASDAQCOM,1982-10-06 00:00:00,1982-10-07 00:00:00,191.98,195.59,1.880404208771754
NASDAQCOM,1982-10-07 00:00:00,1982-10-08 00:00:00,195.59,198.19,1.3293113144843776
NASDAQCOM,1982-10-08 00:00:00,1982-10-11 00:00:00,198.19,202.31,2.0788132600030296
NASDAQCOM,1982-10-12 00:00:00,1982-10-13 00:00:00,202.16,205.17,1.4889196675900231
NASDAQCOM,1982-10-15 00:00:00,1982-10-18 00:00:00,204.46,206.61,1.0515504255111052
NASDAQCOM,1982-10-19 00:00:00,1982-10-20 00:00:00,207.48,210.7,1.5519568151147094
NASDAQCOM,1982-10-20 00:00:00,1982-10-21 00:00:00,210.7,214.28,1.6990982439487483
NASDAQCOM,1982-10-22 00:00:00,1982-10-25 00:00:00,215.29,209.92,-2.494310000464492
NASDAQCOM,1982-10-26 00:00:00,1982-10-27 00:00:00,209.92,212.2,1.0861280487804885
NASDAQCOM,1982-11-01 00:00:00,1982-11-02 00:00:00,214.52,217.65,1.459071415252655
NASDAQCOM,1982-11-02 00:00:00,1982-11-03 00:00:00,217.65,222.77,2.3524006432345526
NASDAQCOM,1982-11-03 00:00:00,1982-11-04 00:00:00,222.77,225.01,1.005521389774198
NASDAQCOM,1982-11-08 00:00:00,1982-11-09 00:00:00,226.74,230.19,1.521566551997878
NASDAQCOM,1982-11-12 00:00:00,1982-11-15 00:00:00,232.61,229.34,-1.4057865096083617
NASDAQCOM,1982-11-15 00:00:00,1982-11-16 00:00:00,229.34,224.97,-1.905467864306272
NASDAQCOM,1982-11-16 00:00:00,1982-11-17 00:00:00,224.97,227.75,1.2357203182646581
NASDAQCOM,1982-11-19 00:00:00,1982-11-22 00:00:00,229.41,225.79,-1.5779608561091514
NASDAQCOM,1982-11-29 00:00:00,1982-11-30 00:00:00,228.39,232.31,1.716362362625341
NASDAQCOM,1982-11-30 00:00:00,1982-12-01 00:00:00,232.31,235.59,1.4119065042400247
NASDAQCOM,1982-12-08 00:00:00,1982-12-09 00:00:00,240.7,237.24,-1.4374740340672951
NASDAQCOM,1982-12-09 00:00:00,1982-12-10 00:00:00,237.24,233.85,-1.4289327263530665
NASDAQCOM,1982-12-14 00:00:00,1982-12-15 00:00:00,231.33,225.69,-2.438075476591888
NASDAQCOM,1982-12-16 00:00:00,1982-12-17 00:00:00,225.6,228.93,1.4760638297872397
NASDAQCOM,1982-12-21 00:00:00,1982-12-22 00:00:00,228.52,231.04,1.1027481183266155
NASDAQCOM,1983-01-05 00:00:00,1983-01-06 00:00:00,232.73,236.61,1.6671679628754452
NASDAQCOM,1983-01-21 00:00:00,1983-01-24 00:00:00,243.97,236.73,-2.9675779808992946
NASDAQCOM,1983-01-24 00:00:00,1983-01-25 00:00:00,236.73,239.19,1.0391585350399224
NASDAQCOM,1983-01-26 00:00:00,1983-01-27 00:00:00,241.43,245.44,1.6609369175330284
NASDAQCOM,1983-02-09 00:00:00,1983-02-10 00:00:00,251.38,254.77,1.348555971039866
NASDAQCOM,1983-04-08 00:00:00,1983-04-11 00:00:00,268.1,270.81,1.0108168593808202
NASDAQCOM,1983-04-12 00:00:00,1983-04-13 00:00:00,272.73,275.93,1.173321600117328
NASDAQCOM,1983-04-13 00:00:00,1983-04-14 00:00:00,275.93,278.81,1.0437429782915941
NASDAQCOM,1983-04-14 00:00:00,1983-04-15 00:00:00,278.81,281.6,1.00068146766616
NASDAQCOM,1983-04-19 00:00:00,1983-04-20 00:00:00,281.86,284.81,1.0466188888100434
NASDAQCOM,1983-05-03 00:00:00,1983-05-04 00:00:00,289.65,293.21,1.2290695667184541
NASDAQCOM,1983-05-04 00:00:00,1983-05-05 00:00:00,293.21,297.32,1.401725725589173
NASDAQCOM,1983-05-05 00:00:00,1983-05-06 00:00:00,297.32,301.64,1.4529799542580362
NASDAQCOM,1983-05-13 00:00:00,1983-05-16 00:00:00,303.75,299.6,-1.3662551440329143
NASDAQCOM,1983-05-23 00:00:00,1983-05-24 00:00:00,303.86,307.36,1.1518462449812412
NASDAQCOM,1983-05-27 00:00:00,1983-05-31 00:00:00,312.05,308.73,-1.0639320621695219
NASDAQCOM,1983-06-02 00:00:00,1983-06-03 00:00:00,310.45,313.85,1.0951844097278256
NASDAQCOM,1983-06-15 00:00:00,1983-06-16 00:00:00,322.04,326.5,1.3849211278102034
NASDAQCOM,1983-06-24 00:00:00,1983-06-27 00:00:00,328.91,324.34,-1.3894378401386547
NASDAQCOM,1983-06-27 00:00:00,1983-06-28 00:00:00,324.34,315.87,-2.6114571129062005
NASDAQCOM,1983-07-01 00:00:00,1983-07-05 00:00:00,321.58,317.15,-1.3775732321661818
NASDAQCOM,1983-07-06 00:00:00,1983-07-07 00:00:00,316.24,320.03,1.1984568682013546
NASDAQCOM,1983-07-11 00:00:00,1983-07-12 00:00:00,320.88,316.93,-1.2309897781101935
NASDAQCOM,1983-07-19 00:00:00,1983-07-20 00:00:00,311.17,316.76,1.7964456727833578
NASDAQCOM,1983-07-26 00:00:00,1983-07-27 00:00:00,320.38,315.04,-1.6667707097821258
NASDAQCOM,1983-07-27 00:00:00,1983-07-28 00:00:00,315.04,308.47,-2.0854494667343806
NASDAQCOM,1983-07-28 00:00:00,1983-07-29 00:00:00,308.47,303.96,-1.4620546568548147
NASDAQCOM,1983-08-03 00:00:00,1983-08-04 00:00:00,303.86,299.7,-1.3690515368919978
NASDAQCOM,1983-08-05 00:00:00,1983-08-08 00:00:00,300.2,294.93,-1.755496335776143
NASDAQCOM,1983-08-22 00:00:00,1983-08-23 00:00:00,298.76,293.66,-1.7070558307671595
NASDAQCOM,1983-09-01 00:00:00,1983-09-02 00:00:00,294.55,297.85,1.1203530809709765
NASDAQCOM,1983-09-02 00:00:00,1983-09-06 00:00:00,297.85,301.23,1.1347993956689593
NASDAQCOM,1983-09-16 00:00:00,1983-09-19 00:00:00,298.27,301.83,1.193549468602274
NASDAQCOM,1983-10-11 00:00:00,1983-10-12 00:00:00,295.41,291.59,-1.293118039335178
NASDAQCOM,1983-10-17 00:00:00,1983-10-18 00:00:00,289.69,283.62,-2.0953432980082134
NASDAQCOM,1983-11-10 00:00:00,1983-11-11 00:00:00,273.08,277.13,1.4830818807675448
NASDAQCOM,1984-01-03 00:00:00,1984-01-04 00:00:00,277.63,280.97,1.2030400172892093
NASDAQCOM,1984-01-04 00:00:00,1984-01-05 00:00:00,280.97,284.45,1.238566394988775
NASDAQCOM,1984-01-05 00:00:00,1984-01-06 00:00:00,284.45,287.9,1.2128669361926485
NASDAQCOM,1984-01-20 00:00:00,1984-01-23 00:00:00,284.41,280.2,-1.4802573749165064
NASDAQCOM,1984-01-27 00:00:00,1984-01-30 00:00:00,273.18,269.23,-1.4459330844132032
NASDAQCOM,1984-02-03 00:00:00,1984-02-06 00:00:00,264.01,258.64,-2.0340138631112477
NASDAQCOM,1984-02-07 00:00:00,1984-02-08 00:00:00,257.81,253.96,-1.4933478142818333
NASDAQCOM,1984-02-10 00:00:00,1984-02-13 00:00:00,254.04,250.57,-1.3659266257282314
NASDAQCOM,1984-02-23 00:00:00,1984-02-24 00:00:00,247.09,251.44,1.7604921283742743
NASDAQCOM,1984-02-24 00:00:00,1984-02-27 00:00:00,251.44,254.32,1.1454024817053754
NASDAQCOM,1984-02-27 00:00:00,1984-02-28 00:00:00,254.32,251.55,-1.0891789871028554
NASDAQCOM,1984-03-06 00:00:00,1984-03-07 00:00:00,252.24,249.16,-1.221059308594994
NASDAQCOM,1984-04-04 00:00:00,1984-04-05 00:00:00,248.51,245.74,-1.1146432739125114
NASDAQCOM,1984-04-30 00:00:00,1984-05-01 00:00:00,247.44,250.26,1.1396702230843814
NASDAQCOM,1984-05-01 00:00:00,1984-05-02 00:00:00,250.26,253.01,1.098857188523935
NASDAQCOM,1984-05-16 00:00:00,1984-05-17 00:00:00,248.68,246.12,-1.0294354190123862
NASDAQCOM,1984-05-23 00:00:00,1984-05-24 00:00:00,239.58,235.39,-1.7488938976542392
NASDAQCOM,1984-05-25 00:00:00,1984-05-29 00:00:00,235.23,232.61,-1.1138035114568618
NASDAQCOM,1984-05-31 00:00:00,1984-06-01 00:00:00,232.82,235.9,1.3229104028863554
NASDAQCOM,1984-06-01 00:00:00,1984-06-04 00:00:00,235.9,238.75,1.2081390419669327
NASDAQCOM,1984-06-25 00:00:00,1984-06-26 00:00:00,240.85,237.87,-1.2372846169815195
NASDAQCOM,1984-06-29 00:00:00,1984-07-02 00:00:00,241.11,237.91,-1.3271950561984225
NASDAQCOM,1984-07-20 00:00:00,1984-07-23 00:00:00,229.37,227.06,-1.0071064219383539
NASDAQCOM,1984-07-31 00:00:00,1984-08-01 00:00:00,229.7,233.35,1.5890291684806295
NASDAQCOM,1984-08-01 00:00:00,1984-08-02 00:00:00,233.35,238.87,2.365545318191562
NASDAQCOM,1984-08-02 00:00:00,1984-08-03 00:00:00,238.87,246.24,3.0853602377862455
NASDAQCOM,1984-08-03 00:00:00,1984-08-06 00:00:00,246.24,249.27,1.2305068226120863
NASDAQCOM,1984-08-20 00:00:00,1984-08-21 00:00:00,250.22,253.33,1.2429062425065995
NASDAQCOM,1984-08-31 00:00:00,1984-09-04 00:00:00,254.64,251.39,-1.276311655670751
NASDAQCOM,1984-10-17 00:00:00,1984-10-18 00:00:00,247.09,249.76,1.0805779270711027
NASDAQCOM,1984-11-21 00:00:00,1984-11-23 00:00:00,243.01,245.45,1.004073906423603
NASDAQCOM,1984-12-17 00:00:00,1984-12-18 00:00:00,238.46,243.44,2.0884005703262556
NASDAQCOM,1985-01-10 00:00:00,1985-01-11 00:00:00,249.46,252.16,1.0823378497554672
NASDAQCOM,1985-01-11 00:00:00,1985-01-14 00:00:00,252.16,255.46,1.3086928934010196
NASDAQCOM,1985-01-18 00:00:00,1985-01-21 00:00:00,263.05,266.41,1.2773237027181197
NASDAQCOM,1985-02-28 00:00:00,1985-03-01 00:00:00,284.17,287.16,1.0521870711194035
NASDAQCOM,1985-03-12 00:00:00,1985-03-13 00:00:00,281.42,278.21,-1.1406438774785148
NASDAQCOM,1985-03-18 00:00:00,1985-03-19 00:00:00,277.14,286.91,3.525294075196666
NASDAQCOM,1985-03-19 00:00:00,1985-03-20 00:00:00,286.91,278.78,-2.833641211529766
NASDAQCOM,1985-05-09 00:00:00,1985-05-10 00:00:00,283.27,287.46,1.4791541638719234
NASDAQCOM,1985-07-26 00:00:00,1985-07-29 00:00:00,304.62,300.94,-1.2080625041034754
NASDAQCOM,1985-09-10 00:00:00,1985-09-11 00:00:00,294.5,291.43,-1.0424448217317464
NASDAQCOM,1985-09-16 00:00:00,1985-09-17 00:00:00,285.38,281.07,-1.510267012404514
NASDAQCOM,1985-12-03 00:00:00,1985-12-04 00:00:00,313.14,316.68,1.1304847671967875
NASDAQCOM,1985-12-12 00:00:00,1985-12-13 00:00:00,320.58,323.99,1.063697049098517
NASDAQCOM,1986-01-06 00:00:00,1986-01-07 00:00:00,325.99,329.74,1.1503420350317495
NASDAQCOM,1986-01-08 00:00:00,1986-01-09 00:00:00,328.09,323.01,-1.5483556341247782
NASDAQCOM,1986-01-14 00:00:00,1986-01-15 00:00:00,324.79,328.19,1.0468302595523191
NASDAQCOM,1986-04-07 00:00:00,1986-04-08 00:00:00,369.07,373.09,1.0892242663993232
NASDAQCOM,1986-04-15 00:00:00,1986-04-16 00:00:00,381.71,387.64,1.5535354064604037
NASDAQCOM,1986-04-29 00:00:00,1986-04-30 00:00:00,389.18,383.24,-1.5262860373092138
NASDAQCOM,1986-06-06 00:00:00,1986-06-09 00:00:00,400.25,394.73,-1.3791380387257919
NASDAQCOM,1986-07-03 00:00:00,1986-07-07 00:00:00,411.16,400.96,-2.480786068683735
NASDAQCOM,1986-07-07 00:00:00,1986-07-08 00:00:00,400.96,390.65,-2.5713288108539514
NASDAQCOM,1986-07-11 00:00:00,1986-07-14 00:00:00,391.55,384.8,-1.7239177627378366
NASDAQCOM,1986-07-14 00:00:00,1986-07-15 00:00:00,384.8,378.7,-1.5852390852390912
NASDAQCOM,1986-07-25 00:00:00,1986-07-28 00:00:00,379.83,374.78,-1.3295421635995082
NASDAQCOM,1986-08-01 00:00:00,1986-08-04 00:00:00,370.66,366.66,-1.0791560999298546
NASDAQCOM,1986-08-08 00:00:00,1986-08-11 00:00:00,365.87,369.94,1.1124169787082825
NASDAQCOM,1986-09-05 00:00:00,1986-09-08 00:00:00,378.36,372.78,-1.474785918173179
NASDAQCOM,1986-09-10 00:00:00,1986-09-11 00:00:00,366.8,353.34,-3.669574700109061
NASDAQCOM,1986-09-11 00:00:00,1986-09-12 00:00:00,353.34,346.78,-1.8565687439859633
NASDAQCOM,1986-09-26 00:00:00,1986-09-29 00:00:00,351.61,347.83,-1.0750547481584793
NASDAQCOM,1986-11-17 00:00:00,1986-11-18 00:00:00,357.07,352.62,-1.246254235864113
NASDAQCOM,1986-12-31 00:00:00,1987-01-02 00:00:00,348.83,353.26,1.269959579164638
NASDAQCOM,1987-01-02 00:00:00,1987-01-05 00:00:00,353.26,361.19,2.244805525675142
NASDAQCOM,1987-01-05 00:00:00,1987-01-06 00:00:00,361.19,366.02,1.3372463246490722
NASDAQCOM,1987-01-06 00:00:00,1987-01-07 00:00:00,366.02,372.49,1.7676629692366612
NASDAQCOM,1987-01-07 00:00:00,1987-01-08 00:00:00,372.49,377.54,1.3557410937206398
NASDAQCOM,1987-01-09 00:00:00,1987-01-12 00:00:00,380.65,385.46,1.2636280047287543
NASDAQCOM,1987-01-23 00:00:00,1987-01-26 00:00:00,392.19,387.98,-1.0734592926897626
NASDAQCOM,1987-01-30 00:00:00,1987-02-02 00:00:00,392.06,397.18,1.3059225628730309
NASDAQCOM,1987-02-10 00:00:00,1987-02-11 00:00:00,403.5,408.25,1.1771995043370507
NASDAQCOM,1987-02-13 00:00:00,1987-02-17 00:00:00,412.48,418.18,1.381885182311867
NASDAQCOM,1987-03-27 00:00:00,1987-03-30 00:00:00,436.85,427.07,-2.238754721300224
NASDAQCOM,1987-04-02 00:00:00,1987-04-03 00:00:00,432.07,437.36,1.2243386488300554
NASDAQCOM,1987-04-10 00:00:00,1987-04-13 00:00:00,430.93,423.71,-1.6754461281414679
NASDAQCOM,1987-04-13 00:00:00,1987-04-14 00:00:00,423.71,413.2,-2.4804701328738976
NASDAQCOM,1987-04-23 00:00:00,1987-04-24 00:00:00,417.43,412.62,-1.152289006540019
NASDAQCOM,1987-05-15 00:00:00,1987-05-18 00:00:00,418.88,413.54,-1.2748281130634012
NASDAQCOM,1987-05-18 00:00:00,1987-05-19 00:00:00,413.54,408.15,-1.3033805677806363
NASDAQCOM,1987-07-13 00:00:00,1987-07-14 00:00:00,426.53,431.14,1.0808149485382068
NASDAQCOM,1987-08-05 00:00:00,1987-08-06 00:00:00,436.26,440.8,1.0406638243249486
NASDAQCOM,1987-08-17 00:00:00,1987-08-18 00:00:00,451.65,446.76,-1.0826967784789077
NASDAQCOM,1987-08-19 00:00:00,1987-08-20 00:00:00,447.95,452.75,1.071548163857576
NASDAQCOM,1987-09-04 00:00:00,1987-09-08 00:00:00,446.48,437.6,-1.9888908797706495
NASDAQCOM,1987-09-18 00:00:00,1987-09-21 00:00:00,440.86,436.01,-1.1001224878646334
NASDAQCOM,1987-10-05 00:00:00,1987-10-06 00:00:00,453.63,447.51,-1.3491171218834743
NASDAQCOM,1987-10-07 00:00:00,1987-10-08 00:00:00,444.64,440.03,-1.0367938107232848
NASDAQCOM,1987-10-09 00:00:00,1987-10-12 00:00:00,438.43,433.04,-1.229386675181896
NASDAQCOM,1987-10-13 00:00:00,1987-10-14 00:00:00,434.81,428.28,-1.5018053862606724
NASDAQCOM,1987-10-14 00:00:00,1987-10-15 00:00:00,428.28,422.51,-1.3472494629681475
NASDAQCOM,1987-10-15 00:00:00,1987-10-16 00:00:00,422.51,406.33,-3.829495159877874
NASDAQCOM,1987-10-16 00:00:00,1987-10-19 00:00:00,406.33,360.21,-11.350380232815693
NASDAQCOM,1987-10-19 00:00:00,1987-10-20 00:00:00,360.21,327.79,-9.000305377418718
NASDAQCOM,1987-10-20 00:00:00,1987-10-21 00:00:00,327.79,351.86,7.343116019402664
NASDAQCOM,1987-10-21 00:00:00,1987-10-22 00:00:00,351.86,336.13,-4.470528050929352
NASDAQCOM,1987-10-22 00:00:00,1987-10-23 00:00:00,336.13,328.45,-2.284830274001133
NASDAQCOM,1987-10-23 00:00:00,1987-10-26 00:00:00,328.45,298.9,-8.996803166387583
NASDAQCOM,1987-10-27 00:00:00,1987-10-28 00:00:00,296.34,291.88,-1.5050280083687588
NASDAQCOM,1987-10-28 00:00:00,1987-10-29 00:00:00,291.88,307.05,5.197341373167061
NASDAQCOM,1987-10-29 00:00:00,1987-10-30 00:00:00,307.05,323.3,5.292297671389024
NASDAQCOM,1987-10-30 00:00:00,1987-11-02 00:00:00,323.3,328.33,1.5558304979894748
NASDAQCOM,1987-11-02 00:00:00,1987-11-03 00:00:00,328.33,320.66,-2.336064325526135
NASDAQCOM,1987-11-04 00:00:00,1987-11-05 00:00:00,320.13,326.18,1.8898572454940217
NASDAQCOM,1987-11-06 00:00:00,1987-11-09 00:00:00,326.39,320.43,-1.8260363368975703
NASDAQCOM,1987-11-09 00:00:00,1987-11-10 00:00:00,320.43,315.19,-1.6353025621820707
NASDAQCOM,1987-11-11 00:00:00,1987-11-12 00:00:00,317.8,324.0,1.9509125235997447
NASDAQCOM,1987-11-16 00:00:00,1987-11-17 00:00:00,322.37,316.75,-1.743338399975185
NASDAQCOM,1987-11-18 00:00:00,1987-11-19 00:00:00,318.22,313.93,-1.348123939412991
NASDAQCOM,1987-11-23 00:00:00,1987-11-24 00:00:00,313.13,316.68,1.133714431705685
NASDAQCOM,1987-11-27 00:00:00,1987-11-30 00:00:00,316.47,305.16,-3.573798464309413
NASDAQCOM,1987-12-02 00:00:00,1987-12-03 00:00:00,305.22,298.75,-2.1197824520018433
NASDAQCOM,1987-12-03 00:00:00,1987-12-04 00:00:00,298.75,292.92,-1.9514644351464383
NASDAQCOM,1987-12-07 00:00:00,1987-12-08 00:00:00,294.77,297.96,1.0821996811073034
NASDAQCOM,1987-12-08 00:00:00,1987-12-09 00:00:00,297.96,301.95,1.339105920257756
NASDAQCOM,1987-12-11 00:00:00,1987-12-14 00:00:00,302.57,309.36,2.2441088012691344
NASDAQCOM,1987-12-14 00:00:00,1987-12-15 00:00:00,309.36,312.68,1.0731833462632507
NASDAQCOM,1987-12-15 00:00:00,1987-12-16 00:00:00,312.68,319.25,2.101189714724317
NASDAQCOM,1987-12-17 00:00:00,1987-12-18 00:00:00,319.51,326.91,2.316046446120633
NASDAQCOM,1987-12-22 00:00:00,1987-12-23 00:00:00,327.3,331.48,1.2771157959058987
NASDAQCOM,1987-12-24 00:00:00,1987-12-28 00:00:00,333.19,325.6,-2.277979531198408
NASDAQCOM,1987-12-29 00:00:00,1987-12-30 00:00:00,325.53,329.7,1.28098792737997
NASDAQCOM,1987-12-31 00:00:00,1988-01-04 00:00:00,330.47,338.48,2.4238206191182226
NASDAQCOM,1988-01-04 00:00:00,1988-01-05 00:00:00,338.48,344.07,1.6515008272275984
NASDAQCOM,1988-01-07 00:00:00,1988-01-08 00:00:00,349.66,338.47,-3.200251673053823
NASDAQCOM,1988-01-11 00:00:00,1988-01-12 00:00:00,336.2,331.97,-1.25817965496727
NASDAQCOM,1988-01-14 00:00:00,1988-01-15 00:00:00,334.23,340.14,1.7682434251862393
NASDAQCOM,1988-01-19 00:00:00,1988-01-20 00:00:00,340.36,333.68,-1.9626278058526285
NASDAQCOM,1988-02-02 00:00:00,1988-02-03 00:00:00,347.19,343.71,-1.0023330165039368
NASDAQCOM,1988-02-09 00:00:00,1988-02-10 00:00:00,344.97,349.32,1.2609792155839539
NASDAQCOM,1988-03-23 00:00:00,1988-03-24 00:00:00,380.09,375.6,-1.1812991659869905
NASDAQCOM,1988-04-05 00:00:00,1988-04-06 00:00:00,373.41,377.74,1.1595832998580606
NASDAQCOM,1988-04-13 00:00:00,1988-04-14 00:00:00,383.41,374.52,-2.3186667014423312
NASDAQCOM,1988-05-10 00:00:00,1988-05-11 00:00:00,375.43,369.24,-1.6487760701062775
NASDAQCOM,1988-05-17 00:00:00,1988-05-18 00:00:00,372.27,366.99,-1.418325408977348
NASDAQCOM,1988-05-27 00:00:00,1988-05-31 00:00:00,366.66,370.34,1.0036546119020209
NASDAQCOM,1988-05-31 00:00:00,1988-06-01 00:00:00,370.34,374.81,1.2069989739158686
NASDAQCOM,1988-06-07 00:00:00,1988-06-08 00:00:00,379.32,383.41,1.0782452810292185
NASDAQCOM,1988-08-09 00:00:00,1988-08-10 00:00:00,384.23,378.51,-1.4886916690523975
NASDAQCOM,1988-08-12 00:00:00,1988-08-15 00:00:00,378.95,374.07,-1.2877688349386451
NASDAQCOM,1988-11-04 00:00:00,1988-11-07 00:00:00,381.02,376.51,-1.18366489948034
NASDAQCOM,1988-11-10 00:00:00,1988-11-11 00:00:00,378.4,373.76,-1.2262156448202923
NASDAQCOM,1988-11-15 00:00:00,1988-11-16 00:00:00,372.13,367.79,-1.1662591030016325
NASDAQCOM,1989-01-03 00:00:00,1989-01-04 00:00:00,378.56,382.76,1.1094674556212987
NASDAQCOM,1989-03-16 00:00:00,1989-03-17 00:00:00,409.51,402.19,-1.7875021366999568
NASDAQCOM,1989-06-28 00:00:00,1989-06-29 00:00:00,444.9,437.91,-1.5711395819285126
NASDAQCOM,1989-10-12 00:00:00,1989-10-13 00:00:00,482.19,467.29,-3.090068230365619
NASDAQCOM,1989-10-13 00:00:00,1989-10-16 00:00:00,467.29,460.98,-1.3503391897964865
NASDAQCOM,1989-10-18 00:00:00,1989-10-19 00:00:00,463.28,470.8,1.6232084268692886
NASDAQCOM,1989-10-23 00:00:00,1989-10-24 00:00:00,467.22,461.7,-1.181456273275981
NASDAQCOM,1989-10-25 00:00:00,1989-10-26 00:00:00,462.89,458.15,-1.0240013826179026
NASDAQCOM,1989-10-26 00:00:00,1989-10-27 00:00:00,458.15,452.76,-1.176470588235291
NASDAQCOM,1989-11-03 00:00:00,1989-11-06 00:00:00,452.97,448.02,-1.0927876018279457
NASDAQCOM,1989-11-07 00:00:00,1989-11-08 00:00:00,449.4,454.05,1.0347129506008088
NASDAQCOM,1989-12-15 00:00:00,1989-12-18 00:00:00,443.84,436.03,-1.7596431146359055
NASDAQCOM,1989-12-28 00:00:00,1989-12-29 00:00:00,449.98,454.82,1.0756033601493342
NASDAQCOM,1990-01-09 00:00:00,1990-01-10 00:00:00,456.77,450.7,-1.328896381110842
NASDAQCOM,1990-01-11 00:00:00,1990-01-12 00:00:00,448.86,439.72,-2.036269660918769
NASDAQCOM,1990-01-19 00:00:00,1990-01-22 00:00:00,440.88,431.94,-2.027762656505171
NASDAQCOM,1990-01-23 00:00:00,1990-01-24 00:00:00,430.42,425.66,-1.1058965661446938
NASDAQCOM,1990-01-29 00:00:00,1990-01-30 00:00:00,418.11,410.72,-1.7674774580851895
NASDAQCOM,1990-01-30 00:00:00,1990-01-31 00:00:00,410.72,415.81,1.2392871055706989
NASDAQCOM,1990-02-01 00:00:00,1990-02-02 00:00:00,417.76,422.21,1.065204902336267
NASDAQCOM,1990-02-16 00:00:00,1990-02-20 00:00:00,429.01,423.83,-1.2074310622130036
NASDAQCOM,1990-03-21 00:00:00,1990-03-22 00:00:00,439.3,434.51,-1.0903710448440747
NASDAQCOM,1990-04-02 00:00:00,1990-04-03 00:00:00,433.18,437.65,1.0319035966572718
NASDAQCOM,1990-04-20 00:00:00,1990-04-23 00:00:00,425.79,420.08,-1.3410366612649514
NASDAQCOM,1990-05-10 00:00:00,1990-05-11 00:00:00,433.2,438.1,1.1311172668513467
NASDAQCOM,1990-05-18 00:00:00,1990-05-21 00:00:00,448.31,452.89,1.0216145078182473
NASDAQCOM,1990-05-24 00:00:00,1990-05-25 00:00:00,458.29,453.69,-1.0037312618647631
NASDAQCOM,1990-06-15 00:00:00,1990-06-18 00:00:00,467.55,460.79,-1.4458346700887585
NASDAQCOM,1990-07-16 00:00:00,1990-07-17 00:00:00,469.6,464.48,-1.0902896081771731
NASDAQCOM,1990-07-20 00:00:00,1990-07-23 00:00:00,455.27,444.64,-2.334878204142596
NASDAQCOM,1990-08-01 00:00:00,1990-08-02 00:00:00,435.91,428.89,-1.6104241701268698
NASDAQCOM,1990-08-02 00:00:00,1990-08-03 00:00:00,428.89,417.46,-2.6650190025414457
NASDAQCOM,1990-08-03 00:00:00,1990-08-06 00:00:00,417.46,400.04,-4.172854884300283
NASDAQCOM,1990-08-07 00:00:00,1990-08-08 00:00:00,402.08,407.73,1.4051929964186316
NASDAQCOM,1990-08-08 00:00:00,1990-08-09 00:00:00,407.73,412.98,1.2876168052387609
NASDAQCOM,1990-08-09 00:00:00,1990-08-10 00:00:00,412.98,408.03,-1.1986052593346035
NASDAQCOM,1990-08-15 00:00:00,1990-08-16 00:00:00,411.45,402.27,-2.231133795114839
NASDAQCOM,1990-08-16 00:00:00,1990-08-17 00:00:00,402.27,393.49,-2.1826136674372867
NASDAQCOM,1990-08-17 00:00:00,1990-08-20 00:00:00,393.49,388.59,-1.2452667157996478
NASDAQCOM,1990-08-20 00:00:00,1990-08-21 00:00:00,388.59,379.68,-2.2929051185053577
NASDAQCOM,1990-08-21 00:00:00,1990-08-22 00:00:00,379.68,374.84,-1.2747576906869027
NASDAQCOM,1990-08-22 00:00:00,1990-08-23 00:00:00,374.84,360.22,-3.900330807811319
NASDAQCOM,1990-08-23 00:00:00,1990-08-24 00:00:00,360.22,367.33,1.9737937926822375
NASDAQCOM,1990-08-24 00:00:00,1990-08-27 00:00:00,367.33,381.27,3.79495276726649
NASDAQCOM,1990-09-12 00:00:00,1990-09-13 00:00:00,380.32,376.18,-1.0885570046276782
NASDAQCOM,1990-09-19 00:00:00,1990-09-20 00:00:00,371.68,364.43,-1.9506026689625484
NASDAQCOM,1990-09-21 00:00:00,1990-09-24 00:00:00,362.25,352.16,-2.785369220151822
NASDAQCOM,1990-09-25 00:00:00,1990-09-26 00:00:00,354.78,350.03,-1.3388578837589493
NASDAQCOM,1990-09-26 00:00:00,1990-09-27 00:00:00,350.03,341.19,-2.525497814473038
NASDAQCOM,1990-09-28 00:00:00,1990-10-01 00:00:00,344.51,354.65,2.9433107892368833
NASDAQCOM,1990-10-02 00:00:00,1990-10-03 00:00:00,356.39,351.45,-1.3861219450601863
NASDAQCOM,1990-10-08 00:00:00,1990-10-09 00:00:00,348.14,339.11,-2.5937841098408607
NASDAQCOM,1990-10-09 00:00:00,1990-10-10 00:00:00,339.11,333.25,-1.7280528442098473
NASDAQCOM,1990-10-10 00:00:00,1990-10-11 00:00:00,333.25,325.61,-2.2925731432858174
NASDAQCOM,1990-10-15 00:00:00,1990-10-16 00:00:00,329.54,325.44,-1.2441585240031627
NASDAQCOM,1990-10-17 00:00:00,1990-10-18 00:00:00,326.78,334.03,2.2186180304792216
NASDAQCOM,1990-10-19 00:00:00,1990-10-22 00:00:00,337.36,341.12,1.1145364002845597
NASDAQCOM,1990-10-25 00:00:00,1990-10-26 00:00:00,339.74,334.36,-1.583563901807263
NASDAQCOM,1990-10-26 00:00:00,1990-10-29 00:00:00,334.36,330.8,-1.0647206603660733
NASDAQCOM,1990-11-01 00:00:00,1990-11-02 00:00:00,330.6,336.45,1.769509981851169
NASDAQCOM,1990-11-02 00:00:00,1990-11-05 00:00:00,336.45,340.76,1.2810224401842778
NASDAQCOM,1990-11-06 00:00:00,1990-11-07 00:00:00,340.53,336.8,-1.095351364050146
NASDAQCOM,1990-11-08 00:00:00,1990-11-09 00:00:00,336.37,341.95,1.6588875345601521
NASDAQCOM,1990-11-09 00:00:00,1990-11-12 00:00:00,341.95,351.46,2.781108349173853
NASDAQCOM,1990-11-13 00:00:00,1990-11-14 00:00:00,352.87,356.87,1.133561934990223
NASDAQCOM,1990-11-15 00:00:00,1990-11-16 00:00:00,354.46,350.85,-1.0184506009140544
NASDAQCOM,1990-11-19 00:00:00,1990-11-20 00:00:00,352.73,348.29,-1.2587531539704582
NASDAQCOM,1990-11-26 00:00:00,1990-11-27 00:00:00,348.86,354.05,1.4877028034168427
NASDAQCOM,1990-12-04 00:00:00,1990-12-05 00:00:00,364.11,370.87,1.8565818022026286
NASDAQCOM,1990-12-17 00:00:00,1990-12-18 00:00:00,365.72,370.17,1.2167778628458898
NASDAQCOM,1991-01-02 00:00:00,1991-01-03 00:00:00,372.19,367.51,-1.2574222843171516
NASDAQCOM,1991-01-04 00:00:00,1991-01-07 00:00:00,367.24,360.24,-1.9061104454852411
NASDAQCOM,1991-01-09 00:00:00,1991-01-10 00:00:00,357.45,361.92,1.250524548887964
NASDAQCOM,1991-01-11 00:00:00,1991-01-14 00:00:00,361.8,355.75,-1.672194582642347
NASDAQCOM,1991-01-15 00:00:00,1991-01-16 00:00:00,357.3,365.2,2.2110271480548493
NASDAQCOM,1991-01-16 00:00:00,1991-01-17 00:00:00,365.2,375.81,2.9052573932092045
NASDAQCOM,1991-01-22 00:00:00,1991-01-23 00:00:00,379.03,383.91,1.2874970318972252
NASDAQCOM,1991-01-23 00:00:00,1991-01-24 00:00:00,383.91,391.33,1.9327446536948658
NASDAQCOM,1991-01-29 00:00:00,1991-01-30 00:00:00,400.61,408.53,1.9769850977259578
NASDAQCOM,1991-01-30 00:00:00,1991-01-31 00:00:00,408.53,414.2,1.3879029691821938
NASDAQCOM,1991-02-01 00:00:00,1991-02-04 00:00:00,417.69,424.8,1.702219349278176
NASDAQCOM,1991-02-04 00:00:00,1991-02-05 00:00:00,424.8,432.2,1.741996233521652
NASDAQCOM,1991-02-05 00:00:00,1991-02-06 00:00:00,432.2,439.24,1.628875520592323
NASDAQCOM,1991-02-08 00:00:00,1991-02-11 00:00:00,436.8,444.1,1.6712454212454237
NASDAQCOM,1991-03-04 00:00:00,1991-03-05 00:00:00,461.13,473.05,2.584954351267542
NASDAQCOM,1991-03-08 00:00:00,1991-03-11 00:00:00,475.11,467.15,-1.6754014859716775
NASDAQCOM,1991-03-11 00:00:00,1991-03-12 00:00:00,467.15,461.4,-1.2308680295408327
NASDAQCOM,1991-03-12 00:00:00,1991-03-13 00:00:00,461.4,468.18,1.4694408322496813
NASDAQCOM,1991-03-25 00:00:00,1991-03-26 00:00:00,468.49,478.57,2.1515934171487086
NASDAQCOM,1991-04-01 00:00:00,1991-04-02 00:00:00,480.86,491.2,2.150314020712884
NASDAQCOM,1991-04-10 00:00:00,1991-04-11 00:00:00,490.76,499.31,1.7421957779770176
NASDAQCOM,1991-04-15 00:00:00,1991-04-16 00:00:00,500.84,506.75,1.180017570481596
NASDAQCOM,1991-04-18 00:00:00,1991-04-19 00:00:00,506.62,501.19,-1.071809245588411
NASDAQCOM,1991-04-19 00:00:00,1991-04-22 00:00:00,501.19,494.38,-1.3587661365949046
NASDAQCOM,1991-04-26 00:00:00,1991-04-29 00:00:00,494.64,487.74,-1.394953905870932
NASDAQCOM,1991-05-08 00:00:00,1991-05-09 00:00:00,492.51,497.81,1.0761202818216913
NASDAQCOM,1991-05-13 00:00:00,1991-05-14 00:00:00,493.93,488.79,-1.0406332881177467
NASDAQCOM,1991-05-14 00:00:00,1991-05-15 00:00:00,488.79,478.08,-2.1911250230160264
NASDAQCOM,1991-06-11 00:00:00,1991-06-12 00:00:00,496.62,491.05,-1.1215818936007396
NASDAQCOM,1991-06-18 00:00:00,1991-06-19 00:00:00,491.59,485.36,-1.267316259484522
NASDAQCOM,1991-06-21 00:00:00,1991-06-24 00:00:00,485.82,475.23,-2.1798196863035644
NASDAQCOM,1991-06-28 00:00:00,1991-07-01 00:00:00,475.92,481.31,1.1325432845856418
NASDAQCOM,1991-07-05 00:00:00,1991-07-08 00:00:00,474.05,479.51,1.1517772386878977
NASDAQCOM,1991-07-22 00:00:00,1991-07-23 00:00:00,494.99,489.65,-1.0788096729226917
NASDAQCOM,1991-08-16 00:00:00,1991-08-19 00:00:00,512.47,497.64,-2.893827931391114
NASDAQCOM,1991-08-20 00:00:00,1991-08-21 00:00:00,502.05,517.97,3.170998904491588
NASDAQCOM,1991-09-09 00:00:00,1991-09-10 00:00:00,518.07,511.28,-1.3106336981489135
NASDAQCOM,1991-09-11 00:00:00,1991-09-12 00:00:00,514.76,521.13,1.2374698888802558
NASDAQCOM,1991-10-02 00:00:00,1991-10-03 00:00:00,526.33,520.51,-1.1057701442061159
NASDAQCOM,1991-10-11 00:00:00,1991-10-14 00:00:00,519.05,525.66,1.2734803968789161
NASDAQCOM,1991-10-14 00:00:00,1991-10-15 00:00:00,525.66,534.11,1.6075029486740566
NASDAQCOM,1991-10-15 00:00:00,1991-10-16 00:00:00,534.11,540.94,1.2787628016700756
NASDAQCOM,1991-10-23 00:00:00,1991-10-24 00:00:00,535.17,528.75,-1.1996188127137095
NASDAQCOM,1991-10-29 00:00:00,1991-10-30 00:00:00,534.51,541.32,1.274064096088017
NASDAQCOM,1991-11-06 00:00:00,1991-11-07 00:00:00,539.48,545.28,1.0751093645732843
NASDAQCOM,1991-11-14 00:00:00,1991-11-15 00:00:00,554.84,531.28,-4.246269194722814
NASDAQCOM,1991-11-18 00:00:00,1991-11-19 00:00:00,534.73,523.47,-2.1057356048847065
NASDAQCOM,1991-11-29 00:00:00,1991-12-02 00:00:00,523.9,530.91,1.3380416109944628
NASDAQCOM,1991-12-20 00:00:00,1991-12-23 00:00:00,535.76,543.9,1.5193370165745832
NASDAQCOM,1991-12-23 00:00:00,1991-12-24 00:00:00,543.9,549.56,1.040632469203892
NASDAQCOM,1991-12-24 00:00:00,1991-12-26 00:00:00,549.56,559.3,1.7723269524710694
NASDAQCOM,1991-12-26 00:00:00,1991-12-27 00:00:00,559.3,565.71,1.1460754514571934
NASDAQCOM,1991-12-27 00:00:00,1991-12-30 00:00:00,565.71,579.75,2.4818369836135057
NASDAQCOM,1991-12-30 00:00:00,1991-12-31 00:00:00,579.75,586.34,1.1366968520914242
NASDAQCOM,1992-01-02 00:00:00,1992-01-03 00:00:00,586.45,592.65,1.0572086281865345
NASDAQCOM,1992-01-07 00:00:00,1992-01-08 00:00:00,602.29,610.32,1.3332447824138016
NASDAQCOM,1992-01-08 00:00:00,1992-01-09 00:00:00,610.32,619.8,1.5532835233975462
NASDAQCOM,1992-01-13 00:00:00,1992-01-14 00:00:00,617.63,625.75,1.3147029775108081
NASDAQCOM,1992-01-17 00:00:00,1992-01-20 00:00:00,626.85,619.38,-1.1916726489590854
NASDAQCOM,1992-01-20 00:00:00,1992-01-21 00:00:00,619.38,604.87,-2.342665245891051
NASDAQCOM,1992-01-21 00:00:00,1992-01-22 00:00:00,604.87,620.68,2.613784780200695
NASDAQCOM,1992-02-03 00:00:00,1992-02-04 00:00:00,623.43,631.0,1.2142501964936
NASDAQCOM,1992-02-11 00:00:00,1992-02-12 00:00:00,633.37,644.92,1.823578634921129
NASDAQCOM,1992-02-14 00:00:00,1992-02-18 00:00:00,636.43,626.41,-1.5744072403877853
NASDAQCOM,1992-02-19 00:00:00,1992-02-20 00:00:00,622.41,632.23,1.5777381468806817
NASDAQCOM,1992-02-25 00:00:00,1992-02-26 00:00:00,621.4,632.4,1.770196330865787
NASDAQCOM,1992-03-04 00:00:00,1992-03-05 00:00:00,630.29,621.97,-1.3200272890256766
NASDAQCOM,1992-03-09 00:00:00,1992-03-10 00:00:00,615.82,623.46,1.2406222597512238
NASDAQCOM,1992-03-10 00:00:00,1992-03-11 00:00:00,623.46,617.14,-1.0136977512591103
NASDAQCOM,1992-03-26 00:00:00,1992-03-27 00:00:00,615.4,604.67,-1.7435814104647414
NASDAQCOM,1992-04-01 00:00:00,1992-04-02 00:00:00,602.09,593.82,-1.3735488049959277
NASDAQCOM,1992-04-03 00:00:00,1992-04-06 00:00:00,590.01,596.29,1.0643887391739075
NASDAQCOM,1992-04-06 00:00:00,1992-04-07 00:00:00,596.29,581.61,-2.461889349142188
NASDAQCOM,1992-04-07 00:00:00,1992-04-08 00:00:00,581.61,573.68,-1.3634566118189273
NASDAQCOM,1992-04-08 00:00:00,1992-04-09 00:00:00,573.68,586.75,2.278273602008097
NASDAQCOM,1992-04-13 00:00:00,1992-04-14 00:00:00,588.15,594.81,1.1323641928079518
NASDAQCOM,1992-04-15 00:00:00,1992-04-16 00:00:00,600.03,591.81,-1.3699315034248334
NASDAQCOM,1992-04-16 00:00:00,1992-04-20 00:00:00,591.81,577.2,-2.4686977239316508
NASDAQCOM,1992-04-24 00:00:00,1992-04-27 00:00:00,572.89,566.94,-1.0385937963657828
NASDAQCOM,1992-04-27 00:00:00,1992-04-28 00:00:00,566.94,560.33,-1.1659082089815525
NASDAQCOM,1992-04-28 00:00:00,1992-04-29 00:00:00,560.33,569.94,1.715060767761857
NASDAQCOM,1992-04-29 00:00:00,1992-04-30 00:00:00,569.94,578.68,1.5334947538337185
NASDAQCOM,1992-05-13 00:00:00,1992-05-14 00:00:00,582.38,576.46,-1.0165184243964351
NASDAQCOM,1992-06-08 00:00:00,1992-06-09 00:00:00,582.01,573.8,-1.4106286833559623
NASDAQCOM,1992-06-16 00:00:00,1992-06-17 00:00:00,564.07,553.24,-1.9199744712535751
NASDAQCOM,1992-06-26 00:00:00,1992-06-29 00:00:00,547.84,558.8,2.0005841121495185
NASDAQCOM,1992-07-06 00:00:00,1992-07-07 00:00:00,563.17,557.41,-1.0227817532894137
NASDAQCOM,1992-07-08 00:00:00,1992-07-09 00:00:00,557.57,564.75,1.287730688523405
NASDAQCOM,1992-07-17 00:00:00,1992-07-20 00:00:00,570.52,564.28,-1.0937390450816815
NASDAQCOM,1992-07-27 00:00:00,1992-07-28 00:00:00,564.73,571.63,1.2218228179838113
NASDAQCOM,1992-07-28 00:00:00,1992-07-29 00:00:00,571.63,577.49,1.0251386386298853
NASDAQCOM,1992-08-21 00:00:00,1992-08-24 00:00:00,563.7,555.39,-1.4741883980840977
NASDAQCOM,1992-09-09 00:00:00,1992-09-10 00:00:00,574.89,581.24,1.1045591330515443
NASDAQCOM,1992-09-11 00:00:00,1992-09-14 00:00:00,583.01,594.21,1.9210648187852775
NASDAQCOM,1992-09-14 00:00:00,1992-09-15 00:00:00,594.21,587.86,-1.0686457649652517
NASDAQCOM,1992-09-24 00:00:00,1992-09-25 00:00:00,585.93,577.2,-1.4899390712200955
NASDAQCOM,1992-10-01 00:00:00,1992-10-02 00:00:00,578.33,571.63,-1.1585081182024182
NASDAQCOM,1992-10-02 00:00:00,1992-10-05 00:00:00,571.63,565.21,-1.1231041058026974
NASDAQCOM,1992-10-16 00:00:00,1992-10-19 00:00:00,582.61,590.67,1.383429738590128
NASDAQCOM,1992-11-04 00:00:00,1992-11-05 00:00:00,605.52,614.08,1.4136609855991642
NASDAQCOM,1992-11-10 00:00:00,1992-11-11 00:00:00,627.76,634.92,1.1405632725882453
NASDAQCOM,1992-11-16 00:00:00,1992-11-17 00:00:00,634.01,627.07,-1.0946199586757215
NASDAQCOM,1992-11-17 00:00:00,1992-11-18 00:00:00,627.07,634.86,1.2422855502575412
NASDAQCOM,1992-11-23 00:00:00,1992-11-24 00:00:00,638.84,645.94,1.111389393275315
NASDAQCOM,1992-12-16 00:00:00,1992-12-17 00:00:00,649.63,658.46,1.3592352569924482
NASDAQCOM,1993-01-05 00:00:00,1993-01-06 00:00:00,674.34,681.85,1.1136815256398835
NASDAQCOM,1993-01-12 00:00:00,1993-01-13 00:00:00,679.45,686.78,1.078813746412529
NASDAQCOM,1993-01-13 00:00:00,1993-01-14 00:00:00,686.78,695.7,1.2988147587291525
NASDAQCOM,1993-01-26 00:00:00,1993-01-27 00:00:00,707.16,697.9,-1.3094632049324044
NASDAQCOM,1993-02-04 00:00:00,1993-02-05 00:00:00,708.85,700.98,-1.1102489948508152
NASDAQCOM,1993-02-12 00:00:00,1993-02-16 00:00:00,690.54,665.39,-3.642077214933238
NASDAQCOM,1993-02-19 00:00:00,1993-02-22 00:00:00,663.61,652.42,-1.686231370835288
NASDAQCOM,1993-02-23 00:00:00,1993-02-24 00:00:00,651.56,662.46,1.672908097489117
NASDAQCOM,1993-03-01 00:00:00,1993-03-02 00:00:00,669.51,677.72,1.2262699586264636
NASDAQCOM,1993-03-16 00:00:00,1993-03-17 00:00:00,695.47,687.4,-1.1603663709433978
NASDAQCOM,1993-04-01 00:00:00,1993-04-02 00:00:00,686.64,669.85,-2.4452405918676403
NASDAQCOM,1993-04-08 00:00:00,1993-04-12 00:00:00,666.33,673.12,1.0190146023741935
NASDAQCOM,1993-04-23 00:00:00,1993-04-26 00:00:00,658.41,645.87,-1.9045883264227403
NASDAQCOM,1993-04-26 00:00:00,1993-04-27 00:00:00,645.87,652.52,1.0296189635685165
NASDAQCOM,1993-05-03 00:00:00,1993-05-04 00:00:00,666.71,678.16,1.7173883697559555
NASDAQCOM,1993-05-18 00:00:00,1993-05-19 00:00:00,680.78,690.43,1.4174917006962569
NASDAQCOM,1993-05-19 00:00:00,1993-05-20 00:00:00,690.43,697.43,1.0138609272482366
NASDAQCOM,1993-05-25 00:00:00,1993-05-26 00:00:00,695.04,704.09,1.3020833333333433
NASDAQCOM,1993-06-04 00:00:00,1993-06-07 00:00:00,702.01,694.61,-1.0541160382330705
NASDAQCOM,1993-06-25 00:00:00,1993-06-28 00:00:00,694.81,702.84,1.1557116333961928
NASDAQCOM,1993-07-15 00:00:00,1993-07-16 00:00:00,708.69,699.73,-1.2643045619382292
NASDAQCOM,1993-08-13 00:00:00,1993-08-16 00:00:00,718.26,726.89,1.2015147718096504
NASDAQCOM,1993-09-03 00:00:00,1993-09-07 00:00:00,749.71,739.35,-1.3818676554934592
NASDAQCOM,1993-09-07 00:00:00,1993-09-08 00:00:00,739.35,730.73,-1.165888956515859
NASDAQCOM,1993-09-13 00:00:00,1993-09-14 00:00:00,740.32,732.64,-1.0373892370866737
NASDAQCOM,1993-09-21 00:00:00,1993-09-22 00:00:00,733.56,745.54,1.6331315775124078
NASDAQCOM,1993-10-18 00:00:00,1993-10-19 00:00:00,782.91,768.71,-1.813746152175848
NASDAQCOM,1993-11-02 00:00:00,1993-11-03 00:00:00,785.66,772.95,-1.6177481353257035
NASDAQCOM,1993-11-03 00:00:00,1993-11-04 00:00:00,772.95,757.26,-2.029885503590149
NASDAQCOM,1993-11-16 00:00:00,1993-11-17 00:00:00,771.69,762.36,-1.209034716012912
NASDAQCOM,1993-11-17 00:00:00,1993-11-18 00:00:00,762.36,754.34,-1.051996432131799
NASDAQCOM,1993-11-19 00:00:00,1993-11-22 00:00:00,751.56,738.13,-1.786949811059656
NASDAQCOM,1993-11-22 00:00:00,1993-11-23 00:00:00,738.13,746.82,1.1772993917060754
NASDAQCOM,1993-11-30 00:00:00,1993-12-01 00:00:00,754.39,763.81,1.2486909953737402
NASDAQCOM,1993-12-13 00:00:00,1993-12-14 00:00:00,759.72,751.47,-1.0859263939346073
NASDAQCOM,1994-02-03 00:00:00,1994-02-04 00:00:00,797.79,777.28,-2.570851978590856
NASDAQCOM,1994-02-23 00:00:00,1994-02-24 00:00:00,789.11,779.44,-1.2254311819644865
NASDAQCOM,1994-02-25 00:00:00,1994-02-28 00:00:00,783.78,792.5,1.1125570951032213
NASDAQCOM,1994-03-23 00:00:00,1994-03-24 00:00:00,797.51,786.68,-1.3579767024864944
NASDAQCOM,1994-03-25 00:00:00,1994-03-28 00:00:00,783.45,772.5,-1.397664177675671
NASDAQCOM,1994-03-28 00:00:00,1994-03-29 00:00:00,772.5,755.29,-2.227831715210361
NASDAQCOM,1994-03-29 00:00:00,1994-03-30 00:00:00,755.29,744.91,-1.3743065577460307
NASDAQCOM,1994-03-31 00:00:00,1994-04-04 00:00:00,743.46,727.41,-2.1588249535953605
NASDAQCOM,1994-04-04 00:00:00,1994-04-05 00:00:00,727.41,750.95,3.2361391787300255
NASDAQCOM,1994-04-11 00:00:00,1994-04-12 00:00:00,748.11,739.22,-1.1883279196909526
NASDAQCOM,1994-04-12 00:00:00,1994-04-13 00:00:00,739.22,727.38,-1.601688266010123
NASDAQCOM,1994-04-15 00:00:00,1994-04-18 00:00:00,727.97,720.45,-1.0330096020440378
NASDAQCOM,1994-04-18 00:00:00,1994-04-19 00:00:00,720.45,712.85,-1.0548962454021822
NASDAQCOM,1994-04-19 00:00:00,1994-04-20 00:00:00,712.85,705.52,-1.0282668163007702
NASDAQCOM,1994-04-20 00:00:00,1994-04-21 00:00:00,705.52,718.74,1.873795214876974
NASDAQCOM,1994-04-22 00:00:00,1994-04-25 00:00:00,722.56,730.8,1.1403897254207276
NASDAQCOM,1994-05-05 00:00:00,1994-05-06 00:00:00,740.55,732.86,-1.0384173924785554
NASDAQCOM,1994-05-06 00:00:00,1994-05-09 00:00:00,732.86,722.96,-1.350871926425235
NASDAQCOM,1994-05-10 00:00:00,1994-05-11 00:00:00,725.0,717.0,-1.103448275862069
NASDAQCOM,1994-05-17 00:00:00,1994-05-18 00:00:00,711.52,721.9,1.4588486620193382
NASDAQCOM,1994-06-07 00:00:00,1994-06-08 00:00:00,739.3,729.79,-1.2863519545516016
NASDAQCOM,1994-06-17 00:00:00,1994-06-20 00:00:00,729.35,718.85,-1.4396380338657708
NASDAQCOM,1994-06-20 00:00:00,1994-06-21 00:00:00,718.85,708.79,-1.3994574667872377
NASDAQCOM,1994-06-22 00:00:00,1994-06-23 00:00:00,712.74,700.85,-1.6682100064539642
NASDAQCOM,1994-06-23 00:00:00,1994-06-24 00:00:00,700.85,693.79,-1.0073482200185573
NASDAQCOM,1994-06-24 00:00:00,1994-06-27 00:00:00,693.79,702.68,1.281367560789286
NASDAQCOM,1994-07-12 00:00:00,1994-07-13 00:00:00,709.59,719.35,1.375442156738397
NASDAQCOM,1994-07-28 00:00:00,1994-07-29 00:00:00,712.43,722.16,1.3657482138596098
NASDAQCOM,1994-08-25 00:00:00,1994-08-26 00:00:00,754.8,762.94,1.0784313725490329
NASDAQCOM,1994-09-14 00:00:00,1994-09-15 00:00:00,768.61,778.66,1.3075551970440085
NASDAQCOM,1994-09-19 00:00:00,1994-09-20 00:00:00,776.72,766.74,-1.2848903079616874
NASDAQCOM,1994-10-03 00:00:00,1994-10-04 00:00:00,760.88,747.3,-1.784775523078546
NASDAQCOM,1994-10-10 00:00:00,1994-10-11 00:00:00,756.81,765.57,1.1574899908827982
NASDAQCOM,1994-10-27 00:00:00,1994-10-28 00:00:00,767.47,776.15,1.1309888334397369
NASDAQCOM,1994-11-21 00:00:00,1994-11-22 00:00:00,757.74,741.21,-2.1814870536067748
NASDAQCOM,1994-11-30 00:00:00,1994-12-01 00:00:00,750.32,741.2,-1.215481394604969
NASDAQCOM,1994-12-07 00:00:00,1994-12-08 00:00:00,734.27,719.12,-2.063273727647865
NASDAQCOM,1994-12-20 00:00:00,1994-12-21 00:00:00,728.51,737.12,1.181864353269003
NASDAQCOM,1994-12-30 00:00:00,1995-01-03 00:00:00,751.96,743.58,-1.1144209798393525
NASDAQCOM,1995-02-02 00:00:00,1995-02-03 00:00:00,763.64,772.06,1.1026137970771515
NASDAQCOM,1995-02-27 00:00:00,1995-02-28 00:00:00,784.5,793.73,1.176545570427026
NASDAQCOM,1995-04-18 00:00:00,1995-04-19 00:00:00,825.74,816.55,-1.1129411194807148
NASDAQCOM,1995-05-02 00:00:00,1995-05-03 00:00:00,841.79,850.26,1.0061891920787878
NASDAQCOM,1995-05-26 00:00:00,1995-05-30 00:00:00,871.87,858.7,-1.5105462970396917
NASDAQCOM,1995-06-02 00:00:00,1995-06-05 00:00:00,872.97,882.85,1.1317685602025265
NASDAQCOM,1995-06-16 00:00:00,1995-06-19 00:00:00,908.65,922.09,1.4791173719253898
NASDAQCOM,1995-06-21 00:00:00,1995-06-22 00:00:00,929.19,940.09,1.1730647122762812
NASDAQCOM,1995-06-23 00:00:00,1995-06-26 00:00:00,938.87,926.98,-1.2664160107363092
NASDAQCOM,1995-07-05 00:00:00,1995-07-06 00:00:00,941.82,952.93,1.1796309273534114
NASDAQCOM,1995-07-06 00:00:00,1995-07-07 00:00:00,952.93,969.76,1.7661318250028903
NASDAQCOM,1995-07-11 00:00:00,1995-07-12 00:00:00,970.22,988.63,1.8975077817402204
NASDAQCOM,1995-07-17 00:00:00,1995-07-18 00:00:00,1005.89,988.53,-1.7258348328346056
NASDAQCOM,1995-07-18 00:00:00,1995-07-19 00:00:00,988.53,952.87,-3.60737660971341
NASDAQCOM,1995-07-21 00:00:00,1995-07-24 00:00:00,961.77,978.57,1.7467793755263805
NASDAQCOM,1995-07-24 00:00:00,1995-07-25 00:00:00,978.57,993.75,1.55124314050093
NASDAQCOM,1995-07-26 00:00:00,1995-07-27 00:00:00,1000.18,1010.66,1.0478113939490912
NASDAQCOM,1995-07-31 00:00:00,1995-08-01 00:00:00,1001.21,991.11,-1.008779376953888
NASDAQCOM,1995-08-15 00:00:00,1995-08-16 00:00:00,1012.37,1025.75,1.321651174965674
NASDAQCOM,1995-08-18 00:00:00,1995-08-21 00:00:00,1031.28,1019.7,-1.1228764254130719
NASDAQCOM,1995-08-25 00:00:00,1995-08-28 00:00:00,1019.97,1008.15,-1.1588576134592243
NASDAQCOM,1995-09-01 00:00:00,1995-09-05 00:00:00,1019.47,1039.3,1.9451283510059079
NASDAQCOM,1995-09-14 00:00:00,1995-09-15 00:00:00,1066.96,1051.1,-1.4864662217890199
NASDAQCOM,1995-09-26 00:00:00,1995-09-27 00:00:00,1038.05,1026.54,-1.1088097875824856
NASDAQCOM,1995-09-27 00:00:00,1995-09-28 00:00:00,1026.54,1047.05,1.997973775985348
NASDAQCOM,1995-09-29 00:00:00,1995-10-02 00:00:00,1043.54,1027.57,-1.5303677865726304
NASDAQCOM,1995-10-03 00:00:00,1995-10-04 00:00:00,1020.45,1002.27,-1.7815669557548202
NASDAQCOM,1995-10-04 00:00:00,1995-10-05 00:00:00,1002.27,1014.2,1.1902980234866916
NASDAQCOM,1995-10-06 00:00:00,1995-10-09 00:00:00,1012.04,984.74,-2.697521837081534
NASDAQCOM,1995-10-10 00:00:00,1995-10-11 00:00:00,983.47,1001.57,1.8404221786124664
NASDAQCOM,1995-10-11 00:00:00,1995-10-12 00:00:00,1001.57,1015.63,1.4037960402168541
NASDAQCOM,1995-10-16 00:00:00,1995-10-17 00:00:00,1018.13,1035.44,1.7001758125190356
NASDAQCOM,1995-10-24 00:00:00,1995-10-25 00:00:00,1039.24,1026.47,-1.2287825718794487
NASDAQCOM,1995-10-27 00:00:00,1995-10-30 00:00:00,1025.55,1039.69,1.3787723660474964
NASDAQCOM,1995-11-01 00:00:00,1995-11-02 00:00:00,1040.5,1057.32,1.616530514175871
NASDAQCOM,1995-11-06 00:00:00,1995-11-07 00:00:00,1062.14,1043.9,-1.717287739845972
NASDAQCOM,1995-11-08 00:00:00,1995-11-09 00:00:00,1047.94,1065.59,1.6842567322556505
NASDAQCOM,1995-11-13 00:00:00,1995-11-14 00:00:00,1058.46,1040.62,-1.6854675660865923
NASDAQCOM,1995-11-17 00:00:00,1995-11-20 00:00:00,1045.03,1029.47,-1.4889524702640065
NASDAQCOM,1995-11-27 00:00:00,1995-11-28 00:00:00,1029.32,1050.05,2.0139509579139645
NASDAQCOM,1995-12-01 00:00:00,1995-12-04 00:00:00,1055.31,1069.79,1.3721086694904832
NASDAQCOM,1995-12-13 00:00:00,1995-12-14 00:00:00,1056.54,1038.19,-1.7368012569329991
NASDAQCOM,1995-12-15 00:00:00,1995-12-18 00:00:00,1030.48,1002.56,-2.709416970732093
NASDAQCOM,1995-12-18 00:00:00,1995-12-19 00:00:00,1002.56,1026.41,2.378909990424527
NASDAQCOM,1995-12-20 00:00:00,1995-12-21 00:00:00,1025.27,1040.64,1.499117305685343
NASDAQCOM,1996-01-02 00:00:00,1996-01-03 00:00:00,1058.65,1046.26,-1.1703584754168137
NASDAQCOM,1996-01-03 00:00:00,1996-01-04 00:00:00,1046.26,1029.82,-1.5713111463689766
NASDAQCOM,1996-01-08 00:00:00,1996-01-09 00:00:00,1032.37,998.81,-3.250772494357638
NASDAQCOM,1996-01-10 00:00:00,1996-01-11 00:00:00,990.21,1011.1,2.1096535078417697
NASDAQCOM,1996-01-12 00:00:00,1996-01-15 00:00:00,1008.23,988.57,-1.9499518958967663
NASDAQCOM,1996-01-18 00:00:00,1996-01-19 00:00:00,1007.24,1018.45,1.1129422977641907
NASDAQCOM,1996-01-19 00:00:00,1996-01-22 00:00:00,1018.45,1029.44,1.0790907751976049
NASDAQCOM,1996-01-23 00:00:00,1996-01-24 00:00:00,1028.04,1043.46,1.4999416365122051
NASDAQCOM,1996-02-02 00:00:00,1996-02-05 00:00:00,1072.11,1083.34,1.0474671442296053
NASDAQCOM,1996-02-20 00:00:00,1996-02-21 00:00:00,1083.24,1096.85,1.2564159373730568
NASDAQCOM,1996-02-21 00:00:00,1996-02-22 00:00:00,1096.85,1117.11,1.8471076263846462
NASDAQCOM,1996-02-29 00:00:00,1996-03-01 00:00:00,1100.05,1086.08,-1.269942275351123
NASDAQCOM,1996-03-04 00:00:00,1996-03-05 00:00:00,1084.88,1096.81,1.0996607919769776
NASDAQCOM,1996-03-07 00:00:00,1996-03-08 00:00:00,1093.12,1063.73,-2.6886343676814874
NASDAQCOM,1996-03-08 00:00:00,1996-03-11 00:00:00,1063.73,1080.5,1.576527878314984
NASDAQCOM,1996-03-12 00:00:00,1996-03-13 00:00:00,1073.05,1088.64,1.4528679931037833
NASDAQCOM,1996-03-15 00:00:00,1996-03-18 00:00:00,1099.59,1114.42,1.3486845096808953
NASDAQCOM,1996-03-22 00:00:00,1996-03-25 00:00:00,1102.22,1087.09,-1.3726842191214192
NASDAQCOM,1996-04-04 00:00:00,1996-04-08 00:00:00,1118.21,1105.66,-1.1223294372255617
NASDAQCOM,1996-04-15 00:00:00,1996-04-16 00:00:00,1110.44,1124.92,1.3039876085155448
NASDAQCOM,1996-04-17 00:00:00,1996-04-18 00:00:00,1120.87,1136.3,1.376609241035987
NASDAQCOM,1996-04-19 00:00:00,1996-04-22 00:00:00,1138.7,1153.5,1.2997277597259993
NASDAQCOM,1996-04-22 00:00:00,1996-04-23 00:00:00,1153.5,1166.76,1.149544863459037
NASDAQCOM,1996-05-01 00:00:00,1996-05-02 00:00:00,1199.66,1178.33,-1.7780037677342042
NASDAQCOM,1996-05-09 00:00:00,1996-05-10 00:00:00,1187.82,1202.76,1.257766328231555
NASDAQCOM,1996-05-10 00:00:00,1996-05-13 00:00:00,1202.76,1221.87,1.5888456549935066
NASDAQCOM,1996-05-13 00:00:00,1996-05-14 00:00:00,1221.87,1234.49,1.0328431011482497
NASDAQCOM,1996-06-05 00:00:00,1996-06-06 00:00:00,1249.15,1232.52,-1.3313052875955735
NASDAQCOM,1996-06-13 00:00:00,1996-06-14 00:00:00,1225.65,1213.18,-1.0174193285195632
NASDAQCOM,1996-06-17 00:00:00,1996-06-18 00:00:00,1207.64,1183.08,-2.0337186578781896
NASDAQCOM,1996-06-19 00:00:00,1996-06-20 00:00:00,1179.27,1167.34,-1.011642795967002
NASDAQCOM,1996-06-25 00:00:00,1996-06-26 00:00:00,1172.58,1153.29,-1.6450903136672947
NASDAQCOM,1996-06-26 00:00:00,1996-06-27 00:00:00,1153.29,1166.01,1.1029316130374864
NASDAQCOM,1996-06-27 00:00:00,1996-06-28 00:00:00,1166.01,1185.02,1.6303462234457673
NASDAQCOM,1996-06-28 00:00:00,1996-07-01 00:00:00,1185.02,1197.45,1.0489274442625496
NASDAQCOM,1996-07-03 00:00:00,1996-07-05 00:00:00,1181.6,1158.35,-1.9676709546377795
NASDAQCOM,1996-07-09 00:00:00,1996-07-10 00:00:00,1153.59,1141.19,-1.0749052956422875
NASDAQCOM,1996-07-10 00:00:00,1996-07-11 00:00:00,1141.19,1106.36,-3.052077217641248
NASDAQCOM,1996-07-12 00:00:00,1996-07-15 00:00:00,1103.49,1060.19,-3.9239141269970688
NASDAQCOM,1996-07-16 00:00:00,1996-07-17 00:00:00,1053.47,1086.65,3.149591350489341
NASDAQCOM,1996-07-17 00:00:00,1996-07-18 00:00:00,1086.65,1109.82,2.132241292044342
NASDAQCOM,1996-07-18 00:00:00,1996-07-19 00:00:00,1109.82,1097.68,-1.0938710781928487
NASDAQCOM,1996-07-19 00:00:00,1996-07-22 00:00:00,1097.68,1081.39,-1.4840390642081447
NASDAQCOM,1996-07-22 00:00:00,1996-07-23 00:00:00,1081.39,1049.07,-2.988745965840276
NASDAQCOM,1996-07-24 00:00:00,1996-07-25 00:00:00,1042.37,1062.39,1.9206231952186088
NASDAQCOM,1996-07-25 00:00:00,1996-07-26 00:00:00,1062.39,1079.44,1.6048720338105549
NASDAQCOM,1996-07-26 00:00:00,1996-07-29 00:00:00,1079.44,1066.47,-1.2015489513080881
NASDAQCOM,1996-07-31 00:00:00,1996-08-01 00:00:00,1080.59,1098.85,1.6898175996446378
NASDAQCOM,1996-08-01 00:00:00,1996-08-02 00:00:00,1098.85,1124.92,2.372480320334911
NASDAQCOM,1996-08-06 00:00:00,1996-08-07 00:00:00,1128.87,1141.11,1.0842701108187842
NASDAQCOM,1996-08-12 00:00:00,1996-08-13 00:00:00,1138.27,1126.15,-1.0647737355811795
NASDAQCOM,1996-08-21 00:00:00,1996-08-22 00:00:00,1126.84,1143.96,1.519292889851276
NASDAQCOM,1996-09-04 00:00:00,1996-09-05 00:00:00,1143.82,1125.66,-1.587662394432678
NASDAQCOM,1996-09-05 00:00:00,1996-09-06 00:00:00,1125.66,1139.39,1.219728870173944
NASDAQCOM,1996-09-11 00:00:00,1996-09-12 00:00:00,1153.95,1165.81,1.0277741669916287
NASDAQCOM,1996-09-12 00:00:00,1996-09-13 00:00:00,1165.81,1188.67,1.9608684090889708
NASDAQCOM,1996-10-01 00:00:00,1996-10-02 00:00:00,1221.51,1236.11,1.1952419546299178
NASDAQCOM,1996-10-03 00:00:00,1996-10-04 00:00:00,1233.09,1247.56,1.1734747666431506
NASDAQCOM,1996-10-21 00:00:00,1996-10-22 00:00:00,1236.41,1220.0,-1.3272296406531878
NASDAQCOM,1996-10-28 00:00:00,1996-10-29 00:00:00,1215.89,1203.05,-1.0560165804472563
NASDAQCOM,1996-10-30 00:00:00,1996-10-31 00:00:00,1206.23,1221.51,1.2667567545161347
NASDAQCOM,1996-11-05 00:00:00,1996-11-06 00:00:00,1229.07,1245.49,1.3359694728534643
NASDAQCOM,1996-11-21 00:00:00,1996-11-22 00:00:00,1258.08,1274.36,1.2940353554622896
NASDAQCOM,1996-12-06 00:00:00,1996-12-09 00:00:00,1287.68,1316.27,2.2202721172962163
NASDAQCOM,1996-12-12 00:00:00,1996-12-13 00:00:00,1298.33,1284.91,-1.0336355163941253
NASDAQCOM,1996-12-13 00:00:00,1996-12-16 00:00:00,1284.91,1260.98,-1.86238724891238
NASDAQCOM,1996-12-17 00:00:00,1996-12-18 00:00:00,1266.32,1285.38,1.505148777560188
NASDAQCOM,1997-01-02 00:00:00,1997-01-03 00:00:00,1280.7,1310.68,2.3409073163113936
NASDAQCOM,1997-01-13 00:00:00,1997-01-14 00:00:00,1330.91,1346.36,1.1608598628006264
NASDAQCOM,1997-01-17 00:00:00,1997-01-20 00:00:00,1349.05,1364.28,1.1289425892294591
NASDAQCOM,1997-01-23 00:00:00,1997-01-24 00:00:00,1378.37,1363.83,-1.0548691570478148
NASDAQCOM,1997-01-29 00:00:00,1997-01-30 00:00:00,1355.17,1371.02,1.1695949585660772
NASDAQCOM,1997-02-04 00:00:00,1997-02-05 00:00:00,1373.75,1348.44,-1.8424021838034537
NASDAQCOM,1997-02-07 00:00:00,1997-02-10 00:00:00,1357.71,1335.34,-1.6476272547156694
NASDAQCOM,1997-02-11 00:00:00,1997-02-12 00:00:00,1331.51,1358.96,2.061569195875363
NASDAQCOM,1997-02-19 00:00:00,1997-02-20 00:00:00,1365.58,1347.4,-1.3313024502409114
NASDAQCOM,1997-02-26 00:00:00,1997-02-27 00:00:00,1340.55,1312.66,-2.080489351385616
NASDAQCOM,1997-03-05 00:00:00,1997-03-06 00:00:00,1329.09,1315.43,-1.027770880828225
NASDAQCOM,1997-03-14 00:00:00,1997-03-17 00:00:00,1292.97,1279.43,-1.0472014045182767
NASDAQCOM,1997-03-18 00:00:00,1997-03-19 00:00:00,1269.34,1249.29,-1.5795610317172668
NASDAQCOM,1997-03-25 00:00:00,1997-03-26 00:00:00,1248.06,1269.08,1.6842138999727565
NASDAQCOM,1997-03-26 00:00:00,1997-03-27 00:00:00,1269.08,1249.51,-1.5420619661487012
NASDAQCOM,1997-03-27 00:00:00,1997-03-31 00:00:00,1249.51,1221.7,-2.2256724636057292
NASDAQCOM,1997-04-01 00:00:00,1997-04-02 00:00:00,1216.93,1201.0,-1.3090317438143577
NASDAQCOM,1997-04-02 00:00:00,1997-04-03 00:00:00,1201.0,1213.76,1.0624479600333048
NASDAQCOM,1997-04-03 00:00:00,1997-04-04 00:00:00,1213.76,1236.73,1.8924663854468782
NASDAQCOM,1997-04-04 00:00:00,1997-04-07 00:00:00,1236.73,1251.35,1.1821497012282303
NASDAQCOM,1997-04-09 00:00:00,1997-04-10 00:00:00,1249.43,1235.77,-1.0932985441361325
NASDAQCOM,1997-04-10 00:00:00,1997-04-11 00:00:00,1235.77,1206.9,-2.3361952466882907
NASDAQCOM,1997-04-18 00:00:00,1997-04-21 00:00:00,1222.57,1203.95,-1.5230211767015298
NASDAQCOM,1997-04-22 00:00:00,1997-04-23 00:00:00,1212.74,1227.14,1.187393835447012
NASDAQCOM,1997-04-24 00:00:00,1997-04-25 00:00:00,1228.1,1209.29,-1.531634231740082
NASDAQCOM,1997-04-28 00:00:00,1997-04-29 00:00:00,1217.03,1242.63,2.1034814260946844
NASDAQCOM,1997-04-29 00:00:00,1997-04-30 00:00:00,1242.63,1260.76,1.459002277427704
NASDAQCOM,1997-05-01 00:00:00,1997-05-02 00:00:00,1270.5,1305.33,2.7414403778040084
NASDAQCOM,1997-05-02 00:00:00,1997-05-05 00:00:00,1305.33,1339.24,2.5978105153486157
NASDAQCOM,1997-05-14 00:00:00,1997-05-15 00:00:00,1335.55,1353.58,1.3500056156639568
NASDAQCOM,1997-05-19 00:00:00,1997-05-20 00:00:00,1341.24,1363.88,1.6879902180072248
NASDAQCOM,1997-05-22 00:00:00,1997-05-23 00:00:00,1372.6,1389.72,1.2472679586186886
NASDAQCOM,1997-05-23 00:00:00,1997-05-27 00:00:00,1389.72,1409.21,1.4024407794375853
NASDAQCOM,1997-06-02 00:00:00,1997-06-03 00:00:00,1404.79,1384.91,-1.4151581375152074
NASDAQCOM,1997-06-05 00:00:00,1997-06-06 00:00:00,1390.05,1404.84,1.0639905039387048
NASDAQCOM,1997-06-18 00:00:00,1997-06-19 00:00:00,1432.43,1447.14,1.0269262721389552
NASDAQCOM,1997-06-23 00:00:00,1997-06-24 00:00:00,1434.32,1452.43,1.262619220257692
NASDAQCOM,1997-07-01 00:00:00,1997-07-02 00:00:00,1438.25,1455.61,1.2070224230836015
NASDAQCOM,1997-07-11 00:00:00,1997-07-14 00:00:00,1502.62,1523.88,1.4148620409684565
NASDAQCOM,1997-07-14 00:00:00,1997-07-15 00:00:00,1523.88,1542.11,1.1962884216604843
NASDAQCOM,1997-07-15 00:00:00,1997-07-16 00:00:00,1542.11,1580.63,2.4978762863868473
NASDAQCOM,1997-07-17 00:00:00,1997-07-18 00:00:00,1568.85,1547.99,-1.3296363578417247
NASDAQCOM,1997-07-21 00:00:00,1997-07-22 00:00:00,1536.23,1563.86,1.7985588095532492
NASDAQCOM,1997-07-29 00:00:00,1997-07-30 00:00:00,1572.32,1588.05,1.0004324819375203
NASDAQCOM,1997-08-04 00:00:00,1997-08-05 00:00:00,1605.45,1621.53,1.0015883397178316
NASDAQCOM,1997-08-07 00:00:00,1997-08-08 00:00:00,1624.18,1598.52,-1.5798741518797228
NASDAQCOM,1997-08-14 00:00:00,1997-08-15 00:00:00,1586.69,1562.03,-1.5541788251013167
NASDAQCOM,1997-08-18 00:00:00,1997-08-19 00:00:00,1569.52,1600.71,1.987231765125647
NASDAQCOM,1997-08-19 00:00:00,1997-08-20 00:00:00,1600.71,1628.7,1.748599059167495
NASDAQCOM,1997-08-20 00:00:00,1997-08-21 00:00:00,1628.7,1607.36,-1.310247436605891
NASDAQCOM,1997-08-29 00:00:00,1997-09-02 00:00:00,1587.32,1618.09,1.9384875135448418
NASDAQCOM,1997-09-09 00:00:00,1997-09-10 00:00:00,1656.22,1639.25,-1.0246223327818784
NASDAQCOM,1997-09-15 00:00:00,1997-09-16 00:00:00,1634.92,1668.6,2.0600396349668384
NASDAQCOM,1997-10-15 00:00:00,1997-10-16 00:00:00,1723.37,1699.66,-1.3757927781033563
NASDAQCOM,1997-10-16 00:00:00,1997-10-17 00:00:00,1699.66,1666.85,-1.930386077215453
NASDAQCOM,1997-10-17 00:00:00,1997-10-20 00:00:00,1666.85,1685.45,1.1158772535021229
NASDAQCOM,1997-10-20 00:00:00,1997-10-21 00:00:00,1685.45,1712.54,1.6072858880417644
NASDAQCOM,1997-10-22 00:00:00,1997-10-23 00:00:00,1708.08,1671.25,-2.1562221909980757
NASDAQCOM,1997-10-23 00:00:00,1997-10-24 00:00:00,1671.25,1650.92,-1.2164547494390383
NASDAQCOM,1997-10-24 00:00:00,1997-10-27 00:00:00,1650.92,1535.09,-7.016087999418515
NASDAQCOM,1997-10-27 00:00:00,1997-10-28 00:00:00,1535.09,1603.02,4.425147711209119
NASDAQCOM,1997-10-29 00:00:00,1997-10-30 00:00:00,1602.75,1570.41,-2.017781937295269
NASDAQCOM,1997-10-30 00:00:00,1997-10-31 00:00:00,1570.41,1593.61,1.4773212091109849
NASDAQCOM,1997-10-31 00:00:00,1997-11-03 00:00:00,1593.61,1629.98,2.2822396947810395
NASDAQCOM,1997-11-06 00:00:00,1997-11-07 00:00:00,1623.44,1602.4,-1.2960134036367197
NASDAQCOM,1997-11-11 00:00:00,1997-11-12 00:00:00,1584.86,1541.72,-2.7220069911537847
NASDAQCOM,1997-11-12 00:00:00,1997-11-13 00:00:00,1541.72,1559.25,1.1370417455828536
NASDAQCOM,1997-11-13 00:00:00,1997-11-14 00:00:00,1559.25,1583.51,1.5558762225428886
NASDAQCOM,1997-11-14 00:00:00,1997-11-17 00:00:00,1583.51,1614.11,1.932415962008444
NASDAQCOM,1997-11-19 00:00:00,1997-11-20 00:00:00,1601.22,1626.56,1.5825433107255666
NASDAQCOM,1997-11-21 00:00:00,1997-11-24 00:00:00,1620.75,1586.99,-2.082986271787752
NASDAQCOM,1997-11-28 00:00:00,1997-12-01 00:00:00,1600.55,1630.72,1.8849770391427993
NASDAQCOM,1997-12-01 00:00:00,1997-12-02 00:00:00,1630.72,1606.37,-1.493205455259035
NASDAQCOM,1997-12-04 00:00:00,1997-12-05 00:00:00,1613.42,1633.9,1.2693532992029366
NASDAQCOM,1997-12-05 00:00:00,1997-12-08 00:00:00,1633.9,1651.54,1.0796254360731914
NASDAQCOM,1997-12-08 00:00:00,1997-12-09 00:00:00,1651.54,1620.55,-1.8764304830642922
NASDAQCOM,1997-12-09 00:00:00,1997-12-10 00:00:00,1620.55,1596.61,-1.4772762333775604
NASDAQCOM,1997-12-10 00:00:00,1997-12-11 00:00:00,1596.61,1558.54,-2.3844270047162386
NASDAQCOM,1997-12-11 00:00:00,1997-12-12 00:00:00,1558.54,1536.58,-1.4090109974719953
NASDAQCOM,1997-12-15 00:00:00,1997-12-16 00:00:00,1536.56,1553.0,1.0699224241162113
NASDAQCOM,1997-12-17 00:00:00,1997-12-18 00:00:00,1547.37,1523.19,-1.5626514666821665
NASDAQCOM,1997-12-22 00:00:00,1997-12-23 00:00:00,1532.06,1509.91,-1.4457658316253845
NASDAQCOM,1997-12-26 00:00:00,1997-12-29 00:00:00,1511.38,1537.45,1.7249136550701964
NASDAQCOM,1997-12-29 00:00:00,1997-12-30 00:00:00,1537.45,1565.03,1.7938794757553043
NASDAQCOM,1998-01-06 00:00:00,1998-01-07 00:00:00,1580.14,1561.7,-1.1669852038427009
NASDAQCOM,1998-01-08 00:00:00,1998-01-09 00:00:00,1555.54,1503.22,-3.363462206050628
NASDAQCOM,1998-01-12 00:00:00,1998-01-13 00:00:00,1507.58,1541.63,2.2585866090025197
NASDAQCOM,1998-01-15 00:00:00,1998-01-16 00:00:00,1547.06,1562.88,1.0225847736998024
NASDAQCOM,1998-01-16 00:00:00,1998-01-20 00:00:00,1562.88,1590.14,1.744215806715806
NASDAQCOM,1998-01-26 00:00:00,1998-01-27 00:00:00,1561.46,1578.9,1.1169034109103055
NASDAQCOM,1998-01-27 00:00:00,1998-01-28 00:00:00,1578.9,1610.82,2.0216606498194847
NASDAQCOM,1998-01-30 00:00:00,1998-02-02 00:00:00,1619.36,1652.89,2.070571089813272
NASDAQCOM,1998-02-05 00:00:00,1998-02-06 00:00:00,1676.9,1694.35,1.0406106506052726
NASDAQCOM,1998-02-09 00:00:00,1998-02-10 00:00:00,1690.43,1709.04,1.1009033204569192
NASDAQCOM,1998-02-20 00:00:00,1998-02-23 00:00:00,1728.13,1751.76,1.3673739822814188
NASDAQCOM,1998-02-24 00:00:00,1998-02-25 00:00:00,1738.71,1766.48,1.5971611136992359
NASDAQCOM,1998-03-04 00:00:00,1998-03-05 00:00:00,1759.7,1711.92,-2.715235551514461
NASDAQCOM,1998-03-05 00:00:00,1998-03-06 00:00:00,1711.92,1753.49,2.428267676059625
NASDAQCOM,1998-03-06 00:00:00,1998-03-09 00:00:00,1753.49,1725.16,-1.6156351048480417
NASDAQCOM,1998-03-09 00:00:00,1998-03-10 00:00:00,1725.16,1748.51,1.3534976465950932
NASDAQCOM,1998-03-23 00:00:00,1998-03-24 00:00:00,1792.51,1812.44,1.1118487484030808
NASDAQCOM,1998-04-03 00:00:00,1998-04-06 00:00:00,1855.4,1829.14,-1.4153282311091941
NASDAQCOM,1998-04-06 00:00:00,1998-04-07 00:00:00,1829.14,1798.71,-1.663623342117064
NASDAQCOM,1998-04-14 00:00:00,1998-04-15 00:00:00,1843.03,1863.26,1.0976489802119345
NASDAQCOM,1998-04-17 00:00:00,1998-04-20 00:00:00,1866.6,1887.14,1.1003964427301078
NASDAQCOM,1998-04-22 00:00:00,1998-04-23 00:00:00,1917.61,1881.39,-1.8888095076683893
NASDAQCOM,1998-04-24 00:00:00,1998-04-27 00:00:00,1868.96,1820.31,-2.603051964729052
NASDAQCOM,1998-04-28 00:00:00,1998-04-29 00:00:00,1831.77,1851.64,1.0847431719047762
NASDAQCOM,1998-05-06 00:00:00,1998-05-07 00:00:00,1856.68,1835.14,-1.160135295258201
NASDAQCOM,1998-05-07 00:00:00,1998-05-08 00:00:00,1835.14,1864.37,1.5927940102662352
NASDAQCOM,1998-05-22 00:00:00,1998-05-26 00:00:00,1805.0,1778.09,-1.4908587257617774
NASDAQCOM,1998-05-29 00:00:00,1998-06-01 00:00:00,1778.87,1746.82,-1.8017055771360444
NASDAQCOM,1998-06-02 00:00:00,1998-06-03 00:00:00,1761.79,1742.31,-1.1056936411263554
NASDAQCOM,1998-06-03 00:00:00,1998-06-04 00:00:00,1742.31,1769.95,1.5863996648128118
NASDAQCOM,1998-06-09 00:00:00,1998-06-10 00:00:00,1800.76,1773.25,-1.5276883093804834
NASDAQCOM,1998-06-10 00:00:00,1998-06-11 00:00:00,1773.25,1749.75,-1.3252502467221203
NASDAQCOM,1998-06-12 00:00:00,1998-06-15 00:00:00,1745.05,1715.75,-1.6790349846709236
NASDAQCOM,1998-06-15 00:00:00,1998-06-16 00:00:00,1715.75,1753.12,2.1780562436252304
NASDAQCOM,1998-06-16 00:00:00,1998-06-17 00:00:00,1753.12,1776.4,1.3279182257917428
NASDAQCOM,1998-06-19 00:00:00,1998-06-22 00:00:00,1781.29,1805.82,1.3770918828489451
NASDAQCOM,1998-06-22 00:00:00,1998-06-23 00:00:00,1805.82,1844.57,2.1458395631901297
NASDAQCOM,1998-06-23 00:00:00,1998-06-24 00:00:00,1844.57,1877.76,1.7993353464493111
NASDAQCOM,1998-06-26 00:00:00,1998-06-29 00:00:00,1869.53,1891.08,1.1526961321829527
NASDAQCOM,1998-06-30 00:00:00,1998-07-01 00:00:00,1894.74,1914.46,1.0407760431510407
NASDAQCOM,1998-07-01 00:00:00,1998-07-02 00:00:00,1914.46,1894.0,-1.0687086698076762
NASDAQCOM,1998-07-07 00:00:00,1998-07-08 00:00:00,1908.11,1935.39,1.4296869677324788
NASDAQCOM,1998-07-10 00:00:00,1998-07-13 00:00:00,1943.04,1965.53,1.157464591567853
NASDAQCOM,1998-07-14 00:00:00,1998-07-15 00:00:00,1968.41,1994.54,1.3274673467417806
NASDAQCOM,1998-07-20 00:00:00,1998-07-21 00:00:00,2014.25,1979.14,-1.7430805510735958
NASDAQCOM,1998-07-22 00:00:00,1998-07-23 00:00:00,1969.75,1935.22,-1.7530143419215622
NASDAQCOM,1998-07-27 00:00:00,1998-07-28 00:00:00,1933.26,1896.53,-1.899899651366087
NASDAQCOM,1998-07-29 00:00:00,1998-07-30 00:00:00,1881.49,1919.58,2.0244593380777958
NASDAQCOM,1998-07-30 00:00:00,1998-07-31 00:00:00,1919.58,1872.39,-2.4583502641202672
NASDAQCOM,1998-07-31 00:00:00,1998-08-03 00:00:00,1872.39,1851.1,-1.1370494394864419
NASDAQCOM,1998-08-03 00:00:00,1998-08-04 00:00:00,1851.1,1785.64,-3.5362757279455357
NASDAQCOM,1998-08-05 00:00:00,1998-08-06 00:00:00,1788.2,1829.51,2.3101442791634015
NASDAQCOM,1998-08-10 00:00:00,1998-08-11 00:00:00,1839.21,1792.7,-2.528803127429711
NASDAQCOM,1998-08-11 00:00:00,1998-08-12 00:00:00,1792.7,1825.53,1.8313158922295938
NASDAQCOM,1998-08-12 00:00:00,1998-08-13 00:00:00,1825.53,1802.54,-1.2593602953662777
NASDAQCOM,1998-08-14 00:00:00,1998-08-17 00:00:00,1790.19,1818.04,1.5557007915360888
NASDAQCOM,1998-08-17 00:00:00,1998-08-18 00:00:00,1818.04,1855.12,2.0395590856086736
NASDAQCOM,1998-08-20 00:00:00,1998-08-21 00:00:00,1832.45,1797.61,-1.9012797074954375
NASDAQCOM,1998-08-25 00:00:00,1998-08-26 00:00:00,1798.17,1768.13,-1.6705873193302059
NASDAQCOM,1998-08-26 00:00:00,1998-08-27 00:00:00,1768.13,1686.41,-4.621832105105395
NASDAQCOM,1998-08-27 00:00:00,1998-08-28 00:00:00,1686.41,1639.68,-2.7709750297970253
NASDAQCOM,1998-08-28 00:00:00,1998-08-31 00:00:00,1639.68,1499.25,-8.564475995316164
NASDAQCOM,1998-08-31 00:00:00,1998-09-01 00:00:00,1499.25,1575.09,5.058529264632311
NASDAQCOM,1998-09-01 00:00:00,1998-09-02 00:00:00,1575.09,1592.85,1.1275546159267085
NASDAQCOM,1998-09-02 00:00:00,1998-09-03 00:00:00,1592.85,1571.86,-1.3177637567881477
NASDAQCOM,1998-09-04 00:00:00,1998-09-08 00:00:00,1566.52,1660.86,6.022265914255797
NASDAQCOM,1998-09-08 00:00:00,1998-09-09 00:00:00,1660.86,1624.55,-2.186216779258935
NASDAQCOM,1998-09-09 00:00:00,1998-09-10 00:00:00,1624.55,1585.33,-2.4142070111723264
NASDAQCOM,1998-09-10 00:00:00,1998-09-11 00:00:00,1585.33,1641.64,3.5519418669930034
NASDAQCOM,1998-09-11 00:00:00,1998-09-14 00:00:00,1641.64,1665.69,1.4649984162179255
NASDAQCOM,1998-09-16 00:00:00,1998-09-17 00:00:00,1689.91,1646.25,-2.5835695392062346
NASDAQCOM,1998-09-17 00:00:00,1998-09-18 00:00:00,1646.25,1663.77,1.0642369020501128
NASDAQCOM,1998-09-18 00:00:00,1998-09-21 00:00:00,1663.77,1680.43,1.0013403294926633
NASDAQCOM,1998-09-21 00:00:00,1998-09-22 00:00:00,1680.43,1697.8,1.0336640026659778
NASDAQCOM,1998-09-22 00:00:00,1998-09-23 00:00:00,1697.8,1760.27,3.6794675462363076
NASDAQCOM,1998-09-23 00:00:00,1998-09-24 00:00:00,1760.27,1720.34,-2.2684020065103687
NASDAQCOM,1998-09-24 00:00:00,1998-09-25 00:00:00,1720.34,1743.59,1.3514770336096356
NASDAQCOM,1998-09-29 00:00:00,1998-09-30 00:00:00,1734.05,1693.84,-2.318848937458553
NASDAQCOM,1998-09-30 00:00:00,1998-10-01 00:00:00,1693.84,1612.33,-4.81214282340717
NASDAQCOM,1998-10-02 00:00:00,1998-10-05 00:00:00,1614.98,1536.69,-4.84773805248362
NASDAQCOM,1998-10-05 00:00:00,1998-10-06 00:00:00,1536.69,1510.89,-1.6789332916853725
NASDAQCOM,1998-10-06 00:00:00,1998-10-07 00:00:00,1510.89,1462.61,-3.1954675720932824
NASDAQCOM,1998-10-07 00:00:00,1998-10-08 00:00:00,1462.61,1419.12,-2.973451569454606
NASDAQCOM,1998-10-08 00:00:00,1998-10-09 00:00:00,1419.12,1492.49,5.170105417441804
NASDAQCOM,1998-10-09 00:00:00,1998-10-12 00:00:00,1492.49,1546.08,3.590643823409197
NASDAQCOM,1998-10-12 00:00:00,1998-10-13 00:00:00,1546.08,1509.45,-2.369217634275062
NASDAQCOM,1998-10-13 00:00:00,1998-10-14 00:00:00,1509.45,1540.97,2.0881778131107342
NASDAQCOM,1998-10-14 00:00:00,1998-10-15 00:00:00,1540.97,1611.01,4.54518906922263
NASDAQCOM,1998-10-16 00:00:00,1998-10-19 00:00:00,1620.95,1648.73,1.7138098028933635
NASDAQCOM,1998-10-20 00:00:00,1998-10-21 00:00:00,1639.19,1674.75,2.169364137165304
NASDAQCOM,1998-10-21 00:00:00,1998-10-22 00:00:00,1674.75,1702.64,1.6653231825645678
NASDAQCOM,1998-10-23 00:00:00,1998-10-26 00:00:00,1693.86,1724.98,1.8372238555724865
NASDAQCOM,1998-10-27 00:00:00,1998-10-28 00:00:00,1717.63,1737.35,1.1480935940802035
NASDAQCOM,1998-10-28 00:00:00,1998-10-29 00:00:00,1737.35,1757.19,1.1419690908567732
NASDAQCOM,1998-10-30 00:00:00,1998-11-02 00:00:00,1771.39,1800.91,1.6664878993332906
NASDAQCOM,1998-11-03 00:00:00,1998-11-04 00:00:00,1788.43,1823.57,1.964851853301492
NASDAQCOM,1998-11-05 00:00:00,1998-11-06 00:00:00,1837.1,1856.56,1.0592782102226357
NASDAQCOM,1998-11-17 00:00:00,1998-11-18 00:00:00,1878.52,1897.44,1.0071758618486932
NASDAQCOM,1998-11-18 00:00:00,1998-11-19 00:00:00,1897.44,1919.68,1.1721055738257868
NASDAQCOM,1998-11-20 00:00:00,1998-11-23 00:00:00,1928.21,1977.42,2.552107913557135
NASDAQCOM,1998-11-25 00:00:00,1998-11-27 00:00:00,1985.21,2016.44,1.5731333209081166
NASDAQCOM,1998-11-27 00:00:00,1998-11-30 00:00:00,2016.44,1949.54,-3.3177282735910856
NASDAQCOM,1998-11-30 00:00:00,1998-12-01 00:00:00,1949.54,2003.75,2.7806559496086276
NASDAQCOM,1998-12-02 00:00:00,1998-12-03 00:00:00,1995.21,1954.33,-2.0489071325825408
NASDAQCOM,1998-12-03 00:00:00,1998-12-04 00:00:00,1954.33,2003.16,2.4985544918207343
NASDAQCOM,1998-12-04 00:00:00,1998-12-07 00:00:00,2003.16,2040.64,1.8710437508736206
NASDAQCOM,1998-12-09 00:00:00,1998-12-10 00:00:00,2050.42,2015.96,-1.6806312852976482
NASDAQCOM,1998-12-11 00:00:00,1998-12-14 00:00:00,2029.31,1966.92,-3.0744440228451975
NASDAQCOM,1998-12-14 00:00:00,1998-12-15 00:00:00,1966.92,2012.6,2.3224127061598763
NASDAQCOM,1998-12-16 00:00:00,1998-12-17 00:00:00,2009.36,2043.88,1.7179599474459635
NASDAQCOM,1998-12-17 00:00:00,1998-12-18 00:00:00,2043.88,2086.14,2.0676360647396015
NASDAQCOM,1998-12-18 00:00:00,1998-12-21 00:00:00,2086.14,2138.03,2.4873690164610394
NASDAQCOM,1998-12-22 00:00:00,1998-12-23 00:00:00,2120.98,2172.54,2.430951729860722
NASDAQCOM,1998-12-30 00:00:00,1998-12-31 00:00:00,2166.95,2192.69,1.1878446664667037
NASDAQCOM,1999-01-04 00:00:00,1999-01-05 00:00:00,2208.05,2251.27,1.9573832114308913
NASDAQCOM,1999-01-05 00:00:00,1999-01-06 00:00:00,2251.27,2320.86,3.091144109769159
NASDAQCOM,1999-01-08 00:00:00,1999-01-11 00:00:00,2344.41,2384.59,1.7138640425522964
NASDAQCOM,1999-01-11 00:00:00,1999-01-12 00:00:00,2384.59,2320.75,-2.6771897894397
NASDAQCOM,1999-01-13 00:00:00,1999-01-14 00:00:00,2316.81,2276.82,-1.7260802569049591
NASDAQCOM,1999-01-14 00:00:00,1999-01-15 00:00:00,2276.82,2348.2,3.1350743580959253
NASDAQCOM,1999-01-15 00:00:00,1999-01-19 00:00:00,2348.2,2408.17,2.5538710501660957
NASDAQCOM,1999-01-20 00:00:00,1999-01-21 00:00:00,2415.49,2344.72,-2.9298403222534555
NASDAQCOM,1999-01-22 00:00:00,1999-01-25 00:00:00,2338.88,2369.31,1.3010500752496852
NASDAQCOM,1999-01-25 00:00:00,1999-01-26 00:00:00,2369.31,2433.41,2.7054290067572375
NASDAQCOM,1999-01-26 00:00:00,1999-01-27 00:00:00,2433.41,2407.14,-1.0795550277183041
NASDAQCOM,1999-01-27 00:00:00,1999-01-28 00:00:00,2407.14,2477.34,2.91632393628955
NASDAQCOM,1999-01-28 00:00:00,1999-01-29 00:00:00,2477.34,2505.89,1.152445768445176
NASDAQCOM,1999-02-01 00:00:00,1999-02-02 00:00:00,2510.09,2463.42,-1.8592958818209733
NASDAQCOM,1999-02-02 00:00:00,1999-02-03 00:00:00,2463.42,2493.41,1.2174131897930431
NASDAQCOM,1999-02-03 00:00:00,1999-02-04 00:00:00,2493.41,2410.07,-3.342410594326633
NASDAQCOM,1999-02-04 00:00:00,1999-02-05 00:00:00,2410.07,2373.62,-1.51240420402728
NASDAQCOM,1999-02-05 00:00:00,1999-02-08 00:00:00,2373.62,2404.92,1.3186609482562577
NASDAQCOM,1999-02-08 00:00:00,1999-02-09 00:00:00,2404.92,2310.79,-3.914059511335101
NASDAQCOM,1999-02-10 00:00:00,1999-02-11 00:00:00,2309.5,2405.55,4.158908854730469
NASDAQCOM,1999-02-11 00:00:00,1999-02-12 00:00:00,2405.55,2321.89,-3.4777909417804787
NASDAQCOM,1999-02-16 00:00:00,1999-02-17 00:00:00,2313.87,2248.91,-2.8074178756801396
NASDAQCOM,1999-02-18 00:00:00,1999-02-19 00:00:00,2260.55,2283.6,1.0196633562628443
NASDAQCOM,1999-02-19 00:00:00,1999-02-22 00:00:00,2283.6,2342.01,2.5578034682081063
NASDAQCOM,1999-02-22 00:00:00,1999-02-23 00:00:00,2342.01,2376.35,1.4662618861576033
NASDAQCOM,1999-02-23 00:00:00,1999-02-24 00:00:00,2376.35,2339.38,-1.5557472594525132
NASDAQCOM,1999-02-25 00:00:00,1999-02-26 00:00:00,2326.82,2288.03,-1.6670821120671113
NASDAQCOM,1999-03-01 00:00:00,1999-03-02 00:00:00,2295.18,2259.03,-1.5750398661542728
NASDAQCOM,1999-03-03 00:00:00,1999-03-04 00:00:00,2265.2,2292.89,1.2224086173406348
NASDAQCOM,1999-03-04 00:00:00,1999-03-05 00:00:00,2292.89,2337.11,1.9285704940053932
NASDAQCOM,1999-03-05 00:00:00,1999-03-08 00:00:00,2337.11,2397.62,2.589095078965036
NASDAQCOM,1999-03-11 00:00:00,1999-03-12 00:00:00,2412.25,2381.53,-1.2734998445434678
NASDAQCOM,1999-03-12 00:00:00,1999-03-15 00:00:00,2381.53,2431.44,2.0957115803705957
NASDAQCOM,1999-03-17 00:00:00,1999-03-18 00:00:00,2428.97,2462.96,1.3993585758572662
NASDAQCOM,1999-03-18 00:00:00,1999-03-19 00:00:00,2462.96,2421.27,-1.6926787280345623
NASDAQCOM,1999-03-19 00:00:00,1999-03-22 00:00:00,2421.27,2395.94,-1.0461452047892192
NASDAQCOM,1999-03-22 00:00:00,1999-03-23 00:00:00,2395.94,2322.84,-3.0509945991969714
NASDAQCOM,1999-03-23 00:00:00,1999-03-24 00:00:00,2322.84,2365.28,1.8270737545418563
NASDAQCOM,1999-03-24 00:00:00,1999-03-25 00:00:00,2365.28,2434.8,2.939186903876073
NASDAQCOM,1999-03-26 00:00:00,1999-03-29 00:00:00,2419.17,2492.84,3.04525932447906
NASDAQCOM,1999-03-31 00:00:00,1999-04-01 00:00:00,2461.4,2493.37,1.2988543105549606
NASDAQCOM,1999-04-01 00:00:00,1999-04-05 00:00:00,2493.37,2560.06,2.674693286596055
NASDAQCOM,1999-04-07 00:00:00,1999-04-08 00:00:00,2544.43,2573.39,1.1381724001053295
NASDAQCOM,1999-04-13 00:00:00,1999-04-14 00:00:00,2583.5,2507.28,-2.9502612734662206
NASDAQCOM,1999-04-15 00:00:00,1999-04-16 00:00:00,2521.77,2484.04,-1.4961713399715286
NASDAQCOM,1999-04-16 00:00:00,1999-04-19 00:00:00,2484.04,2345.61,-5.572776605851751
NASDAQCOM,1999-04-19 00:00:00,1999-04-20 00:00:00,2345.61,2409.64,2.729780313010251
NASDAQCOM,1999-04-20 00:00:00,1999-04-21 00:00:00,2409.64,2489.08,3.296758021945189
NASDAQCOM,1999-04-21 00:00:00,1999-04-22 00:00:00,2489.08,2561.61,2.913928037668544
NASDAQCOM,1999-04-22 00:00:00,1999-04-23 00:00:00,2561.61,2590.69,1.1352235508137432
NASDAQCOM,1999-04-23 00:00:00,1999-04-26 00:00:00,2590.69,2652.05,2.368480983830567
NASDAQCOM,1999-04-26 00:00:00,1999-04-27 00:00:00,2652.05,2602.41,-1.8717595822100006
NASDAQCOM,1999-04-27 00:00:00,1999-04-28 00:00:00,2602.41,2550.37,-1.999684907451169
NASDAQCOM,1999-05-03 00:00:00,1999-05-04 00:00:00,2535.58,2485.12,-1.9900772209908595
NASDAQCOM,1999-05-04 00:00:00,1999-05-05 00:00:00,2485.12,2534.45,1.9850148081380348
NASDAQCOM,1999-05-05 00:00:00,1999-05-06 00:00:00,2534.45,2472.28,-2.452997691806886
NASDAQCOM,1999-05-06 00:00:00,1999-05-07 00:00:00,2472.28,2503.62,1.2676557671461035
NASDAQCOM,1999-05-10 00:00:00,1999-05-11 00:00:00,2526.39,2566.68,1.5947656537589197
NASDAQCOM,1999-05-11 00:00:00,1999-05-12 00:00:00,2566.68,2606.54,1.5529789455639242
NASDAQCOM,1999-05-13 00:00:00,1999-05-14 00:00:00,2582.0,2527.86,-2.096824167312156
NASDAQCOM,1999-05-14 00:00:00,1999-05-17 00:00:00,2527.86,2561.84,1.3442200121842198
NASDAQCOM,1999-05-19 00:00:00,1999-05-20 00:00:00,2577.4,2542.23,-1.3645534259331138
NASDAQCOM,1999-05-21 00:00:00,1999-05-24 00:00:00,2520.14,2453.66,-2.637948685390495
NASDAQCOM,1999-05-24 00:00:00,1999-05-25 00:00:00,2453.66,2380.9,-2.9653660246325804
NASDAQCOM,1999-05-25 00:00:00,1999-05-26 00:00:00,2380.9,2427.18,1.9438027636607897
NASDAQCOM,1999-05-27 00:00:00,1999-05-28 00:00:00,2419.15,2470.52,2.1234731207242166
NASDAQCOM,1999-05-28 00:00:00,1999-06-01 00:00:00,2470.52,2412.03,-2.367517769538388
NASDAQCOM,1999-06-02 00:00:00,1999-06-03 00:00:00,2432.41,2403.32,-1.1959332513844168
NASDAQCOM,1999-06-03 00:00:00,1999-06-04 00:00:00,2403.32,2478.34,3.1215152372551294
NASDAQCOM,1999-06-04 00:00:00,1999-06-07 00:00:00,2478.34,2524.21,1.8508356399848243
NASDAQCOM,1999-06-07 00:00:00,1999-06-08 00:00:00,2524.21,2474.56,-1.9669520364787436
NASDAQCOM,1999-06-08 00:00:00,1999-06-09 00:00:00,2474.56,2519.35,1.8100187508082228
NASDAQCOM,1999-06-09 00:00:00,1999-06-10 00:00:00,2519.35,2484.62,-1.3785301764343985
NASDAQCOM,1999-06-10 00:00:00,1999-06-11 00:00:00,2484.62,2447.88,-1.478696943597
NASDAQCOM,1999-06-11 00:00:00,1999-06-14 00:00:00,2447.88,2398.31,-2.025017566220573
NASDAQCOM,1999-06-15 00:00:00,1999-06-16 00:00:00,2414.67,2517.83,4.272219392297906
NASDAQCOM,1999-06-16 00:00:00,1999-06-17 00:00:00,2517.83,2544.15,1.0453446022964286
NASDAQCOM,1999-06-18 00:00:00,1999-06-21 00:00:00,2563.44,2630.28,2.607433760883818
NASDAQCOM,1999-06-21 00:00:00,1999-06-22 00:00:00,2630.28,2580.26,-1.901698678467691
NASDAQCOM,1999-06-23 00:00:00,1999-06-24 00:00:00,2598.12,2553.99,-1.6985358643942585
NASDAQCOM,1999-06-25 00:00:00,1999-06-28 00:00:00,2552.65,2602.44,1.9505220065422193
NASDAQCOM,1999-06-28 00:00:00,1999-06-29 00:00:00,2602.44,2642.11,1.524338697530013
NASDAQCOM,1999-06-29 00:00:00,1999-06-30 00:00:00,2642.11,2686.12,1.6657141451339939
NASDAQCOM,1999-07-01 00:00:00,1999-07-02 00:00:00,2706.18,2741.02,1.2874236007952222
NASDAQCOM,1999-07-07 00:00:00,1999-07-08 00:00:00,2743.04,2771.86,1.0506591227251576
NASDAQCOM,1999-07-13 00:00:00,1999-07-14 00:00:00,2778.23,2818.13,1.4361661921439224
NASDAQCOM,1999-07-16 00:00:00,1999-07-19 00:00:00,2864.48,2830.29,-1.1935848740434583
NASDAQCOM,1999-07-19 00:00:00,1999-07-20 00:00:00,2830.29,2732.18,-3.4664292351667187
NASDAQCOM,1999-07-20 00:00:00,1999-07-21 00:00:00,2732.18,2761.77,1.0830179563572
NASDAQCOM,1999-07-21 00:00:00,1999-07-22 00:00:00,2761.77,2684.44,-2.800015931811843
NASDAQCOM,1999-07-23 00:00:00,1999-07-26 00:00:00,2692.4,2619.19,-2.7191353439310664
NASDAQCOM,1999-07-26 00:00:00,1999-07-27 00:00:00,2619.19,2679.33,2.2961297194934263
NASDAQCOM,1999-07-28 00:00:00,1999-07-29 00:00:00,2705.84,2640.01,-2.4328859060402657
NASDAQCOM,1999-08-02 00:00:00,1999-08-03 00:00:00,2623.63,2587.99,-1.3584232532788665
NASDAQCOM,1999-08-03 00:00:00,1999-08-04 00:00:00,2587.99,2540.0,-1.8543348312783197
NASDAQCOM,1999-08-04 00:00:00,1999-08-05 00:00:00,2540.0,2565.83,1.0169291338582649
NASDAQCOM,1999-08-06 00:00:00,1999-08-09 00:00:00,2547.97,2518.98,-1.1377684980592309
NASDAQCOM,1999-08-09 00:00:00,1999-08-10 00:00:00,2518.98,2490.11,-1.1460988177754445
NASDAQCOM,1999-08-10 00:00:00,1999-08-11 00:00:00,2490.11,2564.98,3.006694483376232
NASDAQCOM,1999-08-12 00:00:00,1999-08-13 00:00:00,2549.49,2637.81,3.4642222562159555
NASDAQCOM,1999-08-18 00:00:00,1999-08-19 00:00:00,2657.73,2621.43,-1.3658272284995159
NASDAQCOM,1999-08-19 00:00:00,1999-08-20 00:00:00,2621.43,2648.33,1.0261574789332575
NASDAQCOM,1999-08-20 00:00:00,1999-08-23 00:00:00,2648.33,2719.57,2.6899970925073626
NASDAQCOM,1999-08-23 00:00:00,1999-08-24 00:00:00,2719.57,2752.37,1.2060730188963595
NASDAQCOM,1999-08-24 00:00:00,1999-08-25 00:00:00,2752.37,2805.6,1.9339696334431788
NASDAQCOM,1999-08-25 00:00:00,1999-08-26 00:00:00,2805.6,2774.62,-1.1042201311662396
NASDAQCOM,1999-08-27 00:00:00,1999-08-30 00:00:00,2758.9,2712.69,-1.674942912030158
NASDAQCOM,1999-09-02 00:00:00,1999-09-03 00:00:00,2734.24,2843.11,3.9817280121715855
NASDAQCOM,1999-09-07 00:00:00,1999-09-08 00:00:00,2837.26,2808.74,-1.005195153070231
NASDAQCOM,1999-09-08 00:00:00,1999-09-09 00:00:00,2808.74,2852.02,1.540904462499206
NASDAQCOM,1999-09-09 00:00:00,1999-09-10 00:00:00,2852.02,2887.06,1.228602884972755
NASDAQCOM,1999-09-10 00:00:00,1999-09-13 00:00:00,2887.06,2844.77,-1.4648119540293574
NASDAQCOM,1999-09-14 00:00:00,1999-09-15 00:00:00,2868.29,2814.17,-1.886838499593831
NASDAQCOM,1999-09-16 00:00:00,1999-09-17 00:00:00,2806.72,2869.62,2.2410500513054417
NASDAQCOM,1999-09-20 00:00:00,1999-09-21 00:00:00,2886.15,2821.1,-2.2538676090986325
NASDAQCOM,1999-09-21 00:00:00,1999-09-22 00:00:00,2821.1,2858.16,1.3136719719258427
NASDAQCOM,1999-09-22 00:00:00,1999-09-23 00:00:00,2858.16,2749.83,-3.790200688554872
NASDAQCOM,1999-10-01 00:00:00,1999-10-04 00:00:00,2736.85,2795.97,2.160147614958799
NASDAQCOM,1999-10-05 00:00:00,1999-10-06 00:00:00,2799.67,2857.21,2.0552422249765137
NASDAQCOM,1999-10-08 00:00:00,1999-10-11 00:00:00,2886.57,2915.95,1.0178169938716073
NASDAQCOM,1999-10-11 00:00:00,1999-10-12 00:00:00,2915.95,2872.43,-1.4924810096195058
NASDAQCOM,1999-10-12 00:00:00,1999-10-13 00:00:00,2872.43,2801.27,-2.4773449657606923
NASDAQCOM,1999-10-14 00:00:00,1999-10-15 00:00:00,2806.84,2731.83,-2.6724002793176744
NASDAQCOM,1999-10-15 00:00:00,1999-10-18 00:00:00,2731.83,2689.15,-1.5623226921148035
NASDAQCOM,1999-10-19 00:00:00,1999-10-20 00:00:00,2688.18,2788.13,3.718128994338187
NASDAQCOM,1999-10-27 00:00:00,1999-10-28 00:00:00,2802.52,2875.22,2.5940938869303274
NASDAQCOM,1999-10-28 00:00:00,1999-10-29 00:00:00,2875.22,2966.43,3.1722789908250513
NASDAQCOM,1999-11-02 00:00:00,1999-11-03 00:00:00,2981.63,3028.51,1.5722943490641061
NASDAQCOM,1999-11-04 00:00:00,1999-11-05 00:00:00,3055.95,3102.29,1.5163860665259625
NASDAQCOM,1999-11-05 00:00:00,1999-11-08 00:00:00,3102.29,3143.97,1.3435236551063838
NASDAQCOM,1999-11-10 00:00:00,1999-11-11 00:00:00,3155.96,3197.29,1.3095856728222135
NASDAQCOM,1999-11-15 00:00:00,1999-11-16 00:00:00,3219.54,3295.52,2.359964466973543
NASDAQCOM,1999-11-17 00:00:00,1999-11-18 00:00:00,3269.39,3347.11,2.377201863344546
NASDAQCOM,1999-11-22 00:00:00,1999-11-23 00:00:00,3392.56,3342.87,-1.4646756431721193
NASDAQCOM,1999-11-23 00:00:00,1999-11-24 00:00:00,3342.87,3420.5,2.3222560255110163
NASDAQCOM,1999-11-29 00:00:00,1999-11-30 00:00:00,3421.37,3336.16,-2.4905228022692674
NASDAQCOM,1999-12-01 00:00:00,1999-12-02 00:00:00,3353.71,3452.78,2.954041941610937
NASDAQCOM,1999-12-02 00:00:00,1999-12-03 00:00:00,3452.78,3520.63,1.9650832083132983
NASDAQCOM,1999-12-06 00:00:00,1999-12-07 00:00:00,3546.01,3586.92,1.1536910499406332
NASDAQCOM,1999-12-10 00:00:00,1999-12-13 00:00:00,3620.24,3658.17,1.0477205931098572
NASDAQCOM,1999-12-13 00:00:00,1999-12-14 00:00:00,3658.17,3571.66,-2.3648436239977975
NASDAQCOM,1999-12-14 00:00:00,1999-12-15 00:00:00,3571.66,3621.95,1.408028759736368
NASDAQCOM,1999-12-15 00:00:00,1999-12-16 00:00:00,3621.95,3715.06,2.5707146702743033
NASDAQCOM,1999-12-16 00:00:00,1999-12-17 00:00:00,3715.06,3753.06,1.0228636953373567
NASDAQCOM,1999-12-20 00:00:00,1999-12-21 00:00:00,3783.87,3911.15,3.3637519259382644
NASDAQCOM,1999-12-28 00:00:00,1999-12-29 00:00:00,3972.11,4041.46,1.7459234512639354
NASDAQCOM,1999-12-31 00:00:00,2000-01-03 00:00:00,4069.31,4131.15,1.5196679535351125
NASDAQCOM,2000-01-03 00:00:00,2000-01-04 00:00:00,4131.15,3901.69,-5.554385582706985
NASDAQCOM,2000-01-05 00:00:00,2000-01-06 00:00:00,3877.54,3727.13,-3.879005761384792
NASDAQCOM,2000-01-06 00:00:00,2000-01-07 00:00:00,3727.13,3882.62,4.171842677878146
NASDAQCOM,2000-01-07 00:00:00,2000-01-10 00:00:00,3882.62,4049.67,4.302507069968222
NASDAQCOM,2000-01-10 00:00:00,2000-01-11 00:00:00,4049.67,3921.19,-3.172604187501698
NASDAQCOM,2000-01-11 00:00:00,2000-01-12 00:00:00,3921.19,3850.02,-1.8150102392386003
NASDAQCOM,2000-01-12 00:00:00,2000-01-13 00:00:00,3850.02,3957.21,2.784141381083736
NASDAQCOM,2000-01-13 00:00:00,2000-01-14 00:00:00,3957.21,4064.27,2.705441460018547
NASDAQCOM,2000-01-14 00:00:00,2000-01-18 00:00:00,4064.27,4130.81,1.6371943793104398
NASDAQCOM,2000-01-20 00:00:00,2000-01-21 00:00:00,4189.51,4235.4,1.0953548266980964
NASDAQCOM,2000-01-21 00:00:00,2000-01-24 00:00:00,4235.4,4096.08,-3.2894177645558798
NASDAQCOM,2000-01-24 00:00:00,2000-01-25 00:00:00,4096.08,4167.41,1.741421065994803
NASDAQCOM,2000-01-25 00:00:00,2000-01-26 00:00:00,4167.41,4069.91,-2.3395826184608666
NASDAQCOM,2000-01-27 00:00:00,2000-01-28 00:00:00,4039.56,3887.07,-3.7749160799691004
NASDAQCOM,2000-01-28 00:00:00,2000-01-31 00:00:00,3887.07,3940.35,1.3706982380044543
NASDAQCOM,2000-01-31 00:00:00,2000-02-01 00:00:00,3940.35,4051.98,2.832997068788308
NASDAQCOM,2000-02-02 00:00:00,2000-02-03 00:00:00,4073.96,4210.98,3.3633123545640977
NASDAQCOM,2000-02-04 00:00:00,2000-02-07 00:00:00,4244.14,4321.77,1.8291102555523642
NASDAQCOM,2000-02-07 00:00:00,2000-02-08 00:00:00,4321.77,4427.5,2.446451338224837
NASDAQCOM,2000-02-08 00:00:00,2000-02-09 00:00:00,4427.5,4363.24,-1.451383399209491
NASDAQCOM,2000-02-09 00:00:00,2000-02-10 00:00:00,4363.24,4485.63,2.805025623160778
NASDAQCOM,2000-02-10 00:00:00,2000-02-11 00:00:00,4485.63,4395.45,-2.010419941011637
NASDAQCOM,2000-02-16 00:00:00,2000-02-17 00:00:00,4427.65,4548.92,2.7389247117545525
NASDAQCOM,2000-02-17 00:00:00,2000-02-18 00:00:00,4548.92,4411.74,-3.0156608601602204
NASDAQCOM,2000-02-22 00:00:00,2000-02-23 00:00:00,4382.12,4550.33,3.838553029127455
NASDAQCOM,2000-02-23 00:00:00,2000-02-24 00:00:00,4550.33,4617.65,1.4794531385635703
NASDAQCOM,2000-02-28 00:00:00,2000-02-29 00:00:00,4577.85,4696.69,2.595978461504838
NASDAQCOM,2000-02-29 00:00:00,2000-03-01 00:00:00,4696.69,4784.08,1.8606720903444836
NASDAQCOM,2000-03-02 00:00:00,2000-03-03 00:00:00,4754.51,4914.79,3.371115004490468
NASDAQCOM,2000-03-06 00:00:00,2000-03-07 00:00:00,4904.85,4847.84,-1.1623189292231202
NASDAQCOM,2000-03-07 00:00:00,2000-03-08 00:00:00,4847.84,4897.26,1.0194230832700764
NASDAQCOM,2000-03-08 00:00:00,2000-03-09 00:00:00,4897.26,5046.86,3.0547694016654097
NASDAQCOM,2000-03-10 00:00:00,2000-03-13 00:00:00,5048.62,4907.24,-2.8003692098038697
NASDAQCOM,2000-03-13 00:00:00,2000-03-14 00:00:00,4907.24,4706.63,-4.088041342995242
NASDAQCOM,2000-03-14 00:00:00,2000-03-15 00:00:00,4706.63,4582.62,-2.6347938971195997
NASDAQCOM,2000-03-15 00:00:00,2000-03-16 00:00:00,4582.62,4717.39,2.940894073695843
NASDAQCOM,2000-03-16 00:00:00,2000-03-17 00:00:00,4717.39,4798.13,1.7115396437436754
NASDAQCOM,2000-03-17 00:00:00,2000-03-20 00:00:00,4798.13,4610.0,-3.920902518272746
NASDAQCOM,2000-03-20 00:00:00,2000-03-21 00:00:00,4610.0,4711.68,2.20563991323211
NASDAQCOM,2000-03-21 00:00:00,2000-03-22 00:00:00,4711.68,4864.75,3.2487350584080352
NASDAQCOM,2000-03-22 00:00:00,2000-03-23 00:00:00,4864.75,4940.61,1.559381263168707
NASDAQCOM,2000-03-27 00:00:00,2000-03-28 00:00:00,4958.56,4833.89,-2.5142380045819768
NASDAQCOM,2000-03-28 00:00:00,2000-03-29 00:00:00,4833.89,4644.67,-3.9144457155624193
NASDAQCOM,2000-03-29 00:00:00,2000-03-30 00:00:00,4644.67,4457.89,-4.02138365050692
NASDAQCOM,2000-03-30 00:00:00,2000-03-31 00:00:00,4457.89,4572.83,2.578349847124976
NASDAQCOM,2000-03-31 00:00:00,2000-04-03 00:00:00,4572.83,4223.68,-7.635315548577132
NASDAQCOM,2000-04-03 00:00:00,2000-04-04 00:00:00,4223.68,4148.89,-1.7707307371770578
NASDAQCOM,2000-04-05 00:00:00,2000-04-06 00:00:00,4169.22,4267.56,2.35871457970556
NASDAQCOM,2000-04-06 00:00:00,2000-04-07 00:00:00,4267.56,4446.45,4.191856705002376
NASDAQCOM,2000-04-07 00:00:00,2000-04-10 00:00:00,4446.45,4188.2,-5.8080041381326675
NASDAQCOM,2000-04-10 00:00:00,2000-04-11 00:00:00,4188.2,4055.9,-3.1588749343393276
NASDAQCOM,2000-04-11 00:00:00,2000-04-12 00:00:00,4055.9,3769.63,-7.0581128726053395
NASDAQCOM,2000-04-12 00:00:00,2000-04-13 00:00:00,3769.63,3676.78,-2.4631064587240634
NASDAQCOM,2000-04-13 00:00:00,2000-04-14 00:00:00,3676.78,3321.29,-9.6685142978367
NASDAQCOM,2000-04-14 00:00:00,2000-04-17 00:00:00,3321.29,3539.16,6.559800559421186
NASDAQCOM,2000-04-17 00:00:00,2000-04-18 00:00:00,3539.16,3793.57,7.188428892731618
NASDAQCOM,2000-04-18 00:00:00,2000-04-19 00:00:00,3793.57,3706.41,-2.2975719441054285
NASDAQCOM,2000-04-19 00:00:00,2000-04-20 00:00:00,3706.41,3643.88,-1.6870772526514806
NASDAQCOM,2000-04-20 00:00:00,2000-04-24 00:00:00,3643.88,3482.48,-4.429344544825847
NASDAQCOM,2000-04-24 00:00:00,2000-04-25 00:00:00,3482.48,3711.23,6.568594794514254
NASDAQCOM,2000-04-25 00:00:00,2000-04-26 00:00:00,3711.23,3630.09,-2.1863371442890864
NASDAQCOM,2000-04-26 00:00:00,2000-04-27 00:00:00,3630.09,3774.03,3.965190945679034
NASDAQCOM,2000-04-27 00:00:00,2000-04-28 00:00:00,3774.03,3860.66,2.295424254709148
NASDAQCOM,2000-04-28 00:00:00,2000-05-01 00:00:00,3860.66,3958.08,2.5234027342475143
NASDAQCOM,2000-05-01 00:00:00,2000-05-02 00:00:00,3958.08,3785.45,-4.361458080685588
NASDAQCOM,2000-05-02 00:00:00,2000-05-03 00:00:00,3785.45,3707.31,-2.0642195775931493
NASDAQCOM,2000-05-04 00:00:00,2000-05-05 00:00:00,3720.24,3816.82,2.5960690708126464
NASDAQCOM,2000-05-05 00:00:00,2000-05-08 00:00:00,3816.82,3669.38,-3.8629015777532096
NASDAQCOM,2000-05-08 00:00:00,2000-05-09 00:00:00,3669.38,3585.01,-2.299298519095866
NASDAQCOM,2000-05-09 00:00:00,2000-05-10 00:00:00,3585.01,3384.73,-5.586595295410618
NASDAQCOM,2000-05-10 00:00:00,2000-05-11 00:00:00,3384.73,3499.58,3.3931805491132208
NASDAQCOM,2000-05-12 00:00:00,2000-05-15 00:00:00,3529.06,3607.65,2.2269386182156197
NASDAQCOM,2000-05-15 00:00:00,2000-05-16 00:00:00,3607.65,3717.57,3.046858758471583
NASDAQCOM,2000-05-16 00:00:00,2000-05-17 00:00:00,3717.57,3644.96,-1.9531575733610966
NASDAQCOM,2000-05-17 00:00:00,2000-05-18 00:00:00,3644.96,3538.71,-2.9149839778763003
NASDAQCOM,2000-05-18 00:00:00,2000-05-19 00:00:00,3538.71,3390.4,-4.191075278844549
NASDAQCOM,2000-05-22 00:00:00,2000-05-23 00:00:00,3364.21,3164.55,-5.934825709453329
NASDAQCOM,2000-05-23 00:00:00,2000-05-24 00:00:00,3164.55,3270.61,3.3515033733074193
NASDAQCOM,2000-05-24 00:00:00,2000-05-25 00:00:00,3270.61,3205.35,-1.9953464338456806
NASDAQCOM,2000-05-26 00:00:00,2000-05-30 00:00:00,3205.11,3459.48,7.936389078689963
NASDAQCOM,2000-05-30 00:00:00,2000-05-31 00:00:00,3459.48,3400.91,-1.6930290101402572
NASDAQCOM,2000-05-31 00:00:00,2000-06-01 00:00:00,3400.91,3582.5,5.339453263979351
NASDAQCOM,2000-06-01 00:00:00,2000-06-02 00:00:00,3582.5,3813.38,6.44466154919749
NASDAQCOM,2000-06-05 00:00:00,2000-06-06 00:00:00,3821.76,3756.37,-1.7109917943565354
NASDAQCOM,2000-06-06 00:00:00,2000-06-07 00:00:00,3756.37,3839.26,2.2066516344236677
NASDAQCOM,2000-06-08 00:00:00,2000-06-09 00:00:00,3825.56,3874.84,1.2881774171624598
NASDAQCOM,2000-06-09 00:00:00,2000-06-12 00:00:00,3874.84,3767.91,-2.7595978156517504
NASDAQCOM,2000-06-12 00:00:00,2000-06-13 00:00:00,3767.91,3851.06,2.206793686685725
NASDAQCOM,2000-06-13 00:00:00,2000-06-14 00:00:00,3851.06,3797.41,-1.393122932387449
NASDAQCOM,2000-06-14 00:00:00,2000-06-15 00:00:00,3797.41,3845.74,1.2727095573035287
NASDAQCOM,2000-06-16 00:00:00,2000-06-19 00:00:00,3860.56,3989.83,3.3484779410241
NASDAQCOM,2000-06-20 00:00:00,2000-06-21 00:00:00,4013.36,4064.01,1.262034803755459
NASDAQCOM,2000-06-21 00:00:00,2000-06-22 00:00:00,4064.01,3936.84,-3.1291753711235963
NASDAQCOM,2000-06-22 00:00:00,2000-06-23 00:00:00,3936.84,3845.34,-2.324199103849788
NASDAQCOM,2000-06-23 00:00:00,2000-06-26 00:00:00,3845.34,3912.12,1.73664747460562
NASDAQCOM,2000-06-26 00:00:00,2000-06-27 00:00:00,3912.12,3858.96,-1.35885402288273
NASDAQCOM,2000-06-27 00:00:00,2000-06-28 00:00:00,3858.96,3940.34,2.1088583452536462
NASDAQCOM,2000-06-28 00:00:00,2000-06-29 00:00:00,3940.34,3877.23,-1.6016384372922168
NASDAQCOM,2000-06-29 00:00:00,2000-06-30 00:00:00,3877.23,3966.11,2.292358204181854
NASDAQCOM,2000-07-03 00:00:00,2000-07-05 00:00:00,3991.93,3863.1,-3.2272609990656136
NASDAQCOM,2000-07-05 00:00:00,2000-07-06 00:00:00,3863.1,3960.57,2.5231032072687802
NASDAQCOM,2000-07-06 00:00:00,2000-07-07 00:00:00,3960.57,4023.2,1.5813380397265961
NASDAQCOM,2000-07-07 00:00:00,2000-07-10 00:00:00,4023.2,3980.29,-1.066563929210575
NASDAQCOM,2000-07-11 00:00:00,2000-07-12 00:00:00,3956.42,4099.59,3.6186754692373424
NASDAQCOM,2000-07-12 00:00:00,2000-07-13 00:00:00,4099.59,4174.86,1.8360372622628
NASDAQCOM,2000-07-13 00:00:00,2000-07-14 00:00:00,4174.86,4246.18,1.708320758061363
NASDAQCOM,2000-07-17 00:00:00,2000-07-18 00:00:00,4274.67,4177.17,-2.2808778221476746
NASDAQCOM,2000-07-18 00:00:00,2000-07-19 00:00:00,4177.17,4055.63,-2.909625416250714
NASDAQCOM,2000-07-19 00:00:00,2000-07-20 00:00:00,4055.63,4184.56,3.1790375354753833
NASDAQCOM,2000-07-20 00:00:00,2000-07-21 00:00:00,4184.56,4094.45,-2.1533924713709585
NASDAQCOM,2000-07-21 00:00:00,2000-07-24 00:00:00,4094.45,3981.57,-2.756902636495736
NASDAQCOM,2000-07-24 00:00:00,2000-07-25 00:00:00,3981.57,4029.57,1.2055545927862625
NASDAQCOM,2000-07-25 00:00:00,2000-07-26 00:00:00,4029.57,3987.72,-1.0385723538739955
NASDAQCOM,2000-07-26 00:00:00,2000-07-27 00:00:00,3987.72,3842.23,-3.6484507437834095
NASDAQCOM,2000-07-27 00:00:00,2000-07-28 00:00:00,3842.23,3663.0,-4.664738966693822
NASDAQCOM,2000-07-28 00:00:00,2000-07-31 00:00:00,3663.0,3766.99,2.838929838929833
NASDAQCOM,2000-07-31 00:00:00,2000-08-01 00:00:00,3766.99,3685.52,-2.1627347033042246
NASDAQCOM,2000-08-02 00:00:00,2000-08-03 00:00:00,3658.46,3759.88,2.7722046981516835
NASDAQCOM,2000-08-04 00:00:00,2000-08-07 00:00:00,3787.36,3862.99,1.9969054961767472
NASDAQCOM,2000-08-09 00:00:00,2000-08-10 00:00:00,3853.5,3759.99,-2.426625145971201
NASDAQCOM,2000-08-11 00:00:00,2000-08-14 00:00:00,3789.47,3849.69,1.5891404338865398
NASDAQCOM,2000-08-16 00:00:00,2000-08-17 00:00:00,3861.2,3940.87,2.0633481819123607
NASDAQCOM,2000-08-22 00:00:00,2000-08-23 00:00:00,3958.21,4011.01,1.3339362994889148
NASDAQCOM,2000-08-23 00:00:00,2000-08-24 00:00:00,4011.01,4053.28,1.0538492798571926
NASDAQCOM,2000-08-30 00:00:00,2000-08-31 00:00:00,4103.81,4206.35,2.4986536901074845
NASDAQCOM,2000-09-01 00:00:00,2000-09-05 00:00:00,4234.33,4143.18,-2.152642802993617
NASDAQCOM,2000-09-05 00:00:00,2000-09-06 00:00:00,4143.18,4013.34,-3.133824743313111
NASDAQCOM,2000-09-06 00:00:00,2000-09-07 00:00:00,4013.34,4098.35,2.118185850189623
NASDAQCOM,2000-09-07 00:00:00,2000-09-08 00:00:00,4098.35,3978.41,-2.9265436090133954
NASDAQCOM,2000-09-08 00:00:00,2000-09-11 00:00:00,3978.41,3896.35,-2.062633061951884
NASDAQCOM,2000-09-11 00:00:00,2000-09-12 00:00:00,3896.35,3849.51,-1.2021507308121624
NASDAQCOM,2000-09-12 00:00:00,2000-09-13 00:00:00,3849.51,3893.89,1.1528740021457187
NASDAQCOM,2000-09-14 00:00:00,2000-09-15 00:00:00,3913.86,3835.23,-2.009014119053827
NASDAQCOM,2000-09-15 00:00:00,2000-09-18 00:00:00,3835.23,3726.52,-2.8345105769406276
NASDAQCOM,2000-09-18 00:00:00,2000-09-19 00:00:00,3726.52,3865.64,3.733241737599688
NASDAQCOM,2000-09-20 00:00:00,2000-09-21 00:00:00,3897.44,3828.87,-1.759359990147383
NASDAQCOM,2000-09-22 00:00:00,2000-09-25 00:00:00,3803.76,3741.22,-1.6441626180411073
NASDAQCOM,2000-09-25 00:00:00,2000-09-26 00:00:00,3741.22,3689.1,-1.3931284447319294
NASDAQCOM,2000-09-27 00:00:00,2000-09-28 00:00:00,3656.3,3778.32,3.3372535076443395
NASDAQCOM,2000-09-28 00:00:00,2000-09-29 00:00:00,3778.32,3672.82,-2.792246289356116
NASDAQCOM,2000-09-29 00:00:00,2000-10-02 00:00:00,3672.82,3568.9,-2.8294335143023637
NASDAQCOM,2000-10-02 00:00:00,2000-10-03 00:00:00,3568.9,3455.83,-3.1682030877861567
NASDAQCOM,2000-10-03 00:00:00,2000-10-04 00:00:00,3455.83,3523.1,1.9465656586116789
NASDAQCOM,2000-10-04 00:00:00,2000-10-05 00:00:00,3523.1,3472.1,-1.4475887712525901
NASDAQCOM,2000-10-05 00:00:00,2000-10-06 00:00:00,3472.1,3361.01,-3.199504622562705
NASDAQCOM,2000-10-09 00:00:00,2000-10-10 00:00:00,3355.56,3240.54,-3.4277438043128416
NASDAQCOM,2000-10-10 00:00:00,2000-10-11 00:00:00,3240.54,3168.49,-2.223394866287723
NASDAQCOM,2000-10-11 00:00:00,2000-10-12 00:00:00,3168.49,3074.68,-2.9607163033495434
NASDAQCOM,2000-10-12 00:00:00,2000-10-13 00:00:00,3074.68,3316.77,7.8736649017133535
NASDAQCOM,2000-10-16 00:00:00,2000-10-17 00:00:00,3290.28,3213.96,-2.319559429592623
NASDAQCOM,2000-10-17 00:00:00,2000-10-18 00:00:00,3213.96,3171.56,-1.3192447945836316
NASDAQCOM,2000-10-18 00:00:00,2000-10-19 00:00:00,3171.56,3418.6,7.789226752765199
NASDAQCOM,2000-10-19 00:00:00,2000-10-20 00:00:00,3418.6,3483.14,1.8879073304861629
NASDAQCOM,2000-10-23 00:00:00,2000-10-24 00:00:00,3468.69,3419.79,-1.4097541146657697
NASDAQCOM,2000-10-24 00:00:00,2000-10-25 00:00:00,3419.79,3229.57,-5.562329850663339
NASDAQCOM,2000-10-25 00:00:00,2000-10-26 00:00:00,3229.57,3272.18,1.319370690215715
NASDAQCOM,2000-10-27 00:00:00,2000-10-30 00:00:00,3278.36,3191.4,-2.652545785087667
NASDAQCOM,2000-10-30 00:00:00,2000-10-31 00:00:00,3191.4,3369.63,5.584696371498402
NASDAQCOM,2000-10-31 00:00:00,2000-11-01 00:00:00,3369.63,3333.39,-1.0754890002760018
NASDAQCOM,2000-11-01 00:00:00,2000-11-02 00:00:00,3333.39,3429.02,2.8688512295291013
NASDAQCOM,2000-11-03 00:00:00,2000-11-06 00:00:00,3451.58,3416.21,-1.024748086383624
NASDAQCOM,2000-11-07 00:00:00,2000-11-08 00:00:00,3415.79,3231.7,-5.389382836766901
NASDAQCOM,2000-11-09 00:00:00,2000-11-10 00:00:00,3200.35,3028.99,-5.354414360929278
NASDAQCOM,2000-11-10 00:00:00,2000-11-13 00:00:00,3028.99,2966.72,-2.055800778477314
NASDAQCOM,2000-11-13 00:00:00,2000-11-14 00:00:00,2966.72,3138.27,5.782480314960637
NASDAQCOM,2000-11-15 00:00:00,2000-11-16 00:00:00,3165.49,3031.88,-4.220831530031675
NASDAQCOM,2000-11-17 00:00:00,2000-11-20 00:00:00,3027.19,2875.64,-5.006292964762707
NASDAQCOM,2000-11-21 00:00:00,2000-11-22 00:00:00,2871.45,2755.34,-4.043601664664183
NASDAQCOM,2000-11-22 00:00:00,2000-11-24 00:00:00,2755.34,2904.38,5.409132811195713
NASDAQCOM,2000-11-27 00:00:00,2000-11-28 00:00:00,2880.49,2734.98,-5.051571086863685
NASDAQCOM,2000-11-28 00:00:00,2000-11-29 00:00:00,2734.98,2706.93,-1.0256016497378475
NASDAQCOM,2000-11-29 00:00:00,2000-11-30 00:00:00,2706.93,2597.93,-4.026701835658846
NASDAQCOM,2000-11-30 00:00:00,2000-12-01 00:00:00,2597.93,2645.29,1.8229898419126047
NASDAQCOM,2000-12-01 00:00:00,2000-12-04 00:00:00,2645.29,2615.75,-1.1167017604875067
NASDAQCOM,2000-12-04 00:00:00,2000-12-05 00:00:00,2615.75,2889.8,10.476918665774642
NASDAQCOM,2000-12-05 00:00:00,2000-12-06 00:00:00,2889.8,2796.5,-3.228597134749816
NASDAQCOM,2000-12-06 00:00:00,2000-12-07 00:00:00,2796.5,2752.66,-1.5676738780618684
NASDAQCOM,2000-12-07 00:00:00,2000-12-08 00:00:00,2752.66,2917.43,5.985846417646931
NASDAQCOM,2000-12-08 00:00:00,2000-12-11 00:00:00,2917.43,3015.1,3.3478095447020175
NASDAQCOM,2000-12-11 00:00:00,2000-12-12 00:00:00,3015.1,2931.77,-2.7637557626612694
NASDAQCOM,2000-12-12 00:00:00,2000-12-13 00:00:00,2931.77,2822.77,-3.7178905575812564
NASDAQCOM,2000-12-13 00:00:00,2000-12-14 00:00:00,2822.77,2728.51,-3.3392731253343264
NASDAQCOM,2000-12-14 00:00:00,2000-12-15 00:00:00,2728.51,2653.27,-2.7575489919406646
NASDAQCOM,2000-12-15 00:00:00,2000-12-18 00:00:00,2653.27,2624.52,-1.0835685776419286
NASDAQCOM,2000-12-18 00:00:00,2000-12-19 00:00:00,2624.52,2511.71,-4.298309786170421
NASDAQCOM,2000-12-19 00:00:00,2000-12-20 00:00:00,2511.71,2332.78,-7.123831971047606
NASDAQCOM,2000-12-21 00:00:00,2000-12-22 00:00:00,2340.12,2517.02,7.559441396167722
NASDAQCOM,2000-12-26 00:00:00,2000-12-27 00:00:00,2493.52,2539.35,1.8379640026949824
NASDAQCOM,2000-12-28 00:00:00,2000-12-29 00:00:00,2557.76,2470.52,-3.4107969473289215
NASDAQCOM,2000-12-29 00:00:00,2001-01-02 00:00:00,2470.52,2291.86,-7.231675922477853
NASDAQCOM,2001-01-02 00:00:00,2001-01-03 00:00:00,2291.86,2616.69,14.173204296946581
NASDAQCOM,2001-01-03 00:00:00,2001-01-04 00:00:00,2616.69,2566.83,-1.9054607156369356
NASDAQCOM,2001-01-04 00:00:00,2001-01-05 00:00:00,2566.83,2407.65,-6.201423545774354
NASDAQCOM,2001-01-08 00:00:00,2001-01-09 00:00:00,2395.92,2441.3,1.8940532238138212
NASDAQCOM,2001-01-09 00:00:00,2001-01-10 00:00:00,2441.3,2524.18,3.394912546594013
NASDAQCOM,2001-01-10 00:00:00,2001-01-11 00:00:00,2524.18,2640.57,4.611002384932942
NASDAQCOM,2001-01-16 00:00:00,2001-01-17 00:00:00,2618.55,2682.78,2.4528842298218483
NASDAQCOM,2001-01-17 00:00:00,2001-01-18 00:00:00,2682.78,2768.49,3.1948202983472207
NASDAQCOM,2001-01-22 00:00:00,2001-01-23 00:00:00,2757.91,2840.39,2.990670471480216
NASDAQCOM,2001-01-24 00:00:00,2001-01-25 00:00:00,2859.15,2754.28,-3.6678733189934034
NASDAQCOM,2001-01-26 00:00:00,2001-01-29 00:00:00,2781.3,2838.34,2.0508395354690236
NASDAQCOM,2001-01-30 00:00:00,2001-01-31 00:00:00,2838.35,2772.73,-2.3119065654341395
NASDAQCOM,2001-02-01 00:00:00,2001-02-02 00:00:00,2782.79,2660.5,-4.39451054517229
NASDAQCOM,2001-02-06 00:00:00,2001-02-07 00:00:00,2664.49,2607.82,-2.1268610503323195
NASDAQCOM,2001-02-07 00:00:00,2001-02-08 00:00:00,2607.82,2562.06,-1.7547223351305004
NASDAQCOM,2001-02-08 00:00:00,2001-02-09 00:00:00,2562.06,2470.97,-3.555342185585043
NASDAQCOM,2001-02-12 00:00:00,2001-02-13 00:00:00,2489.66,2427.72,-2.487889912678842
NASDAQCOM,2001-02-13 00:00:00,2001-02-14 00:00:00,2427.72,2491.4,2.6230372530604966
NASDAQCOM,2001-02-14 00:00:00,2001-02-15 00:00:00,2491.4,2552.91,2.4688929918920994
NASDAQCOM,2001-02-15 00:00:00,2001-02-16 00:00:00,2552.91,2425.38,-4.99547575120156
NASDAQCOM,2001-02-16 00:00:00,2001-02-20 00:00:00,2425.38,2318.35,-4.412916738820317
NASDAQCOM,2001-02-20 00:00:00,2001-02-21 00:00:00,2318.35,2268.94,-2.13125714408954
NASDAQCOM,2001-02-21 00:00:00,2001-02-22 00:00:00,2268.94,2244.96,-1.0568811868097006
NASDAQCOM,2001-02-23 00:00:00,2001-02-26 00:00:00,2262.51,2308.5,2.0326981980190046
NASDAQCOM,2001-02-26 00:00:00,2001-02-27 00:00:00,2308.5,2207.82,-4.3612735542560035
NASDAQCOM,2001-02-27 00:00:00,2001-02-28 00:00:00,2207.82,2151.83,-2.5359857234738445
NASDAQCOM,2001-02-28 00:00:00,2001-03-01 00:00:00,2151.83,2183.37,1.4657291700552537
NASDAQCOM,2001-03-01 00:00:00,2001-03-02 00:00:00,2183.37,2117.63,-3.0109418009773785
NASDAQCOM,2001-03-02 00:00:00,2001-03-05 00:00:00,2117.63,2142.92,1.1942596204247182
NASDAQCOM,2001-03-05 00:00:00,2001-03-06 00:00:00,2142.92,2204.43,2.8703824687809045
NASDAQCOM,2001-03-07 00:00:00,2001-03-08 00:00:00,2223.92,2168.73,-2.4816540163315253
NASDAQCOM,2001-03-08 00:00:00,2001-03-09 00:00:00,2168.73,2052.78,-5.346446998934852
NASDAQCOM,2001-03-09 00:00:00,2001-03-12 00:00:00,2052.78,1923.38,-6.303646761952088
NASDAQCOM,2001-03-12 00:00:00,2001-03-13 00:00:00,1923.38,2014.78,4.752051076750297
NASDAQCOM,2001-03-13 00:00:00,2001-03-14 00:00:00,2014.78,1972.09,-2.1188417593980513
NASDAQCOM,2001-03-14 00:00:00,2001-03-15 00:00:00,1972.09,1940.71,-1.591205269536374
NASDAQCOM,2001-03-15 00:00:00,2001-03-16 00:00:00,1940.71,1890.91,-2.566071180135103
NASDAQCOM,2001-03-16 00:00:00,2001-03-19 00:00:00,1890.91,1951.18,3.1873542368489236
NASDAQCOM,2001-03-19 00:00:00,2001-03-20 00:00:00,1951.18,1857.44,-4.804272286513802
NASDAQCOM,2001-03-20 00:00:00,2001-03-21 00:00:00,1857.44,1830.23,-1.4649194590404016
NASDAQCOM,2001-03-21 00:00:00,2001-03-22 00:00:00,1830.23,1897.7,3.686421925113239
NASDAQCOM,2001-03-22 00:00:00,2001-03-23 00:00:00,1897.7,1928.68,1.6325025030299847
NASDAQCOM,2001-03-26 00:00:00,2001-03-27 00:00:00,1918.49,1972.26,2.8027250598126643
NASDAQCOM,2001-03-27 00:00:00,2001-03-28 00:00:00,1972.26,1854.13,-5.989575410949869
NASDAQCOM,2001-03-28 00:00:00,2001-03-29 00:00:00,1854.13,1820.57,-1.8100133216117624
NASDAQCOM,2001-03-29 00:00:00,2001-03-30 00:00:00,1820.57,1840.26,1.081529411118499
NASDAQCOM,2001-03-30 00:00:00,2001-04-02 00:00:00,1840.26,1782.97,-3.1131470553074
NASDAQCOM,2001-04-02 00:00:00,2001-04-03 00:00:00,1782.97,1673.0,-6.167798673000669
NASDAQCOM,2001-04-03 00:00:00,2001-04-04 00:00:00,1673.0,1638.8,-2.044231918708909
NASDAQCOM,2001-04-04 00:00:00,2001-04-05 00:00:00,1638.8,1785.0,8.921161825726145
NASDAQCOM,2001-04-05 00:00:00,2001-04-06 00:00:00,1785.0,1720.36,-3.6212885154061683
NASDAQCOM,2001-04-06 00:00:00,2001-04-09 00:00:00,1720.36,1745.71,1.4735287962984571
NASDAQCOM,2001-04-09 00:00:00,2001-04-10 00:00:00,1745.71,1852.03,6.090358650634982
NASDAQCOM,2001-04-10 00:00:00,2001-04-11 00:00:00,1852.03,1898.95,2.533436283429538
NASDAQCOM,2001-04-11 00:00:00,2001-04-12 00:00:00,1898.95,1961.43,3.2902393427947034
NASDAQCOM,2001-04-12 00:00:00,2001-04-16 00:00:00,1961.43,1909.57,-2.6439893343122174
NASDAQCOM,2001-04-17 00:00:00,2001-04-18 00:00:00,1923.22,2079.44,8.122835661026821
NASDAQCOM,2001-04-18 00:00:00,2001-04-19 00:00:00,2079.44,2182.14,4.938829684915161
NASDAQCOM,2001-04-20 00:00:00,2001-04-23 00:00:00,2163.41,2059.32,-4.81138572901113
NASDAQCOM,2001-04-23 00:00:00,2001-04-24 00:00:00,2059.32,2016.61,-2.07398558747549
NASDAQCOM,2001-04-24 00:00:00,2001-04-25 00:00:00,2016.61,2059.8,2.141713072929336
NASDAQCOM,2001-04-25 00:00:00,2001-04-26 00:00:00,2059.8,2034.88,-1.2098261967181314
NASDAQCOM,2001-04-26 00:00:00,2001-04-27 00:00:00,2034.88,2075.68,2.005032237773221
NASDAQCOM,2001-04-27 00:00:00,2001-04-30 00:00:00,2075.68,2116.24,1.954058429044937
NASDAQCOM,2001-04-30 00:00:00,2001-05-01 00:00:00,2116.24,2168.24,2.4571882206176996
NASDAQCOM,2001-05-01 00:00:00,2001-05-02 00:00:00,2168.24,2220.6,2.4148618234143884
NASDAQCOM,2001-05-02 00:00:00,2001-05-03 00:00:00,2220.6,2146.2,-3.3504458254525846
NASDAQCOM,2001-05-03 00:00:00,2001-05-04 00:00:00,2146.2,2191.53,2.1121051160190283
NASDAQCOM,2001-05-07 00:00:00,2001-05-08 00:00:00,2173.57,2198.77,1.159382950629601
NASDAQCOM,2001-05-08 00:00:00,2001-05-09 00:00:00,2198.77,2156.63,-1.9165260577504637
NASDAQCOM,2001-05-09 00:00:00,2001-05-10 00:00:00,2156.63,2128.86,-1.2876571317286682
NASDAQCOM,2001-05-10 00:00:00,2001-05-11 00:00:00,2128.86,2107.43,-1.0066420525539628
NASDAQCOM,2001-05-11 00:00:00,2001-05-14 00:00:00,2107.43,2081.92,-1.2104791143715221
NASDAQCOM,2001-05-15 00:00:00,2001-05-16 00:00:00,2085.58,2166.44,3.877098936506877
NASDAQCOM,2001-05-16 00:00:00,2001-05-17 00:00:00,2166.44,2193.68,1.2573623086722818
NASDAQCOM,2001-05-18 00:00:00,2001-05-21 00:00:00,2198.88,2305.59,4.852925125518447
NASDAQCOM,2001-05-22 00:00:00,2001-05-23 00:00:00,2313.85,2243.48,-3.041251593664235
NASDAQCOM,2001-05-23 00:00:00,2001-05-24 00:00:00,2243.48,2282.02,1.7178668853745058
NASDAQCOM,2001-05-24 00:00:00,2001-05-25 00:00:00,2282.02,2251.03,-1.3580073794269893
NASDAQCOM,2001-05-25 00:00:00,2001-05-29 00:00:00,2251.03,2175.54,-3.353575918579505
NASDAQCOM,2001-05-29 00:00:00,2001-05-30 00:00:00,2175.54,2084.5,-4.184708164409754
NASDAQCOM,2001-05-30 00:00:00,2001-05-31 00:00:00,2084.5,2110.49,1.2468217798032997
NASDAQCOM,2001-05-31 00:00:00,2001-06-01 00:00:00,2110.49,2149.44,1.8455429781709591
NASDAQCOM,2001-06-04 00:00:00,2001-06-05 00:00:00,2155.93,2233.66,3.6054046281651084
NASDAQCOM,2001-06-06 00:00:00,2001-06-07 00:00:00,2217.73,2264.0,2.0863675920874036
NASDAQCOM,2001-06-07 00:00:00,2001-06-08 00:00:00,2264.0,2215.1,-2.1598939929328664
NASDAQCOM,2001-06-08 00:00:00,2001-06-11 00:00:00,2215.1,2170.78,-2.0008126043970798
NASDAQCOM,2001-06-12 00:00:00,2001-06-13 00:00:00,2169.95,2121.66,-2.225396898546048
NASDAQCOM,2001-06-13 00:00:00,2001-06-14 00:00:00,2121.66,2044.07,-3.657042127390813
NASDAQCOM,2001-06-15 00:00:00,2001-06-18 00:00:00,2028.43,1988.63,-1.96210862588307
NASDAQCOM,2001-06-19 00:00:00,2001-06-20 00:00:00,1992.66,2031.24,1.9361055072114621
NASDAQCOM,2001-06-20 00:00:00,2001-06-21 00:00:00,2031.24,2058.76,1.3548374391997111
NASDAQCOM,2001-06-21 00:00:00,2001-06-22 00:00:00,2058.76,2034.84,-1.1618644232450746
NASDAQCOM,2001-06-27 00:00:00,2001-06-28 00:00:00,2074.74,2125.46,2.444643666194331
NASDAQCOM,2001-06-28 00:00:00,2001-06-29 00:00:00,2125.46,2160.54,1.6504662520113258
NASDAQCOM,2001-07-03 00:00:00,2001-07-05 00:00:00,2140.8,2080.11,-2.8349215246636796
NASDAQCOM,2001-07-05 00:00:00,2001-07-06 00:00:00,2080.11,2004.16,-3.6512492127820186
NASDAQCOM,2001-07-06 00:00:00,2001-07-09 00:00:00,2004.16,2026.71,1.125159667890785
NASDAQCOM,2001-07-09 00:00:00,2001-07-10 00:00:00,2026.71,1962.79,-3.1538799334882675
NASDAQCOM,2001-07-11 00:00:00,2001-07-12 00:00:00,1972.04,2075.74,5.258514026084654
NASDAQCOM,2001-07-13 00:00:00,2001-07-16 00:00:00,2084.79,2029.12,-2.6702929311825208
NASDAQCOM,2001-07-16 00:00:00,2001-07-17 00:00:00,2029.12,2067.32,1.882589496924789
NASDAQCOM,2001-07-17 00:00:00,2001-07-18 00:00:00,2067.32,2016.17,-2.4742178279124705
NASDAQCOM,2001-07-18 00:00:00,2001-07-19 00:00:00,2016.17,2046.59,1.5088013411567398
NASDAQCOM,2001-07-20 00:00:00,2001-07-23 00:00:00,2029.37,1988.56,-2.010968921389394
NASDAQCOM,2001-07-23 00:00:00,2001-07-24 00:00:00,1988.56,1959.24,-1.4744337611135665
NASDAQCOM,2001-07-24 00:00:00,2001-07-25 00:00:00,1959.24,1984.32,1.2800881974643192
NASDAQCOM,2001-07-25 00:00:00,2001-07-26 00:00:00,1984.32,2022.96,1.9472665699080844
NASDAQCOM,2001-07-31 00:00:00,2001-08-01 00:00:00,2027.13,2068.38,2.0348966272513356
NASDAQCOM,2001-08-02 00:00:00,2001-08-03 00:00:00,2087.38,2066.33,-1.0084412038057364
NASDAQCOM,2001-08-03 00:00:00,2001-08-06 00:00:00,2066.33,2034.26,-1.552027023757093
NASDAQCOM,2001-08-07 00:00:00,2001-08-08 00:00:00,2027.79,1966.36,-3.0294063980984256
NASDAQCOM,2001-08-10 00:00:00,2001-08-13 00:00:00,1956.47,1982.25,1.3176792897412162
NASDAQCOM,2001-08-14 00:00:00,2001-08-15 00:00:00,1964.53,1918.89,-2.323201987243762
NASDAQCOM,2001-08-16 00:00:00,2001-08-17 00:00:00,1930.32,1867.01,-3.279767085250111
NASDAQCOM,2001-08-20 00:00:00,2001-08-21 00:00:00,1881.35,1831.3,-2.6603237037233876
NASDAQCOM,2001-08-21 00:00:00,2001-08-22 00:00:00,1831.3,1860.01,1.5677387648118843
NASDAQCOM,2001-08-23 00:00:00,2001-08-24 00:00:00,1842.97,1916.8,4.006033739019079
NASDAQCOM,2001-08-27 00:00:00,2001-08-28 00:00:00,1912.41,1864.98,-2.480116711374656
NASDAQCOM,2001-08-28 00:00:00,2001-08-29 00:00:00,1864.98,1843.17,-1.1694495383328478
NASDAQCOM,2001-08-29 00:00:00,2001-08-30 00:00:00,1843.17,1791.68,-2.7935567527683287
NASDAQCOM,2001-08-31 00:00:00,2001-09-04 00:00:00,1805.43,1770.78,-1.9192103820142619
NASDAQCOM,2001-09-05 00:00:00,2001-09-06 00:00:00,1759.01,1705.64,-3.034093040971904
NASDAQCOM,2001-09-06 00:00:00,2001-09-07 00:00:00,1705.64,1687.7,-1.0518046012054159
NASDAQCOM,2001-09-10 00:00:00,2001-09-17 00:00:00,1695.38,1579.55,-6.832096639101567
NASDAQCOM,2001-09-17 00:00:00,2001-09-18 00:00:00,1579.55,1555.08,-1.5491753980564102
NASDAQCOM,2001-09-18 00:00:00,2001-09-19 00:00:00,1555.08,1527.8,-1.7542505851788959
NASDAQCOM,2001-09-19 00:00:00,2001-09-20 00:00:00,1527.8,1470.93,-3.7223458567875305
NASDAQCOM,2001-09-20 00:00:00,2001-09-21 00:00:00,1470.93,1423.19,-3.245565730524227
NASDAQCOM,2001-09-21 00:00:00,2001-09-24 00:00:00,1423.19,1499.4,5.354871802078432
NASDAQCOM,2001-09-25 00:00:00,2001-09-26 00:00:00,1501.64,1464.04,-2.503929037585582
NASDAQCOM,2001-09-27 00:00:00,2001-09-28 00:00:00,1460.71,1498.8,2.607636012623992
NASDAQCOM,2001-09-28 00:00:00,2001-10-01 00:00:00,1498.8,1480.46,-1.2236455831331678
NASDAQCOM,2001-10-02 00:00:00,2001-10-03 00:00:00,1492.33,1580.81,5.928983535813126
NASDAQCOM,2001-10-03 00:00:00,2001-10-04 00:00:00,1580.81,1597.31,1.0437687008558902
NASDAQCOM,2001-10-08 00:00:00,2001-10-09 00:00:00,1605.95,1570.19,-2.226719387278557
NASDAQCOM,2001-10-09 00:00:00,2001-10-10 00:00:00,1570.19,1626.26,3.5709054318267173
NASDAQCOM,2001-10-10 00:00:00,2001-10-11 00:00:00,1626.26,1701.47,4.624721754209046
NASDAQCOM,2001-10-15 00:00:00,2001-10-16 00:00:00,1696.31,1722.07,1.5185903519993393
NASDAQCOM,2001-10-16 00:00:00,2001-10-17 00:00:00,1722.07,1646.34,-4.397614498829898
NASDAQCOM,2001-10-18 00:00:00,2001-10-19 00:00:00,1652.72,1671.31,1.1248124304177307
NASDAQCOM,2001-10-19 00:00:00,2001-10-22 00:00:00,1671.31,1708.08,2.2000706032992072
NASDAQCOM,2001-10-23 00:00:00,2001-10-24 00:00:00,1704.44,1731.54,1.5899650325033388
NASDAQCOM,2001-10-24 00:00:00,2001-10-25 00:00:00,1731.54,1775.47,2.5370479457592703
NASDAQCOM,2001-10-26 00:00:00,2001-10-29 00:00:00,1768.96,1699.52,-3.9254703328509435
NASDAQCOM,2001-10-29 00:00:00,2001-10-30 00:00:00,1699.52,1667.41,-1.8893569949162057
NASDAQCOM,2001-10-30 00:00:00,2001-10-31 00:00:00,1667.41,1690.2,1.3667904114764793
NASDAQCOM,2001-10-31 00:00:00,2001-11-01 00:00:00,1690.2,1746.3,3.3191338303159332
NASDAQCOM,2001-11-02 00:00:00,2001-11-05 00:00:00,1745.73,1793.65,2.7449834739621863
NASDAQCOM,2001-11-05 00:00:00,2001-11-06 00:00:00,1793.65,1835.08,2.309815181334142
NASDAQCOM,2001-11-12 00:00:00,2001-11-13 00:00:00,1840.13,1892.11,2.824800421709324
NASDAQCOM,2001-11-16 00:00:00,2001-11-19 00:00:00,1898.58,1934.42,1.88772661673462
NASDAQCOM,2001-11-19 00:00:00,2001-11-20 00:00:00,1934.42,1880.51,-2.7868818560602184
NASDAQCOM,2001-11-21 00:00:00,2001-11-23 00:00:00,1875.05,1903.2,1.501293298845369
NASDAQCOM,2001-11-23 00:00:00,2001-11-26 00:00:00,1903.2,1941.23,1.9982135350987795
NASDAQCOM,2001-11-27 00:00:00,2001-11-28 00:00:00,1935.97,1887.97,-2.479377263077424
NASDAQCOM,2001-11-28 00:00:00,2001-11-29 00:00:00,1887.97,1933.26,2.3988728634459213
NASDAQCOM,2001-11-30 00:00:00,2001-12-03 00:00:00,1930.58,1904.9,-1.3301702079167834
NASDAQCOM,2001-12-03 00:00:00,2001-12-04 00:00:00,1904.9,1963.1,3.055278492309298
NASDAQCOM,2001-12-04 00:00:00,2001-12-05 00:00:00,1963.1,2046.84,4.265702205695074
NASDAQCOM,2001-12-06 00:00:00,2001-12-07 00:00:00,2054.27,2021.26,-1.6068968538702308
NASDAQCOM,2001-12-07 00:00:00,2001-12-10 00:00:00,2021.26,1992.12,-1.4416749948052254
NASDAQCOM,2001-12-12 00:00:00,2001-12-13 00:00:00,2011.38,1946.51,-3.225148902743396
NASDAQCOM,2001-12-14 00:00:00,2001-12-17 00:00:00,1953.17,1987.45,1.7550955625982363
NASDAQCOM,2001-12-18 00:00:00,2001-12-19 00:00:00,2004.76,1982.89,-1.0909036493146256
NASDAQCOM,2001-12-19 00:00:00,2001-12-20 00:00:00,1982.89,1918.54,-3.2452632269061894
NASDAQCOM,2001-12-20 00:00:00,2001-12-21 00:00:00,1918.54,1945.83,1.4224358105642814
NASDAQCOM,2001-12-28 00:00:00,2001-12-31 00:00:00,1987.26,1950.4,-1.854815172649774
NASDAQCOM,2001-12-31 00:00:00,2002-01-02 00:00:00,1950.4,1979.25,1.4791837571780102
NASDAQCOM,2002-01-02 00:00:00,2002-01-03 00:00:00,1979.25,2044.27,3.2850827333585944
NASDAQCOM,2002-01-04 00:00:00,2002-01-07 00:00:00,2059.38,2037.1,-1.081879012129874
NASDAQCOM,2002-01-10 00:00:00,2002-01-11 00:00:00,2047.24,2022.46,-1.2104101131279172
NASDAQCOM,2002-01-11 00:00:00,2002-01-14 00:00:00,2022.46,1990.74,-1.5683870138346383
NASDAQCOM,2002-01-15 00:00:00,2002-01-16 00:00:00,2000.91,1944.44,-2.822215891769246
NASDAQCOM,2002-01-16 00:00:00,2002-01-17 00:00:00,1944.44,1985.82,2.128119149986622
NASDAQCOM,2002-01-17 00:00:00,2002-01-18 00:00:00,1985.82,1930.34,-2.7938080994249237
NASDAQCOM,2002-01-18 00:00:00,2002-01-22 00:00:00,1930.34,1882.53,-2.4767657511112007
NASDAQCOM,2002-01-22 00:00:00,2002-01-23 00:00:00,1882.53,1922.38,2.1168321354772637
NASDAQCOM,2002-01-23 00:00:00,2002-01-24 00:00:00,1922.38,1942.58,1.0507808029629842
NASDAQCOM,2002-01-28 00:00:00,2002-01-29 00:00:00,1943.91,1892.99,-2.619462835213568
NASDAQCOM,2002-01-29 00:00:00,2002-01-30 00:00:00,1892.99,1913.44,1.0803015335527417
NASDAQCOM,2002-01-30 00:00:00,2002-01-31 00:00:00,1913.44,1934.03,1.0760724140814406
NASDAQCOM,2002-01-31 00:00:00,2002-02-01 00:00:00,1934.03,1911.24,-1.1783684844599083
NASDAQCOM,2002-02-01 00:00:00,2002-02-04 00:00:00,1911.24,1855.53,-2.9148615558485607
NASDAQCOM,2002-02-05 00:00:00,2002-02-06 00:00:00,1838.52,1812.71,-1.4038465722428881
NASDAQCOM,2002-02-06 00:00:00,2002-02-07 00:00:00,1812.71,1782.11,-1.688080277595431
NASDAQCOM,2002-02-07 00:00:00,2002-02-08 00:00:00,1782.11,1818.88,2.0632845335024332
NASDAQCOM,2002-02-08 00:00:00,2002-02-11 00:00:00,1818.88,1846.66,1.5273135116115395
NASDAQCOM,2002-02-12 00:00:00,2002-02-13 00:00:00,1834.21,1859.16,1.36025863995944
NASDAQCOM,2002-02-14 00:00:00,2002-02-15 00:00:00,1843.37,1805.2,-2.070664055507025
NASDAQCOM,2002-02-15 00:00:00,2002-02-19 00:00:00,1805.2,1750.61,-3.024041657434087
NASDAQCOM,2002-02-19 00:00:00,2002-02-20 00:00:00,1750.61,1775.57,1.4257887250729766
NASDAQCOM,2002-02-20 00:00:00,2002-02-21 00:00:00,1775.57,1716.24,-3.3414621783427254
NASDAQCOM,2002-02-22 00:00:00,2002-02-25 00:00:00,1724.54,1769.88,2.6291068922727305
NASDAQCOM,2002-02-27 00:00:00,2002-02-28 00:00:00,1751.88,1731.49,-1.1638925040527948
NASDAQCOM,2002-02-28 00:00:00,2002-03-01 00:00:00,1731.49,1802.74,4.114953017343445
NASDAQCOM,2002-03-01 00:00:00,2002-03-04 00:00:00,1802.74,1859.32,3.138555754018878
NASDAQCOM,2002-03-05 00:00:00,2002-03-06 00:00:00,1866.29,1890.4,1.2918678233286427
NASDAQCOM,2002-03-07 00:00:00,2002-03-08 00:00:00,1881.63,1929.67,2.5531055521011017
NASDAQCOM,2002-03-11 00:00:00,2002-03-12 00:00:00,1929.49,1897.12,-1.6776453881595716
NASDAQCOM,2002-03-12 00:00:00,2002-03-13 00:00:00,1897.12,1862.03,-1.8496457788648013
NASDAQCOM,2002-03-19 00:00:00,2002-03-20 00:00:00,1880.87,1832.87,-2.552010505776582
NASDAQCOM,2002-03-20 00:00:00,2002-03-21 00:00:00,1832.87,1868.83,1.9619503838242778
NASDAQCOM,2002-03-22 00:00:00,2002-03-25 00:00:00,1851.39,1812.49,-2.1011240203306754
NASDAQCOM,2002-03-27 00:00:00,2002-03-28 00:00:00,1826.75,1845.35,1.018201724373883
NASDAQCOM,2002-04-01 00:00:00,2002-04-02 00:00:00,1862.62,1804.4,-3.1257046525861316
NASDAQCOM,2002-04-02 00:00:00,2002-04-03 00:00:00,1804.4,1784.35,-1.1111726889824973
NASDAQCOM,2002-04-04 00:00:00,2002-04-05 00:00:00,1789.75,1770.03,-1.1018298645062174
NASDAQCOM,2002-04-08 00:00:00,2002-04-09 00:00:00,1785.87,1742.57,-2.4245885758761814
NASDAQCOM,2002-04-09 00:00:00,2002-04-10 00:00:00,1742.57,1767.07,1.4059693441296477
NASDAQCOM,2002-04-10 00:00:00,2002-04-11 00:00:00,1767.07,1725.24,-2.367195413877205
NASDAQCOM,2002-04-11 00:00:00,2002-04-12 00:00:00,1725.24,1756.19,1.7939533050474163
NASDAQCOM,2002-04-15 00:00:00,2002-04-16 00:00:00,1753.78,1816.79,3.5928109569045144
NASDAQCOM,2002-04-19 00:00:00,2002-04-22 00:00:00,1796.83,1758.68,-2.123183606685099
NASDAQCOM,2002-04-22 00:00:00,2002-04-23 00:00:00,1758.68,1730.29,-1.6142788909864272
NASDAQCOM,2002-04-25 00:00:00,2002-04-26 00:00:00,1713.7,1663.89,-2.9065764136079792
NASDAQCOM,2002-04-29 00:00:00,2002-04-30 00:00:00,1656.93,1688.23,1.8890357468329955
NASDAQCOM,2002-05-01 00:00:00,2002-05-02 00:00:00,1677.53,1644.82,-1.949890612984569
NASDAQCOM,2002-05-02 00:00:00,2002-05-03 00:00:00,1644.82,1613.03,-1.9327342809547527
NASDAQCOM,2002-05-03 00:00:00,2002-05-06 00:00:00,1613.03,1578.48,-2.1419316441727654
NASDAQCOM,2002-05-07 00:00:00,2002-05-08 00:00:00,1573.82,1696.29,7.781703117256105
NASDAQCOM,2002-05-08 00:00:00,2002-05-09 00:00:00,1696.29,1650.49,-2.7000100218712575
NASDAQCOM,2002-05-09 00:00:00,2002-05-10 00:00:00,1650.49,1600.85,-3.0075916848935833
NASDAQCOM,2002-05-10 00:00:00,2002-05-13 00:00:00,1600.85,1652.54,3.2289096417528222
NASDAQCOM,2002-05-13 00:00:00,2002-05-14 00:00:00,1652.54,1719.05,4.024713471383445
NASDAQCOM,2002-05-17 00:00:00,2002-05-20 00:00:00,1741.39,1701.59,-2.2855305244660977
NASDAQCOM,2002-05-20 00:00:00,2002-05-21 00:00:00,1701.59,1664.18,-2.198531961283262
NASDAQCOM,2002-05-22 00:00:00,2002-05-23 00:00:00,1673.45,1697.63,1.444919178941711
NASDAQCOM,2002-05-23 00:00:00,2002-05-24 00:00:00,1697.63,1661.49,-2.128850220601668
NASDAQCOM,2002-05-28 00:00:00,2002-05-29 00:00:00,1652.17,1624.39,-1.6814250349540285
NASDAQCOM,2002-05-31 00:00:00,2002-06-03 00:00:00,1615.73,1562.56,-3.290772591955343
NASDAQCOM,2002-06-04 00:00:00,2002-06-05 00:00:00,1578.12,1595.26,1.0861024510176729
NASDAQCOM,2002-06-05 00:00:00,2002-06-06 00:00:00,1595.26,1554.88,-2.5312488246429976
NASDAQCOM,2002-06-06 00:00:00,2002-06-07 00:00:00,1554.88,1535.48,-1.2476847087878222
NASDAQCOM,2002-06-10 00:00:00,2002-06-11 00:00:00,1530.69,1497.18,-2.189208788193559
NASDAQCOM,2002-06-11 00:00:00,2002-06-12 00:00:00,1497.18,1519.12,1.4654216593863014
NASDAQCOM,2002-06-12 00:00:00,2002-06-13 00:00:00,1519.12,1496.86,-1.46532202854284
NASDAQCOM,2002-06-14 00:00:00,2002-06-17 00:00:00,1504.74,1553.29,3.226471018248997
NASDAQCOM,2002-06-18 00:00:00,2002-06-19 00:00:00,1542.96,1496.83,-2.989708093534512
NASDAQCOM,2002-06-19 00:00:00,2002-06-20 00:00:00,1496.83,1464.75,-2.143195954116361
NASDAQCOM,2002-06-20 00:00:00,2002-06-21 00:00:00,1464.75,1440.96,-1.6241679467485897
NASDAQCOM,2002-06-21 00:00:00,2002-06-24 00:00:00,1440.96,1460.34,1.3449367088607511
NASDAQCOM,2002-06-24 00:00:00,2002-06-25 00:00:00,1460.34,1423.99,-2.489146363175693
NASDAQCOM,2002-06-26 00:00:00,2002-06-27 00:00:00,1429.33,1459.2,2.089790321339377
NASDAQCOM,2002-06-28 00:00:00,2002-07-01 00:00:00,1463.21,1403.8,-4.060251091777673
NASDAQCOM,2002-07-01 00:00:00,2002-07-02 00:00:00,1403.8,1357.82,-3.275395355463743
NASDAQCOM,2002-07-02 00:00:00,2002-07-03 00:00:00,1357.82,1380.17,1.6460208275029191
NASDAQCOM,2002-07-03 00:00:00,2002-07-05 00:00:00,1380.17,1448.36,4.940695711397859
NASDAQCOM,2002-07-05 00:00:00,2002-07-08 00:00:00,1448.36,1405.61,-2.9516142395537024
NASDAQCOM,2002-07-08 00:00:00,2002-07-09 00:00:00,1405.61,1381.12,-1.7423040530445866
NASDAQCOM,2002-07-09 00:00:00,2002-07-10 00:00:00,1381.12,1346.01,-2.5421397126969345
NASDAQCOM,2002-07-10 00:00:00,2002-07-11 00:00:00,1346.01,1374.43,2.1114256209092113
NASDAQCOM,2002-07-16 00:00:00,2002-07-17 00:00:00,1375.26,1397.25,1.598970376510624
NASDAQCOM,2002-07-17 00:00:00,2002-07-18 00:00:00,1397.25,1356.95,-2.884236893898726
NASDAQCOM,2002-07-18 00:00:00,2002-07-19 00:00:00,1356.95,1319.15,-2.7856590147020857
NASDAQCOM,2002-07-19 00:00:00,2002-07-22 00:00:00,1319.15,1282.65,-2.766933252473183
NASDAQCOM,2002-07-22 00:00:00,2002-07-23 00:00:00,1282.65,1229.05,-4.178848477760896
NASDAQCOM,2002-07-23 00:00:00,2002-07-24 00:00:00,1229.05,1290.23,4.977828404051916
NASDAQCOM,2002-07-24 00:00:00,2002-07-25 00:00:00,1290.23,1240.08,-3.886903885353781
NASDAQCOM,2002-07-25 00:00:00,2002-07-26 00:00:00,1240.08,1262.12,1.777304690019996
NASDAQCOM,2002-07-26 00:00:00,2002-07-29 00:00:00,1262.12,1335.25,5.794219250150549
NASDAQCOM,2002-07-30 00:00:00,2002-07-31 00:00:00,1344.19,1328.26,-1.1851003206392
NASDAQCOM,2002-07-31 00:00:00,2002-08-01 00:00:00,1328.26,1280.0,-3.633324800867299
NASDAQCOM,2002-08-01 00:00:00,2002-08-02 00:00:00,1280.0,1247.92,-2.5062499999999943
NASDAQCOM,2002-08-02 00:00:00,2002-08-05 00:00:00,1247.92,1206.01,-3.3583883582280984
NASDAQCOM,2002-08-05 00:00:00,2002-08-06 00:00:00,1206.01,1259.55,4.4394325088515
NASDAQCOM,2002-08-06 00:00:00,2002-08-07 00:00:00,1259.55,1280.9,1.6950498193799481
NASDAQCOM,2002-08-07 00:00:00,2002-08-08 00:00:00,1280.9,1316.52,2.7808572097743687
NASDAQCOM,2002-08-12 00:00:00,2002-08-13 00:00:00,1306.84,1269.28,-2.874108536622689
NASDAQCOM,2002-08-13 00:00:00,2002-08-14 00:00:00,1269.28,1334.3,5.122589184419512
NASDAQCOM,2002-08-15 00:00:00,2002-08-16 00:00:00,1345.01,1361.01,1.1895822335893413
NASDAQCOM,2002-08-16 00:00:00,2002-08-19 00:00:00,1361.01,1394.54,2.463611582574704
NASDAQCOM,2002-08-19 00:00:00,2002-08-20 00:00:00,1394.54,1376.59,-1.2871627920317845
NASDAQCOM,2002-08-20 00:00:00,2002-08-21 00:00:00,1376.59,1409.25,2.3725292207556414
NASDAQCOM,2002-08-22 00:00:00,2002-08-23 00:00:00,1422.95,1380.62,-2.974805861063295
NASDAQCOM,2002-08-26 00:00:00,2002-08-27 00:00:00,1391.74,1347.78,-3.158635952117496
NASDAQCOM,2002-08-27 00:00:00,2002-08-28 00:00:00,1347.78,1314.38,-2.4781492528454097
NASDAQCOM,2002-08-28 00:00:00,2002-08-29 00:00:00,1314.38,1335.77,1.62738325294054
NASDAQCOM,2002-08-29 00:00:00,2002-08-30 00:00:00,1335.77,1314.85,-1.5661378830187886
NASDAQCOM,2002-08-30 00:00:00,2002-09-03 00:00:00,1314.85,1263.84,-3.879529984408867
NASDAQCOM,2002-09-03 00:00:00,2002-09-04 00:00:00,1263.84,1292.31,2.2526585643752397
NASDAQCOM,2002-09-04 00:00:00,2002-09-05 00:00:00,1292.31,1251.0,-3.1966014346402916
NASDAQCOM,2002-09-05 00:00:00,2002-09-06 00:00:00,1251.0,1295.3,3.541167066346919
NASDAQCOM,2002-09-09 00:00:00,2002-09-10 00:00:00,1304.6,1320.09,1.187337114824468
NASDAQCOM,2002-09-11 00:00:00,2002-09-12 00:00:00,1315.45,1279.68,-2.7192215591622624
NASDAQCOM,2002-09-13 00:00:00,2002-09-16 00:00:00,1291.4,1275.88,-1.2017964999225632
NASDAQCOM,2002-09-16 00:00:00,2002-09-17 00:00:00,1275.88,1259.94,-1.249333793146695
NASDAQCOM,2002-09-18 00:00:00,2002-09-19 00:00:00,1252.13,1216.45,-2.849544376382649
NASDAQCOM,2002-09-20 00:00:00,2002-09-23 00:00:00,1221.09,1184.93,-2.9612886846997237
NASDAQCOM,2002-09-24 00:00:00,2002-09-25 00:00:00,1182.17,1222.29,3.3937589348401573
NASDAQCOM,2002-09-26 00:00:00,2002-09-27 00:00:00,1221.61,1199.16,-1.8377387218506576
NASDAQCOM,2002-09-27 00:00:00,2002-09-30 00:00:00,1199.16,1172.06,-2.259915274025162
NASDAQCOM,2002-09-30 00:00:00,2002-10-01 00:00:00,1172.06,1213.72,3.5544255413545454
NASDAQCOM,2002-10-01 00:00:00,2002-10-02 00:00:00,1213.72,1187.3,-2.1767788287249177
NASDAQCOM,2002-10-02 00:00:00,2002-10-03 00:00:00,1187.3,1165.56,-1.8310452286700925
NASDAQCOM,2002-10-03 00:00:00,2002-10-04 00:00:00,1165.56,1139.9,-2.20151686742852
NASDAQCOM,2002-10-04 00:00:00,2002-10-07 00:00:00,1139.9,1119.4,-1.798403368716554
NASDAQCOM,2002-10-08 00:00:00,2002-10-09 00:00:00,1129.21,1114.11,-1.3372180551004804
NASDAQCOM,2002-10-09 00:00:00,2002-10-10 00:00:00,1114.11,1163.37,4.42146646201901
NASDAQCOM,2002-10-10 00:00:00,2002-10-11 00:00:00,1163.37,1210.47,4.048582995951429
NASDAQCOM,2002-10-14 00:00:00,2002-10-15 00:00:00,1220.53,1282.44,5.0723865861552015
NASDAQCOM,2002-10-15 00:00:00,2002-10-16 00:00:00,1282.44,1232.42,-3.9003774055706293
NASDAQCOM,2002-10-16 00:00:00,2002-10-17 00:00:00,1232.42,1272.29,3.2350984242384815
NASDAQCOM,2002-10-17 00:00:00,2002-10-18 00:00:00,1272.29,1287.86,1.2237775978746934
NASDAQCOM,2002-10-18 00:00:00,2002-10-21 00:00:00,1287.86,1309.67,1.6935070582206275
NASDAQCOM,2002-10-21 00:00:00,2002-10-22 00:00:00,1309.67,1292.8,-1.288110745454971
NASDAQCOM,2002-10-22 00:00:00,2002-10-23 00:00:00,1292.8,1320.23,2.1217512376237675
NASDAQCOM,2002-10-23 00:00:00,2002-10-24 00:00:00,1320.23,1298.71,-1.6300190118388447
NASDAQCOM,2002-10-24 00:00:00,2002-10-25 00:00:00,1298.71,1331.13,2.4963232746340656
NASDAQCOM,2002-10-25 00:00:00,2002-10-28 00:00:00,1331.13,1315.83,-1.149399382479561
NASDAQCOM,2002-10-28 00:00:00,2002-10-29 00:00:00,1315.83,1300.54,-1.162004210270321
NASDAQCOM,2002-10-29 00:00:00,2002-10-30 00:00:00,1300.54,1326.73,2.01377889184493
NASDAQCOM,2002-10-31 00:00:00,2002-11-01 00:00:00,1329.75,1360.7,2.3275051701447675
NASDAQCOM,2002-11-01 00:00:00,2002-11-04 00:00:00,1360.7,1396.54,2.633938414051585
NASDAQCOM,2002-11-05 00:00:00,2002-11-06 00:00:00,1401.17,1418.99,1.2717942862036682
NASDAQCOM,2002-11-06 00:00:00,2002-11-07 00:00:00,1418.99,1376.71,-2.979584070359902
NASDAQCOM,2002-11-07 00:00:00,2002-11-08 00:00:00,1376.71,1359.28,-1.2660618430896895
NASDAQCOM,2002-11-08 00:00:00,2002-11-11 00:00:00,1359.28,1319.19,-2.949355541168848
NASDAQCOM,2002-11-11 00:00:00,2002-11-12 00:00:00,1319.19,1349.56,2.3021702711512284
NASDAQCOM,2002-11-13 00:00:00,2002-11-14 00:00:00,1361.34,1411.52,3.6860740153084515
NASDAQCOM,2002-11-15 00:00:00,2002-11-18 00:00:00,1411.14,1393.69,-1.2365888572359967
NASDAQCOM,2002-11-18 00:00:00,2002-11-19 00:00:00,1393.69,1374.51,-1.3762027423602137
NASDAQCOM,2002-11-19 00:00:00,2002-11-20 00:00:00,1374.51,1419.35,3.2622534575957913
NASDAQCOM,2002-11-20 00:00:00,2002-11-21 00:00:00,1419.35,1467.55,3.3959206679113714
NASDAQCOM,2002-11-25 00:00:00,2002-11-26 00:00:00,1481.9,1444.43,-2.528510695728458
NASDAQCOM,2002-11-26 00:00:00,2002-11-27 00:00:00,1444.43,1487.94,3.012260891839687
NASDAQCOM,2002-12-02 00:00:00,2002-12-03 00:00:00,1484.78,1448.96,-2.4124786163606684
NASDAQCOM,2002-12-03 00:00:00,2002-12-04 00:00:00,1448.96,1430.35,-1.2843694787985953
NASDAQCOM,2002-12-04 00:00:00,2002-12-05 00:00:00,1430.35,1410.75,-1.3702939839899262
NASDAQCOM,2002-12-06 00:00:00,2002-12-09 00:00:00,1422.44,1367.14,-3.887685948089196
NASDAQCOM,2002-12-09 00:00:00,2002-12-10 00:00:00,1367.14,1390.76,1.7276943107509026
NASDAQCOM,2002-12-12 00:00:00,2002-12-13 00:00:00,1399.55,1362.42,-2.652995605730405
NASDAQCOM,2002-12-13 00:00:00,2002-12-16 00:00:00,1362.42,1400.33,2.782548700107151
NASDAQCOM,2002-12-17 00:00:00,2002-12-18 00:00:00,1392.05,1361.51,-2.1938867138392992
NASDAQCOM,2002-12-20 00:00:00,2002-12-23 00:00:00,1363.05,1381.69,1.3675213675213749
NASDAQCOM,2002-12-26 00:00:00,2002-12-27 00:00:00,1367.89,1348.31,-1.4314016477933278
NASDAQCOM,2002-12-31 00:00:00,2003-01-02 00:00:00,1335.51,1384.85,3.6944687797171056
NASDAQCOM,2003-01-03 00:00:00,2003-01-06 00:00:00,1387.08,1421.32,2.4684949678461234
NASDAQCOM,2003-01-07 00:00:00,2003-01-08 00:00:00,1431.57,1401.07,-2.1305280216824882
NASDAQCOM,2003-01-08 00:00:00,2003-01-09 00:00:00,1401.07,1438.46,2.6686746557987897
NASDAQCOM,2003-01-13 00:00:00,2003-01-14 00:00:00,1446.04,1460.99,1.0338579845647455
NASDAQCOM,2003-01-14 00:00:00,2003-01-15 00:00:00,1460.99,1438.8,-1.5188331200076697
NASDAQCOM,2003-01-15 00:00:00,2003-01-16 00:00:00,1438.8,1423.75,-1.046010564359185
NASDAQCOM,2003-01-16 00:00:00,2003-01-17 00:00:00,1423.75,1376.19,-3.3404741000877927
NASDAQCOM,2003-01-22 00:00:00,2003-01-23 00:00:00,1358.23,1393.67,2.609278251842475
NASDAQCOM,2003-01-23 00:00:00,2003-01-24 00:00:00,1393.67,1340.22,-3.835197715384563
NASDAQCOM,2003-01-24 00:00:00,2003-01-27 00:00:00,1340.22,1320.32,-1.4848308486666435
NASDAQCOM,2003-01-27 00:00:00,2003-01-28 00:00:00,1320.32,1346.5,1.9828526417838148
NASDAQCOM,2003-01-28 00:00:00,2003-01-29 00:00:00,1346.5,1363.31,1.2484218343854396
NASDAQCOM,2003-01-29 00:00:00,2003-01-30 00:00:00,1363.31,1322.06,-3.025724156648158
NASDAQCOM,2003-02-03 00:00:00,2003-02-04 00:00:00,1335.76,1306.15,-2.2167155776486718
NASDAQCOM,2003-02-06 00:00:00,2003-02-07 00:00:00,1291.47,1278.54,-1.0011846965086346
NASDAQCOM,2003-02-07 00:00:00,2003-02-10 00:00:00,1278.54,1298.57,1.5666306881286447
NASDAQCOM,2003-02-12 00:00:00,2003-02-13 00:00:00,1278.74,1261.79,-1.3255235622566
NASDAQCOM,2003-02-13 00:00:00,2003-02-14 00:00:00,1261.79,1310.37,3.850085988952197
NASDAQCOM,2003-02-14 00:00:00,2003-02-18 00:00:00,1310.37,1346.92,2.7892885215626264
NASDAQCOM,2003-02-18 00:00:00,2003-02-19 00:00:00,1346.92,1322.12,-1.8412377869509828
NASDAQCOM,2003-02-20 00:00:00,2003-02-21 00:00:00,1329.09,1352.07,1.7290025506173412
NASDAQCOM,2003-02-21 00:00:00,2003-02-24 00:00:00,1352.07,1321.44,-2.265415252168888
NASDAQCOM,2003-02-25 00:00:00,2003-02-26 00:00:00,1331.35,1302.83,-2.142186502422352
NASDAQCOM,2003-02-26 00:00:00,2003-02-27 00:00:00,1302.83,1331.79,2.2228533269881745
NASDAQCOM,2003-02-28 00:00:00,2003-03-03 00:00:00,1342.73,1316.85,-1.927416531990803
NASDAQCOM,2003-03-05 00:00:00,2003-03-06 00:00:00,1317.69,1299.81,-1.3569200646586153
NASDAQCOM,2003-03-07 00:00:00,2003-03-10 00:00:00,1310.53,1277.18,-2.544771962488452
NASDAQCOM,2003-03-12 00:00:00,2003-03-13 00:00:00,1279.59,1340.78,4.782000484530205
NASDAQCOM,2003-03-14 00:00:00,2003-03-17 00:00:00,1342.43,1392.41,3.7230991560081352
NASDAQCOM,2003-03-18 00:00:00,2003-03-19 00:00:00,1400.55,1378.57,-1.5693834564992337
NASDAQCOM,2003-03-19 00:00:00,2003-03-20 00:00:00,1378.57,1411.41,2.382178634382015
NASDAQCOM,2003-03-20 00:00:00,2003-03-21 00:00:00,1411.41,1425.73,1.0145882486307973
NASDAQCOM,2003-03-21 00:00:00,2003-03-24 00:00:00,1425.73,1368.37,-4.0232021490745185
NASDAQCOM,2003-03-24 00:00:00,2003-03-25 00:00:00,1368.37,1400.14,2.3217404649327458
NASDAQCOM,2003-03-25 00:00:00,2003-03-26 00:00:00,1400.14,1383.35,-1.1991657977059573
NASDAQCOM,2003-03-27 00:00:00,2003-03-28 00:00:00,1392.46,1367.89,-1.7645031096045802
NASDAQCOM,2003-04-01 00:00:00,2003-04-02 00:00:00,1356.37,1400.86,3.280078444672178
NASDAQCOM,2003-04-03 00:00:00,2003-04-04 00:00:00,1412.08,1378.22,-2.3978811398787534
NASDAQCOM,2003-04-08 00:00:00,2003-04-09 00:00:00,1392.52,1356.6,-2.579496165225639
NASDAQCOM,2003-04-10 00:00:00,2003-04-11 00:00:00,1368.11,1353.74,-1.0503541381906347
NASDAQCOM,2003-04-11 00:00:00,2003-04-14 00:00:00,1353.74,1386.5,2.419962474330373
NASDAQCOM,2003-04-16 00:00:00,2003-04-17 00:00:00,1391.99,1425.5,2.4073448803511512
NASDAQCOM,2003-04-21 00:00:00,2003-04-22 00:00:00,1413.71,1452.34,2.7325264728975447
NASDAQCOM,2003-04-22 00:00:00,2003-04-23 00:00:00,1452.34,1468.08,1.0837682636297292
NASDAQCOM,2003-04-24 00:00:00,2003-04-25 00:00:00,1465.92,1432.02,-2.3125409299279696
NASDAQCOM,2003-04-25 00:00:00,2003-04-28 00:00:00,1432.02,1465.4,2.3309730311029253
NASDAQCOM,2003-05-01 00:00:00,2003-05-02 00:00:00,1478.85,1504.22,1.715522196301188
NASDAQCOM,2003-05-05 00:00:00,2003-05-06 00:00:00,1502.66,1531.82,1.9405587424966297
NASDAQCOM,2003-05-06 00:00:00,2003-05-07 00:00:00,1531.82,1503.06,-1.8775051899048187
NASDAQCOM,2003-05-08 00:00:00,2003-05-09 00:00:00,1504.04,1520.15,1.071115129916766
NASDAQCOM,2003-05-09 00:00:00,2003-05-12 00:00:00,1520.15,1544.41,1.5958951419267828
NASDAQCOM,2003-05-13 00:00:00,2003-05-14 00:00:00,1548.59,1526.14,-1.4497058614610594
NASDAQCOM,2003-05-16 00:00:00,2003-05-19 00:00:00,1534.35,1492.46,-2.730146316029581
NASDAQCOM,2003-05-21 00:00:00,2003-05-22 00:00:00,1478.15,1512.8,2.344146399215226
NASDAQCOM,2003-05-23 00:00:00,2003-05-27 00:00:00,1514.49,1558.28,2.8914023862818485
NASDAQCOM,2003-05-28 00:00:00,2003-05-29 00:00:00,1571.85,1591.26,1.2348506536883344
NASDAQCOM,2003-06-02 00:00:00,2003-06-03 00:00:00,1586.48,1603.74,1.0879431193585793
NASDAQCOM,2003-06-03 00:00:00,2003-06-04 00:00:00,1603.74,1638.57,2.171798421190463
NASDAQCOM,2003-06-05 00:00:00,2003-06-06 00:00:00,1646.01,1625.18,-1.265484413824942
NASDAQCOM,2003-06-06 00:00:00,2003-06-09 00:00:00,1625.18,1597.32,-1.7142716499095563
NASDAQCOM,2003-06-09 00:00:00,2003-06-10 00:00:00,1597.32,1627.77,1.906318082788674
NASDAQCOM,2003-06-10 00:00:00,2003-06-11 00:00:00,1627.77,1647.57,1.216388064652866
NASDAQCOM,2003-06-12 00:00:00,2003-06-13 00:00:00,1646.08,1624.12,-1.334078538102646
NASDAQCOM,2003-06-13 00:00:00,2003-06-16 00:00:00,1624.12,1667.77,2.68760928995395
NASDAQCOM,2003-06-18 00:00:00,2003-06-19 00:00:00,1685.04,1646.79,-2.2699757869249395
NASDAQCOM,2003-06-20 00:00:00,2003-06-23 00:00:00,1638.93,1601.45,-2.2868578889885485
NASDAQCOM,2003-06-25 00:00:00,2003-06-26 00:00:00,1600.28,1636.15,2.2414827405204165
NASDAQCOM,2003-06-30 00:00:00,2003-07-01 00:00:00,1621.44,1641.77,1.2538237615946275
NASDAQCOM,2003-07-01 00:00:00,2003-07-02 00:00:00,1641.77,1678.77,2.2536652515273152
NASDAQCOM,2003-07-02 00:00:00,2003-07-03 00:00:00,1678.77,1660.95,-1.0614914490966563
NASDAQCOM,2003-07-03 00:00:00,2003-07-07 00:00:00,1660.95,1721.25,3.630452451910049
NASDAQCOM,2003-07-07 00:00:00,2003-07-08 00:00:00,1721.25,1747.44,1.5215686274509836
NASDAQCOM,2003-07-09 00:00:00,2003-07-10 00:00:00,1758.18,1707.49,-2.8830950187125355
NASDAQCOM,2003-07-10 00:00:00,2003-07-11 00:00:00,1707.49,1737.41,1.7522796619599572
NASDAQCOM,2003-07-16 00:00:00,2003-07-17 00:00:00,1734.14,1693.47,-2.345254708385717
NASDAQCOM,2003-07-17 00:00:00,2003-07-18 00:00:00,1693.47,1714.84,1.2619060272694462
NASDAQCOM,2003-07-18 00:00:00,2003-07-21 00:00:00,1714.84,1675.18,-2.31275221011872
NASDAQCOM,2003-07-21 00:00:00,2003-07-22 00:00:00,1675.18,1710.34,2.098878926443717
NASDAQCOM,2003-07-23 00:00:00,2003-07-24 00:00:00,1720.04,1700.29,-1.1482291109509082
NASDAQCOM,2003-07-24 00:00:00,2003-07-25 00:00:00,1700.29,1730.91,1.80086926347859
NASDAQCOM,2003-07-28 00:00:00,2003-07-29 00:00:00,1740.59,1713.21,-1.5730298347112122
NASDAQCOM,2003-07-30 00:00:00,2003-07-31 00:00:00,1717.07,1757.37,2.347021379442886
NASDAQCOM,2003-07-31 00:00:00,2003-08-01 00:00:00,1757.37,1714.01,-2.4673233297484254
NASDAQCOM,2003-08-04 00:00:00,2003-08-05 00:00:00,1723.27,1671.04,-3.030865737812416
NASDAQCOM,2003-08-06 00:00:00,2003-08-07 00:00:00,1675.46,1658.43,-1.0164372769269319
NASDAQCOM,2003-08-07 00:00:00,2003-08-08 00:00:00,1658.43,1640.88,-1.058229771530903
NASDAQCOM,2003-08-08 00:00:00,2003-08-11 00:00:00,1640.88,1668.06,1.656428258007888
NASDAQCOM,2003-08-11 00:00:00,2003-08-12 00:00:00,1668.06,1687.48,1.1642267064733927
NASDAQCOM,2003-08-15 00:00:00,2003-08-18 00:00:00,1705.33,1739.59,2.0089953264177605
NASDAQCOM,2003-08-18 00:00:00,2003-08-19 00:00:00,1739.59,1761.63,1.2669652044447366
NASDAQCOM,2003-08-25 00:00:00,2003-08-26 00:00:00,1752.12,1771.22,1.0901079834714595
NASDAQCOM,2003-08-29 00:00:00,2003-09-02 00:00:00,1813.82,1841.48,1.5249583751419702
NASDAQCOM,2003-09-03 00:00:00,2003-09-04 00:00:00,1846.51,1870.0,1.272129585000894
NASDAQCOM,2003-09-04 00:00:00,2003-09-05 00:00:00,1870.0,1850.69,-1.0326203208556122
NASDAQCOM,2003-09-05 00:00:00,2003-09-08 00:00:00,1850.69,1888.65,2.051126877002633
NASDAQCOM,2003-09-08 00:00:00,2003-09-09 00:00:00,1888.65,1867.81,-1.1034336695523335
NASDAQCOM,2003-09-09 00:00:00,2003-09-10 00:00:00,1867.81,1823.81,-2.355699990898432
NASDAQCOM,2003-09-10 00:00:00,2003-09-11 00:00:00,1823.81,1852.6,1.578563556510819
NASDAQCOM,2003-09-15 00:00:00,2003-09-16 00:00:00,1843.79,1887.87,2.3907277943800502
NASDAQCOM,2003-09-17 00:00:00,2003-09-18 00:00:00,1883.1,1910.51,1.4555785672561246
NASDAQCOM,2003-09-19 00:00:00,2003-09-22 00:00:00,1905.9,1866.88,-2.0473267222834344
NASDAQCOM,2003-09-22 00:00:00,2003-09-23 00:00:00,1866.88,1901.73,1.8667509427493951
NASDAQCOM,2003-09-23 00:00:00,2003-09-24 00:00:00,1901.73,1843.43,-3.0656297161006005
NASDAQCOM,2003-09-24 00:00:00,2003-09-25 00:00:00,1843.43,1817.2,-1.4228910237980297
NASDAQCOM,2003-09-25 00:00:00,2003-09-26 00:00:00,1817.2,1792.06,-1.3834470614131686
NASDAQCOM,2003-09-26 00:00:00,2003-09-29 00:00:00,1792.06,1824.59,1.815229400801311
NASDAQCOM,2003-09-29 00:00:00,2003-09-30 00:00:00,1824.59,1802.71,-1.1991735129535888
NASDAQCOM,2003-09-30 00:00:00,2003-10-01 00:00:00,1802.71,1832.25,1.6386440414708947
NASDAQCOM,2003-10-02 00:00:00,2003-10-03 00:00:00,1823.64,1891.62,3.727709416332159
NASDAQCOM,2003-10-13 00:00:00,2003-10-14 00:00:00,1921.96,1943.33,1.1118857832629134
NASDAQCOM,2003-10-16 00:00:00,2003-10-17 00:00:00,1951.76,1910.24,-2.1273107349264246
NASDAQCOM,2003-10-20 00:00:00,2003-10-21 00:00:00,1925.16,1952.48,1.4191028278169053
NASDAQCOM,2003-10-21 00:00:00,2003-10-22 00:00:00,1952.48,1897.36,-2.8230762927149122
NASDAQCOM,2003-10-23 00:00:00,2003-10-24 00:00:00,1893.2,1841.62,-2.7244876399746545
NASDAQCOM,2003-10-24 00:00:00,2003-10-27 00:00:00,1841.62,1873.62,1.737600590784201
NASDAQCOM,2003-10-27 00:00:00,2003-10-28 00:00:00,1873.62,1932.26,3.129770177517325
NASDAQCOM,2003-10-31 00:00:00,2003-11-03 00:00:00,1937.14,1969.26,1.6581145399919412
NASDAQCOM,2003-11-07 00:00:00,2003-11-10 00:00:00,1968.81,1939.73,-1.4770343506991495
NASDAQCOM,2003-11-11 00:00:00,2003-11-12 00:00:00,1923.5,1973.11,2.57915258643098
NASDAQCOM,2003-11-13 00:00:00,2003-11-14 00:00:00,1970.4,1930.26,-2.037149817295986
NASDAQCOM,2003-11-14 00:00:00,2003-11-17 00:00:00,1930.26,1890.72,-2.0484287090858206
NASDAQCOM,2003-11-18 00:00:00,2003-11-19 00:00:00,1881.75,1903.43,1.1521190381294042
NASDAQCOM,2003-11-19 00:00:00,2003-11-20 00:00:00,1903.43,1880.91,-1.1831273017657586
NASDAQCOM,2003-11-21 00:00:00,2003-11-24 00:00:00,1892.82,1947.14,2.869792161959413
NASDAQCOM,2003-11-25 00:00:00,2003-11-26 00:00:00,1956.2,1930.63,-1.3071260607299835
NASDAQCOM,2003-11-26 00:00:00,2003-11-28 00:00:00,1930.63,1963.06,1.679762564551459
NASDAQCOM,2003-11-28 00:00:00,2003-12-01 00:00:00,1963.06,1989.82,1.3631778957342104
NASDAQCOM,2003-12-08 00:00:00,2003-12-09 00:00:00,1948.94,1906.84,-2.1601485935944735
NASDAQCOM,2003-12-09 00:00:00,2003-12-10 00:00:00,1906.84,1887.46,-1.01634117178158
NASDAQCOM,2003-12-10 00:00:00,2003-12-11 00:00:00,1887.46,1945.92,3.0972841808568146
NASDAQCOM,2003-12-12 00:00:00,2003-12-15 00:00:00,1949.02,1918.26,-1.5782290587064263
NASDAQCOM,2003-12-17 00:00:00,2003-12-18 00:00:00,1914.65,1955.3,2.123103439270878
NASDAQCOM,2003-12-22 00:00:00,2003-12-23 00:00:00,1941.62,1974.78,1.707852205889931
NASDAQCOM,2003-12-26 00:00:00,2003-12-29 00:00:00,1973.14,2006.48,1.6896925712316366
NASDAQCOM,2004-01-02 00:00:00,2004-01-05 00:00:00,1999.77,2047.36,2.379773673972503
NASDAQCOM,2004-01-07 00:00:00,2004-01-08 00:00:00,2078.09,2100.25,1.0663638244734275
NASDAQCOM,2004-01-12 00:00:00,2004-01-13 00:00:00,2112.52,2089.35,-1.0967943498759811
NASDAQCOM,2004-01-13 00:00:00,2004-01-14 00:00:00,2089.35,2111.73,1.0711465288247595
NASDAQCOM,2004-01-23 00:00:00,2004-01-26 00:00:00,2108.45,2153.83,2.1522919680333947
NASDAQCOM,2004-01-26 00:00:00,2004-01-27 00:00:00,2153.83,2116.04,-1.7545488734022632
NASDAQCOM,2004-01-27 00:00:00,2004-01-28 00:00:00,2116.04,2073.15,-2.026899302470647
NASDAQCOM,2004-01-28 00:00:00,2004-01-29 00:00:00,2073.15,2041.07,-1.5474037093312183
NASDAQCOM,2004-01-29 00:00:00,2004-01-30 00:00:00,2041.07,2065.44,1.1939815880886064
NASDAQCOM,2004-02-03 00:00:00,2004-02-04 00:00:00,2071.44,2013.92,-2.77681226586336
NASDAQCOM,2004-02-05 00:00:00,2004-02-06 00:00:00,2012.79,2064.01,2.5447264741975197
NASDAQCOM,2004-02-12 00:00:00,2004-02-13 00:00:00,2072.06,2049.76,-1.0762236614769711
NASDAQCOM,2004-02-13 00:00:00,2004-02-17 00:00:00,2049.76,2084.72,1.7055655296229595
NASDAQCOM,2004-02-18 00:00:00,2004-02-19 00:00:00,2072.19,2045.96,-1.265810567563786
NASDAQCOM,2004-02-19 00:00:00,2004-02-20 00:00:00,2045.96,2022.79,-1.1324757082249932
NASDAQCOM,2004-02-20 00:00:00,2004-02-23 00:00:00,2022.79,1999.59,-1.1469307243955154
NASDAQCOM,2004-02-27 00:00:00,2004-03-01 00:00:00,2018.83,2057.8,1.930325980889934
NASDAQCOM,2004-03-05 00:00:00,2004-03-08 00:00:00,2069.02,2008.78,-2.9115233298856467
NASDAQCOM,2004-03-08 00:00:00,2004-03-09 00:00:00,2008.78,1987.29,-1.0698035623612345
NASDAQCOM,2004-03-09 00:00:00,2004-03-10 00:00:00,1987.29,1963.13,-1.2157259383381316
NASDAQCOM,2004-03-11 00:00:00,2004-03-12 00:00:00,1943.89,1984.73,2.1009419257262456
NASDAQCOM,2004-03-12 00:00:00,2004-03-15 00:00:00,1984.73,1939.2,-2.2940148030210645
NASDAQCOM,2004-03-16 00:00:00,2004-03-17 00:00:00,1927.69,1980.31,2.729692014794904
NASDAQCOM,2004-03-17 00:00:00,2004-03-18 00:00:00,1980.31,1947.56,-1.6537814786573821
NASDAQCOM,2004-03-19 00:00:00,2004-03-22 00:00:00,1940.47,1897.63,-2.2077125644817968
NASDAQCOM,2004-03-23 00:00:00,2004-03-24 00:00:00,1898.94,1922.51,1.2412187852170125
NASDAQCOM,2004-03-24 00:00:00,2004-03-25 00:00:00,1922.51,1967.17,2.323004821821477
NASDAQCOM,2004-03-26 00:00:00,2004-03-29 00:00:00,1960.02,1996.23,1.8474301282639993
NASDAQCOM,2004-04-01 00:00:00,2004-04-02 00:00:00,2019.09,2057.17,1.8859981476803984
NASDAQCOM,2004-04-02 00:00:00,2004-04-05 00:00:00,2057.17,2079.12,1.0669998104191594
NASDAQCOM,2004-04-05 00:00:00,2004-04-06 00:00:00,2079.12,2053.32,-1.2409096156065897
NASDAQCOM,2004-04-08 00:00:00,2004-04-12 00:00:00,2046.1,2069.45,1.141195444992909
NASDAQCOM,2004-04-12 00:00:00,2004-04-13 00:00:00,2069.45,2026.2,-2.0899272753630083
NASDAQCOM,2004-04-14 00:00:00,2004-04-15 00:00:00,2013.98,1989.21,-1.2299029781825033
NASDAQCOM,2004-04-19 00:00:00,2004-04-20 00:00:00,2020.45,1978.63,-2.069835927639879
NASDAQCOM,2004-04-21 00:00:00,2004-04-22 00:00:00,1995.91,2035.39,1.9780451022340697
NASDAQCOM,2004-04-27 00:00:00,2004-04-28 00:00:00,2027.64,1985.54,-2.0763054585626706
NASDAQCOM,2004-04-28 00:00:00,2004-04-29 00:00:00,1985.54,1946.1,-1.9863613928704564
NASDAQCOM,2004-04-29 00:00:00,2004-04-30 00:00:00,1946.1,1919.39,-1.3724885668773346
NASDAQCOM,2004-05-03 00:00:00,2004-05-04 00:00:00,1926.09,1969.97,2.278190531075916
NASDAQCOM,2004-05-05 00:00:00,2004-05-06 00:00:00,1967.33,1923.3,-2.2380586886795797
NASDAQCOM,2004-05-10 00:00:00,2004-05-11 00:00:00,1907.98,1931.48,1.2316690950638896
NASDAQCOM,2004-05-13 00:00:00,2004-05-14 00:00:00,1937.87,1897.57,-2.07960286293714
NASDAQCOM,2004-05-24 00:00:00,2004-05-25 00:00:00,1915.56,1966.68,2.6686713023867754
NASDAQCOM,2004-05-27 00:00:00,2004-05-28 00:00:00,1969.04,1990.81,1.105614918945272
NASDAQCOM,2004-06-01 00:00:00,2004-06-02 00:00:00,1972.71,1998.32,1.298214131828799
NASDAQCOM,2004-06-02 00:00:00,2004-06-03 00:00:00,1998.32,1960.26,-1.9045998638856612
NASDAQCOM,2004-06-03 00:00:00,2004-06-04 00:00:00,1960.26,1995.5,1.7977207105179929
NASDAQCOM,2004-06-04 00:00:00,2004-06-07 00:00:00,1995.5,2020.62,1.258832372838882
NASDAQCOM,2004-06-08 00:00:00,2004-06-09 00:00:00,2023.54,1989.99,-1.6579855105409311
NASDAQCOM,2004-06-10 00:00:00,2004-06-14 00:00:00,1988.89,1963.48,-1.277597051621763
NASDAQCOM,2004-06-14 00:00:00,2004-06-15 00:00:00,1963.48,2006.58,2.195082200990074
NASDAQCOM,2004-06-16 00:00:00,2004-06-17 00:00:00,2002.07,1976.25,-1.289665196521597
NASDAQCOM,2004-06-17 00:00:00,2004-06-18 00:00:00,1976.25,2000.41,1.2225173940544
NASDAQCOM,2004-06-18 00:00:00,2004-06-21 00:00:00,2000.41,1972.43,-1.3987132637809259
NASDAQCOM,2004-06-21 00:00:00,2004-06-22 00:00:00,1972.43,1994.87,1.1376829595980504
NASDAQCOM,2004-06-22 00:00:00,2004-06-23 00:00:00,1994.87,2023.23,1.4216465233323539
NASDAQCOM,2004-06-28 00:00:00,2004-06-29 00:00:00,2013.73,2037.6,1.1853624865299663
NASDAQCOM,2004-06-30 00:00:00,2004-07-01 00:00:00,2055.65,2006.67,-2.3827013353440525
NASDAQCOM,2004-07-02 00:00:00,2004-07-06 00:00:00,1996.61,1958.69,-1.899219176504167
NASDAQCOM,2004-07-07 00:00:00,2004-07-08 00:00:00,1976.92,1934.57,-2.1422212330291632
NASDAQCOM,2004-07-15 00:00:00,2004-07-16 00:00:00,1925.76,1882.93,-2.224056995679624
NASDAQCOM,2004-07-19 00:00:00,2004-07-20 00:00:00,1870.14,1917.07,2.509437796100818
NASDAQCOM,2004-07-20 00:00:00,2004-07-21 00:00:00,1917.07,1874.37,-2.2273573734918415
NASDAQCOM,2004-07-22 00:00:00,2004-07-23 00:00:00,1892.98,1846.55,-2.4527464632484266
NASDAQCOM,2004-07-26 00:00:00,2004-07-27 00:00:00,1829.06,1872.17,2.3569483778552986
NASDAQCOM,2004-07-29 00:00:00,2004-07-30 00:00:00,1867.62,1896.31,1.5361797367772918
NASDAQCOM,2004-08-02 00:00:00,2004-08-03 00:00:00,1893.13,1859.17,-1.7938546217111364
NASDAQCOM,2004-08-04 00:00:00,2004-08-05 00:00:00,1864.8,1820.21,-2.3911411411411367
NASDAQCOM,2004-08-05 00:00:00,2004-08-06 00:00:00,1820.21,1775.57,-2.4524642761000157
NASDAQCOM,2004-08-09 00:00:00,2004-08-10 00:00:00,1774.64,1808.7,1.9192624983095132
NASDAQCOM,2004-08-10 00:00:00,2004-08-11 00:00:00,1808.7,1782.42,-1.45297727649693
NASDAQCOM,2004-08-11 00:00:00,2004-08-12 00:00:00,1782.42,1752.49,-1.679177747107868
NASDAQCOM,2004-08-13 00:00:00,2004-08-16 00:00:00,1757.22,1782.84,1.4579847714002736
NASDAQCOM,2004-08-17 00:00:00,2004-08-18 00:00:00,1795.25,1831.37,2.0119760479041857
NASDAQCOM,2004-08-24 00:00:00,2004-08-25 00:00:00,1836.89,1860.72,1.2973014170690638
NASDAQCOM,2004-08-27 00:00:00,2004-08-30 00:00:00,1862.08,1836.49,-1.3742696339577203
NASDAQCOM,2004-09-01 00:00:00,2004-09-02 00:00:00,1850.41,1873.43,1.2440486162526132
NASDAQCOM,2004-09-02 00:00:00,2004-09-03 00:00:00,1873.43,1844.48,-1.5452939261141352
NASDAQCOM,2004-09-08 00:00:00,2004-09-09 00:00:00,1850.64,1869.65,1.0272122076686978
NASDAQCOM,2004-09-09 00:00:00,2004-09-10 00:00:00,1869.65,1894.31,1.3189634423555132
NASDAQCOM,2004-09-21 00:00:00,2004-09-22 00:00:00,1921.17,1885.71,-1.8457502459438797
NASDAQCOM,2004-09-24 00:00:00,2004-09-27 00:00:00,1879.48,1859.88,-1.0428416370485405
NASDAQCOM,2004-09-28 00:00:00,2004-09-29 00:00:00,1869.87,1893.94,1.2872552637349208
NASDAQCOM,2004-09-30 00:00:00,2004-10-01 00:00:00,1896.84,1942.2,2.3913456063769285
NASDAQCOM,2004-10-06 00:00:00,2004-10-07 00:00:00,1971.03,1948.52,-1.1420424854010336
NASDAQCOM,2004-10-07 00:00:00,2004-10-08 00:00:00,1948.52,1919.97,-1.4652146244329005
NASDAQCOM,2004-10-15 00:00:00,2004-10-18 00:00:00,1911.5,1936.52,1.3089196965733707
NASDAQCOM,2004-10-20 00:00:00,2004-10-21 00:00:00,1932.97,1953.62,1.068304215792271
NASDAQCOM,2004-10-21 00:00:00,2004-10-22 00:00:00,1953.62,1915.14,-1.9696768051105022
NASDAQCOM,2004-10-26 00:00:00,2004-10-27 00:00:00,1928.79,1969.99,2.1360542101524813
NASDAQCOM,2004-11-10 00:00:00,2004-11-11 00:00:00,2034.56,2061.27,1.3128145643284068
NASDAQCOM,2004-11-11 00:00:00,2004-11-12 00:00:00,2061.27,2085.34,1.1677266927670884
NASDAQCOM,2004-11-16 00:00:00,2004-11-17 00:00:00,2078.62,2099.68,1.013172200787058
NASDAQCOM,2004-11-18 00:00:00,2004-11-19 00:00:00,2104.28,2070.63,-1.599121789875876
NASDAQCOM,2004-11-30 00:00:00,2004-12-01 00:00:00,2096.81,2138.23,1.9753816511748834
NASDAQCOM,2004-12-06 00:00:00,2004-12-07 00:00:00,2151.25,2114.65,-1.701336432306794
NASDAQCOM,2004-12-20 00:00:00,2004-12-21 00:00:00,2127.85,2150.91,1.0837230067908896
NASDAQCOM,2004-12-27 00:00:00,2004-12-28 00:00:00,2154.22,2177.19,1.066279210108543
NASDAQCOM,2004-12-31 00:00:00,2005-01-03 00:00:00,2175.44,2152.15,-1.07058801897547
NASDAQCOM,2005-01-03 00:00:00,2005-01-04 00:00:00,2152.15,2107.86,-2.057942057942056
NASDAQCOM,2005-01-12 00:00:00,2005-01-13 00:00:00,2092.53,2070.56,-1.0499252101523158
NASDAQCOM,2005-01-18 00:00:00,2005-01-19 00:00:00,2106.04,2073.59,-1.5408064424227375
NASDAQCOM,2005-01-19 00:00:00,2005-01-20 00:00:00,2073.59,2045.88,-1.336329746960587
NASDAQCOM,2005-01-21 00:00:00,2005-01-24 00:00:00,2034.27,2008.7,-1.2569619568690455
NASDAQCOM,2005-01-25 00:00:00,2005-01-26 00:00:00,2019.95,2046.09,1.2940914379068726
NASDAQCOM,2005-01-28 00:00:00,2005-01-31 00:00:00,2035.83,2062.41,1.3056099969054356
NASDAQCOM,2005-02-03 00:00:00,2005-02-04 00:00:00,2057.64,2086.66,1.4103536089889381
NASDAQCOM,2005-02-08 00:00:00,2005-02-09 00:00:00,2086.68,2052.55,-1.6356125519964564
NASDAQCOM,2005-02-10 00:00:00,2005-02-11 00:00:00,2053.1,2076.66,1.1475329988797403
NASDAQCOM,2005-02-16 00:00:00,2005-02-17 00:00:00,2087.43,2061.34,-1.249862270830624
NASDAQCOM,2005-02-18 00:00:00,2005-02-22 00:00:00,2058.62,2030.32,-1.374707328210158
NASDAQCOM,2005-02-23 00:00:00,2005-02-24 00:00:00,2031.25,2051.7,1.0067692307692218
NASDAQCOM,2005-03-29 00:00:00,2005-03-30 00:00:00,1973.88,2005.67,1.6105335684033457
NASDAQCOM,2005-04-12 00:00:00,2005-04-13 00:00:00,2005.4,1974.37,-1.5473222299790665
NASDAQCOM,2005-04-13 00:00:00,2005-04-14 00:00:00,1974.37,1946.71,-1.4009532154560622
NASDAQCOM,2005-04-14 00:00:00,2005-04-15 00:00:00,1946.71,1908.15,-1.9807778251511496
NASDAQCOM,2005-04-18 00:00:00,2005-04-19 00:00:00,1912.92,1932.36,1.0162474123329688
NASDAQCOM,2005-04-20 00:00:00,2005-04-21 00:00:00,1913.76,1962.41,2.542116043809051
NASDAQCOM,2005-04-21 00:00:00,2005-04-22 00:00:00,1962.41,1932.19,-1.5399432330654668
NASDAQCOM,2005-04-25 00:00:00,2005-04-26 00:00:00,1950.78,1927.44,-1.1964444991234233
NASDAQCOM,2005-04-27 00:00:00,2005-04-28 00:00:00,1930.43,1904.18,-1.3598006661728215
NASDAQCOM,2005-05-03 00:00:00,2005-05-04 00:00:00,1933.07,1962.23,1.5084813276291125
NASDAQCOM,2005-05-17 00:00:00,2005-05-18 00:00:00,2004.15,2030.65,1.3222563181398597
NASDAQCOM,2005-05-25 00:00:00,2005-05-26 00:00:00,2050.12,2071.24,1.0301835990088333
NASDAQCOM,2005-06-02 00:00:00,2005-06-03 00:00:00,2097.8,2071.43,-1.2570311755172248
NASDAQCOM,2005-06-22 00:00:00,2005-06-23 00:00:00,2092.3,2070.66,-1.0342685083401197
NASDAQCOM,2005-06-27 00:00:00,2005-06-28 00:00:00,2045.2,2069.89,1.2072168981028666
NASDAQCOM,2005-07-01 00:00:00,2005-07-05 00:00:00,2057.37,2078.75,1.0391908115701167
NASDAQCOM,2005-07-07 00:00:00,2005-07-08 00:00:00,2075.66,2112.88,1.7931645837950463
NASDAQCOM,2005-07-08 00:00:00,2005-07-11 00:00:00,2112.88,2135.43,1.0672636401499247
NASDAQCOM,2005-07-18 00:00:00,2005-07-19 00:00:00,2144.87,2173.18,1.3198935133597816
NASDAQCOM,2005-08-01 00:00:00,2005-08-02 00:00:00,2195.38,2218.15,1.0371780739553054
NASDAQCOM,2005-08-03 00:00:00,2005-08-04 00:00:00,2216.81,2191.32,-1.149850460797262
NASDAQCOM,2005-08-15 00:00:00,2005-08-16 00:00:00,2167.4,2137.6,-1.3749192580972676
NASDAQCOM,2005-08-30 00:00:00,2005-08-31 00:00:00,2129.76,2152.9,1.0865073998948178
NASDAQCOM,2005-09-02 00:00:00,2005-09-06 00:00:00,2141.7,2166.86,1.1747677078956116
NASDAQCOM,2005-09-13 00:00:00,2005-09-14 00:00:00,2171.75,2149.33,-1.0323471854495256
NASDAQCOM,2005-09-20 00:00:00,2005-09-21 00:00:00,2131.33,2106.64,-1.158431589664672
NASDAQCOM,2005-09-28 00:00:00,2005-09-29 00:00:00,2115.4,2141.22,1.220572941287686
NASDAQCOM,2005-10-04 00:00:00,2005-10-05 00:00:00,2139.36,2103.2,-1.690225114052815
NASDAQCOM,2005-10-11 00:00:00,2005-10-12 00:00:00,2061.9,2037.47,-1.1848295261651904
NASDAQCOM,2005-10-18 00:00:00,2005-10-19 00:00:00,2056.0,2091.24,1.7140077821011568
NASDAQCOM,2005-10-19 00:00:00,2005-10-20 00:00:00,2091.24,2068.11,-1.1060423480805481
NASDAQCOM,2005-10-21 00:00:00,2005-10-24 00:00:00,2082.21,2115.83,1.6146306088242728
NASDAQCOM,2005-10-26 00:00:00,2005-10-27 00:00:00,2100.5,2063.81,-1.7467269697691052
NASDAQCOM,2005-10-27 00:00:00,2005-10-28 00:00:00,2063.81,2089.88,1.263197678080839
NASDAQCOM,2005-10-28 00:00:00,2005-10-31 00:00:00,2089.88,2120.3,1.4555859666583761
NASDAQCOM,2005-11-01 00:00:00,2005-11-02 00:00:00,2114.5,2144.31,1.409789548356583
NASDAQCOM,2005-11-16 00:00:00,2005-11-17 00:00:00,2187.93,2220.46,1.4867934531726428
NASDAQCOM,2005-11-25 00:00:00,2005-11-28 00:00:00,2263.01,2239.37,-1.0446264046557605
NASDAQCOM,2005-11-30 00:00:00,2005-12-01 00:00:00,2232.82,2267.17,1.5384133069392028
NASDAQCOM,2005-12-16 00:00:00,2005-12-19 00:00:00,2252.48,2222.74,-1.3203224889899239
NASDAQCOM,2005-12-23 00:00:00,2005-12-27 00:00:00,2249.42,2226.89,-1.001591521369962
NASDAQCOM,2005-12-30 00:00:00,2006-01-03 00:00:00,2205.32,2243.74,1.742150798977002
NASDAQCOM,2006-01-05 00:00:00,2006-01-06 00:00:00,2276.87,2305.62,1.2626983534413472
NASDAQCOM,2006-01-17 00:00:00,2006-01-18 00:00:00,2302.69,2279.64,-1.0010031745480363
NASDAQCOM,2006-01-19 00:00:00,2006-01-20 00:00:00,2301.81,2247.7,-2.3507587507222634
NASDAQCOM,2006-02-01 00:00:00,2006-02-02 00:00:00,2310.56,2281.57,-1.2546741915379727
NASDAQCOM,2006-02-27 00:00:00,2006-02-28 00:00:00,2307.18,2281.39,-1.117814821557051
NASDAQCOM,2006-02-28 00:00:00,2006-03-01 00:00:00,2281.39,2314.64,1.4574448033874086
NASDAQCOM,2006-03-13 00:00:00,2006-03-14 00:00:00,2267.03,2295.9,1.273472340463068
NASDAQCOM,2006-03-28 00:00:00,2006-03-29 00:00:00,2304.46,2337.78,1.4458918792255089
NASDAQCOM,2006-04-17 00:00:00,2006-04-18 00:00:00,2311.16,2356.14,1.9462088301978238
NASDAQCOM,2006-05-10 00:00:00,2006-05-11 00:00:00,2320.74,2272.7,-2.0700293871782263
NASDAQCOM,2006-05-11 00:00:00,2006-05-12 00:00:00,2272.7,2243.78,-1.2724952699432226
NASDAQCOM,2006-05-16 00:00:00,2006-05-17 00:00:00,2229.13,2195.8,-1.4952021640729758
NASDAQCOM,2006-05-24 00:00:00,2006-05-25 00:00:00,2169.17,2198.24,1.340143926017772
NASDAQCOM,2006-05-26 00:00:00,2006-05-30 00:00:00,2210.37,2164.74,-2.064360265475921
NASDAQCOM,2006-05-31 00:00:00,2006-06-01 00:00:00,2178.88,2219.86,1.88078278748715
NASDAQCOM,2006-06-02 00:00:00,2006-06-05 00:00:00,2219.41,2169.62,-2.243389008790623
NASDAQCOM,2006-06-09 00:00:00,2006-06-12 00:00:00,2135.06,2091.32,-2.0486543703689724
NASDAQCOM,2006-06-14 00:00:00,2006-06-15 00:00:00,2086.0,2144.15,2.7876318312559967
NASDAQCOM,2006-06-20 00:00:00,2006-06-21 00:00:00,2107.06,2141.2,1.6202671020284127
NASDAQCOM,2006-06-26 00:00:00,2006-06-27 00:00:00,2133.67,2100.25,-1.5663153158642185
NASDAQCOM,2006-06-28 00:00:00,2006-06-29 00:00:00,2111.84,2174.38,2.9613985908023315
NASDAQCOM,2006-07-03 00:00:00,2006-07-05 00:00:00,2190.43,2153.34,-1.6932748364476242
NASDAQCOM,2006-07-06 00:00:00,2006-07-07 00:00:00,2155.09,2130.06,-1.161436413328455
NASDAQCOM,2006-07-11 00:00:00,2006-07-12 00:00:00,2128.86,2090.24,-1.814116475484548
NASDAQCOM,2006-07-12 00:00:00,2006-07-13 00:00:00,2090.24,2054.11,-1.7285096448254582
NASDAQCOM,2006-07-18 00:00:00,2006-07-19 00:00:00,2043.22,2080.71,1.8348489149479748
NASDAQCOM,2006-07-19 00:00:00,2006-07-20 00:00:00,2080.71,2039.42,-1.9844187801279354
NASDAQCOM,2006-07-21 00:00:00,2006-07-24 00:00:00,2020.39,2061.84,2.051584100099488
NASDAQCOM,2006-07-27 00:00:00,2006-07-28 00:00:00,2054.47,2094.14,1.9309116219755011
NASDAQCOM,2006-07-31 00:00:00,2006-08-01 00:00:00,2091.47,2061.99,-1.4095349204148289
NASDAQCOM,2006-08-14 00:00:00,2006-08-15 00:00:00,2069.04,2115.01,2.2218033484128026
NASDAQCOM,2006-08-15 00:00:00,2006-08-16 00:00:00,2115.01,2149.54,1.6326163942487149
NASDAQCOM,2006-09-05 00:00:00,2006-09-06 00:00:00,2205.7,2167.84,-1.716461894183238
NASDAQCOM,2006-09-11 00:00:00,2006-09-12 00:00:00,2173.25,2215.82,1.9588174393189999
NASDAQCOM,2006-09-19 00:00:00,2006-09-20 00:00:00,2222.37,2252.89,1.3733086749731136
NASDAQCOM,2006-09-22 00:00:00,2006-09-25 00:00:00,2218.93,2249.07,1.3583123397313268
NASDAQCOM,2006-10-03 00:00:00,2006-10-04 00:00:00,2243.65,2290.95,2.108171951953278
NASDAQCOM,2006-10-11 00:00:00,2006-10-12 00:00:00,2308.27,2346.18,1.642355530332234
NASDAQCOM,2006-10-26 00:00:00,2006-10-27 00:00:00,2379.1,2350.62,-1.1970913370602336
NASDAQCOM,2006-10-31 00:00:00,2006-11-01 00:00:00,2366.71,2334.35,-1.367298908611538
NASDAQCOM,2006-11-03 00:00:00,2006-11-06 00:00:00,2330.79,2365.95,1.5085014093933753
NASDAQCOM,2006-11-13 00:00:00,2006-11-14 00:00:00,2406.38,2430.66,1.0089844496712799
NASDAQCOM,2006-11-24 00:00:00,2006-11-27 00:00:00,2460.26,2405.92,-2.2087096485737336
NASDAQCOM,2006-12-01 00:00:00,2006-12-04 00:00:00,2413.21,2448.39,1.4578093079342385
NASDAQCOM,2007-01-03 00:00:00,2007-01-04 00:00:00,2423.16,2453.43,1.249195265686128
NASDAQCOM,2007-01-10 00:00:00,2007-01-11 00:00:00,2459.33,2484.85,1.0376809944171779
NASDAQCOM,2007-01-17 00:00:00,2007-01-18 00:00:00,2479.42,2443.21,-1.4604221955134682
NASDAQCOM,2007-01-23 00:00:00,2007-01-24 00:00:00,2431.41,2466.28,1.4341472643445716
NASDAQCOM,2007-01-24 00:00:00,2007-01-25 00:00:00,2466.28,2434.24,-1.2991225651588796
NASDAQCOM,2007-02-08 00:00:00,2007-02-09 00:00:00,2488.67,2459.82,-1.159253737940342
NASDAQCOM,2007-02-13 00:00:00,2007-02-14 00:00:00,2459.88,2488.38,1.1585931021025415
NASDAQCOM,2007-02-26 00:00:00,2007-02-27 00:00:00,2504.52,2407.86,-3.8594221647261695
NASDAQCOM,2007-03-01 00:00:00,2007-03-02 00:00:00,2404.21,2368.0,-1.50610803548775
NASDAQCOM,2007-03-02 00:00:00,2007-03-05 00:00:00,2368.0,2340.68,-1.1537162162162231
NASDAQCOM,2007-03-05 00:00:00,2007-03-06 00:00:00,2340.68,2385.14,1.8994480236512485
NASDAQCOM,2007-03-12 00:00:00,2007-03-13 00:00:00,2402.29,2350.57,-2.1529457309483786
NASDAQCOM,2007-03-20 00:00:00,2007-03-21 00:00:00,2408.21,2455.92,1.9811395185635818
NASDAQCOM,2007-04-02 00:00:00,2007-04-03 00:00:00,2422.26,2450.33,1.1588351374336243
NASDAQCOM,2007-04-13 00:00:00,2007-04-16 00:00:00,2491.94,2518.33,1.0590142619806202
NASDAQCOM,2007-04-27 00:00:00,2007-04-30 00:00:00,2557.21,2525.09,-1.2560564052228753
NASDAQCOM,2007-05-01 00:00:00,2007-05-02 00:00:00,2531.53,2557.84,1.0392924437000528
NASDAQCOM,2007-05-09 00:00:00,2007-05-10 00:00:00,2576.34,2533.74,-1.6535084654975805
NASDAQCOM,2007-05-10 00:00:00,2007-05-11 00:00:00,2533.74,2562.22,1.1240300899066211
NASDAQCOM,2007-05-23 00:00:00,2007-05-24 00:00:00,2577.05,2537.92,-1.5184028249354924
NASDAQCOM,2007-06-06 00:00:00,2007-06-07 00:00:00,2587.18,2541.38,-1.7702672407795255
NASDAQCOM,2007-06-07 00:00:00,2007-06-08 00:00:00,2541.38,2573.54,1.2654542020477004
NASDAQCOM,2007-06-12 00:00:00,2007-06-13 00:00:00,2549.77,2582.31,1.2761935390250871
NASDAQCOM,2007-06-14 00:00:00,2007-06-15 00:00:00,2599.41,2626.71,1.0502383233118355
NASDAQCOM,2007-06-19 00:00:00,2007-06-20 00:00:00,2626.76,2599.96,-1.0202683153390557
NASDAQCOM,2007-06-21 00:00:00,2007-06-22 00:00:00,2616.96,2588.96,-1.069943751528491
NASDAQCOM,2007-06-26 00:00:00,2007-06-27 00:00:00,2574.16,2605.35,1.211657395033722
NASDAQCOM,2007-06-29 00:00:00,2007-07-02 00:00:00,2603.23,2632.3,1.1166896509336541
NASDAQCOM,2007-07-09 00:00:00,2007-07-10 00:00:00,2670.02,2639.16,-1.1557965857933696
NASDAQCOM,2007-07-11 00:00:00,2007-07-12 00:00:00,2651.79,2701.73,1.8832562156128523
NASDAQCOM,2007-07-19 00:00:00,2007-07-20 00:00:00,2720.04,2687.6,-1.1926295201541175
NASDAQCOM,2007-07-23 00:00:00,2007-07-24 00:00:00,2690.58,2639.86,-1.8850954069382735
NASDAQCOM,2007-07-25 00:00:00,2007-07-26 00:00:00,2648.17,2599.34,-1.8439148544088908
NASDAQCOM,2007-07-26 00:00:00,2007-07-27 00:00:00,2599.34,2562.24,-1.4272853878292322
NASDAQCOM,2007-07-30 00:00:00,2007-07-31 00:00:00,2583.28,2546.27,-1.432674739091396
NASDAQCOM,2007-08-02 00:00:00,2007-08-03 00:00:00,2575.98,2511.25,-2.5128300685564335
NASDAQCOM,2007-08-03 00:00:00,2007-08-06 00:00:00,2511.25,2547.33,1.436734693877548
NASDAQCOM,2007-08-07 00:00:00,2007-08-08 00:00:00,2561.6,2612.98,2.0057776389756445
NASDAQCOM,2007-08-08 00:00:00,2007-08-09 00:00:00,2612.98,2556.49,-2.161899440485585
NASDAQCOM,2007-08-13 00:00:00,2007-08-14 00:00:00,2542.24,2499.12,-1.6961419850210797
NASDAQCOM,2007-08-14 00:00:00,2007-08-15 00:00:00,2499.12,2458.83,-1.6121674829539985
NASDAQCOM,2007-08-16 00:00:00,2007-08-17 00:00:00,2451.07,2505.03,2.2014875136165033
NASDAQCOM,2007-08-21 00:00:00,2007-08-22 00:00:00,2521.3,2552.8,1.2493554912148495
NASDAQCOM,2007-08-23 00:00:00,2007-08-24 00:00:00,2541.7,2576.69,1.3766376834402267
NASDAQCOM,2007-08-27 00:00:00,2007-08-28 00:00:00,2561.25,2500.64,-2.366422645192782
NASDAQCOM,2007-08-28 00:00:00,2007-08-29 00:00:00,2500.64,2563.16,2.5001599590504826
NASDAQCOM,2007-08-30 00:00:00,2007-08-31 00:00:00,2565.3,2596.36,1.2107745682766127
NASDAQCOM,2007-08-31 00:00:00,2007-09-04 00:00:00,2596.36,2630.24,1.3049037883806427
NASDAQCOM,2007-09-06 00:00:00,2007-09-07 00:00:00,2614.32,2565.7,-1.8597570305089028
NASDAQCOM,2007-09-10 00:00:00,2007-09-11 00:00:00,2559.11,2597.47,1.498958622333533
NASDAQCOM,2007-09-17 00:00:00,2007-09-18 00:00:00,2581.66,2651.66,2.7114337286861945
NASDAQCOM,2007-09-28 00:00:00,2007-10-01 00:00:00,2701.5,2740.99,1.4617804923190738
NASDAQCOM,2007-10-04 00:00:00,2007-10-05 00:00:00,2733.57,2780.32,1.7102177738269002
NASDAQCOM,2007-10-10 00:00:00,2007-10-11 00:00:00,2811.61,2772.2,-1.401688000825161
NASDAQCOM,2007-10-11 00:00:00,2007-10-12 00:00:00,2772.2,2805.68,1.2077050717841433
NASDAQCOM,2007-10-16 00:00:00,2007-10-17 00:00:00,2763.91,2792.67,1.0405548661135935
NASDAQCOM,2007-10-18 00:00:00,2007-10-19 00:00:00,2799.31,2725.16,-2.6488670422354113
NASDAQCOM,2007-10-19 00:00:00,2007-10-22 00:00:00,2725.16,2753.93,1.0557178294118503
NASDAQCOM,2007-10-22 00:00:00,2007-10-23 00:00:00,2753.93,2799.26,1.64601133652636
NASDAQCOM,2007-10-25 00:00:00,2007-10-26 00:00:00,2750.86,2804.19,1.9386664534000249
NASDAQCOM,2007-10-30 00:00:00,2007-10-31 00:00:00,2816.71,2859.12,1.5056573094141694
NASDAQCOM,2007-10-31 00:00:00,2007-11-01 00:00:00,2859.12,2794.83,-2.248593972970703
NASDAQCOM,2007-11-05 00:00:00,2007-11-06 00:00:00,2795.18,2825.18,1.073276139640381
NASDAQCOM,2007-11-06 00:00:00,2007-11-07 00:00:00,2825.18,2748.76,-2.704960391904219
NASDAQCOM,2007-11-07 00:00:00,2007-11-08 00:00:00,2748.76,2696.0,-1.9194109343849668
NASDAQCOM,2007-11-08 00:00:00,2007-11-09 00:00:00,2696.0,2627.94,-2.52448071216617
NASDAQCOM,2007-11-09 00:00:00,2007-11-12 00:00:00,2627.94,2584.13,-1.667085245477444
NASDAQCOM,2007-11-12 00:00:00,2007-11-13 00:00:00,2584.13,2673.65,3.464222001215108
NASDAQCOM,2007-11-13 00:00:00,2007-11-14 00:00:00,2673.65,2644.32,-1.097002225422173
NASDAQCOM,2007-11-16 00:00:00,2007-11-19 00:00:00,2637.24,2593.38,-1.663102334258531
NASDAQCOM,2007-11-20 00:00:00,2007-11-21 00:00:00,2596.81,2562.15,-1.3347145151166184
NASDAQCOM,2007-11-21 00:00:00,2007-11-23 00:00:00,2562.15,2596.6,1.3445738930195272
NASDAQCOM,2007-11-23 00:00:00,2007-11-26 00:00:00,2596.6,2540.99,-2.1416467688515803
NASDAQCOM,2007-11-26 00:00:00,2007-11-27 00:00:00,2540.99,2580.8,1.566712186982255
NASDAQCOM,2007-11-27 00:00:00,2007-11-28 00:00:00,2580.8,2662.91,3.1815716057036445
NASDAQCOM,2007-12-04 00:00:00,2007-12-05 00:00:00,2619.83,2666.36,1.7760694396201357
NASDAQCOM,2007-12-05 00:00:00,2007-12-06 00:00:00,2666.36,2709.03,1.6003090355390894
NASDAQCOM,2007-12-10 00:00:00,2007-12-11 00:00:00,2718.95,2652.35,-2.4494749811508085
NASDAQCOM,2007-12-13 00:00:00,2007-12-14 00:00:00,2668.49,2635.74,-1.2272858433046405
NASDAQCOM,2007-12-14 00:00:00,2007-12-17 00:00:00,2635.74,2574.46,-2.3249637672911496
NASDAQCOM,2007-12-19 00:00:00,2007-12-20 00:00:00,2601.01,2640.86,1.5320971468775555
NASDAQCOM,2007-12-20 00:00:00,2007-12-21 00:00:00,2640.86,2691.99,1.9361117211817231
NASDAQCOM,2007-12-26 00:00:00,2007-12-27 00:00:00,2724.41,2676.79,-1.7479013804823758
NASDAQCOM,2007-12-31 00:00:00,2008-01-02 00:00:00,2652.28,2609.63,-1.6080504320810807
NASDAQCOM,2008-01-03 00:00:00,2008-01-04 00:00:00,2602.68,2504.65,-3.766502220787794
NASDAQCOM,2008-01-07 00:00:00,2008-01-08 00:00:00,2499.46,2440.51,-2.358509438038609
NASDAQCOM,2008-01-08 00:00:00,2008-01-09 00:00:00,2440.51,2474.55,1.3947904331471683
NASDAQCOM,2008-01-10 00:00:00,2008-01-11 00:00:00,2488.52,2439.94,-1.9521643386430458
NASDAQCOM,2008-01-11 00:00:00,2008-01-14 00:00:00,2439.94,2478.3,1.5721698074542867
NASDAQCOM,2008-01-14 00:00:00,2008-01-15 00:00:00,2478.3,2417.59,-2.4496630754953004
NASDAQCOM,2008-01-16 00:00:00,2008-01-17 00:00:00,2394.59,2346.9,-1.9915726700604302
NASDAQCOM,2008-01-18 00:00:00,2008-01-22 00:00:00,2340.02,2292.27,-2.040580849736327
NASDAQCOM,2008-01-22 00:00:00,2008-01-23 00:00:00,2292.27,2316.41,1.053104564471021
NASDAQCOM,2008-01-23 00:00:00,2008-01-24 00:00:00,2316.41,2360.92,1.921507850510066
NASDAQCOM,2008-01-24 00:00:00,2008-01-25 00:00:00,2360.92,2326.2,-1.4706131508056288
NASDAQCOM,2008-01-25 00:00:00,2008-01-28 00:00:00,2326.2,2349.91,1.0192588771386828
NASDAQCOM,2008-01-30 00:00:00,2008-01-31 00:00:00,2349.0,2389.86,1.7394636015325724
NASDAQCOM,2008-02-01 00:00:00,2008-02-04 00:00:00,2413.36,2382.85,-1.2642125501375765
NASDAQCOM,2008-02-04 00:00:00,2008-02-05 00:00:00,2382.85,2309.57,-3.0753089787439305
NASDAQCOM,2008-02-05 00:00:00,2008-02-06 00:00:00,2309.57,2278.75,-1.3344475378533738
NASDAQCOM,2008-02-12 00:00:00,2008-02-13 00:00:00,2320.04,2373.93,2.322804779227939
NASDAQCOM,2008-02-13 00:00:00,2008-02-14 00:00:00,2373.93,2332.54,-1.743522344803759
NASDAQCOM,2008-02-20 00:00:00,2008-02-21 00:00:00,2327.1,2299.78,-1.1739933823213315
NASDAQCOM,2008-02-22 00:00:00,2008-02-25 00:00:00,2303.35,2327.48,1.047604575943739
NASDAQCOM,2008-02-28 00:00:00,2008-02-29 00:00:00,2331.57,2271.48,-2.5772333663582967
NASDAQCOM,2008-03-05 00:00:00,2008-03-06 00:00:00,2272.81,2220.5,-2.301556223353468
NASDAQCOM,2008-03-07 00:00:00,2008-03-10 00:00:00,2212.49,2169.34,-1.9502913007516256
NASDAQCOM,2008-03-10 00:00:00,2008-03-11 00:00:00,2169.34,2255.76,3.9837001115546693
NASDAQCOM,2008-03-13 00:00:00,2008-03-14 00:00:00,2263.61,2212.49,-2.2583395549586873
NASDAQCOM,2008-03-14 00:00:00,2008-03-17 00:00:00,2212.49,2177.01,-1.603623067222883
NASDAQCOM,2008-03-17 00:00:00,2008-03-18 00:00:00,2177.01,2268.26,4.191528748145392
NASDAQCOM,2008-03-18 00:00:00,2008-03-19 00:00:00,2268.26,2209.96,-2.5702520875032038
NASDAQCOM,2008-03-19 00:00:00,2008-03-20 00:00:00,2209.96,2258.11,2.1787724664699857
NASDAQCOM,2008-03-20 00:00:00,2008-03-24 00:00:00,2258.11,2326.75,3.039710200123106
NASDAQCOM,2008-03-26 00:00:00,2008-03-27 00:00:00,2324.36,2280.83,-1.872773580684584
NASDAQCOM,2008-03-31 00:00:00,2008-04-01 00:00:00,2279.1,2362.75,3.6703084550919267
NASDAQCOM,2008-04-08 00:00:00,2008-04-09 00:00:00,2348.76,2322.12,-1.1342155009451933
NASDAQCOM,2008-04-09 00:00:00,2008-04-10 00:00:00,2322.12,2351.7,1.2738359774688617
NASDAQCOM,2008-04-10 00:00:00,2008-04-11 00:00:00,2351.7,2290.24,-2.6134285835778392
NASDAQCOM,2008-04-15 00:00:00,2008-04-16 00:00:00,2286.04,2350.11,2.8026631205053354
NASDAQCOM,2008-04-17 00:00:00,2008-04-18 00:00:00,2341.83,2402.97,2.6107787499519555
NASDAQCOM,2008-04-21 00:00:00,2008-04-22 00:00:00,2408.04,2376.94,-1.2915067856015643
NASDAQCOM,2008-04-22 00:00:00,2008-04-23 00:00:00,2376.94,2405.21,1.1893442829856866
NASDAQCOM,2008-04-30 00:00:00,2008-05-01 00:00:00,2412.8,2480.71,2.8145722811671026
NASDAQCOM,2008-05-06 00:00:00,2008-05-07 00:00:00,2483.31,2438.49,-1.8048491730794851
NASDAQCOM,2008-05-09 00:00:00,2008-05-12 00:00:00,2445.52,2488.49,1.7570905165363522
NASDAQCOM,2008-05-14 00:00:00,2008-05-15 00:00:00,2496.7,2533.73,1.4831577682541037
NASDAQCOM,2008-05-20 00:00:00,2008-05-21 00:00:00,2492.26,2448.27,-1.765064640125839
NASDAQCOM,2008-05-23 00:00:00,2008-05-27 00:00:00,2444.67,2481.24,1.4959074230877667
NASDAQCOM,2008-05-30 00:00:00,2008-06-02 00:00:00,2522.66,2491.53,-1.2340148890456764
NASDAQCOM,2008-06-04 00:00:00,2008-06-05 00:00:00,2503.14,2549.94,1.869651717442899
NASDAQCOM,2008-06-05 00:00:00,2008-06-06 00:00:00,2549.94,2474.56,-2.9561479877957955
NASDAQCOM,2008-06-10 00:00:00,2008-06-11 00:00:00,2448.94,2394.01,-2.2430112620153957
NASDAQCOM,2008-06-12 00:00:00,2008-06-13 00:00:00,2404.35,2454.5,2.085802815729827
NASDAQCOM,2008-06-17 00:00:00,2008-06-18 00:00:00,2457.73,2429.71,-1.1400764119736497
NASDAQCOM,2008-06-18 00:00:00,2008-06-19 00:00:00,2429.71,2462.06,1.3314346156537162
NASDAQCOM,2008-06-19 00:00:00,2008-06-20 00:00:00,2462.06,2406.09,-2.2732995946483756
NASDAQCOM,2008-06-24 00:00:00,2008-06-25 00:00:00,2368.28,2401.26,1.3925718242775353
NASDAQCOM,2008-06-25 00:00:00,2008-06-26 00:00:00,2401.26,2321.37,-3.3270033232553042
NASDAQCOM,2008-07-01 00:00:00,2008-07-02 00:00:00,2304.97,2251.46,-2.321505269049045
NASDAQCOM,2008-07-07 00:00:00,2008-07-08 00:00:00,2243.32,2294.44,2.27876540128024
NASDAQCOM,2008-07-08 00:00:00,2008-07-09 00:00:00,2294.44,2234.89,-2.595404543156508
NASDAQCOM,2008-07-09 00:00:00,2008-07-10 00:00:00,2234.89,2257.85,1.0273436276505796
NASDAQCOM,2008-07-11 00:00:00,2008-07-14 00:00:00,2239.08,2212.87,-1.1705700555585346
NASDAQCOM,2008-07-15 00:00:00,2008-07-16 00:00:00,2215.71,2284.85,3.1204444624973426
NASDAQCOM,2008-07-16 00:00:00,2008-07-17 00:00:00,2284.85,2312.3,1.2013917762654123
NASDAQCOM,2008-07-17 00:00:00,2008-07-18 00:00:00,2312.3,2282.78,-1.2766509535959858
NASDAQCOM,2008-07-21 00:00:00,2008-07-22 00:00:00,2279.53,2303.96,1.0717121511890537
NASDAQCOM,2008-07-23 00:00:00,2008-07-24 00:00:00,2325.88,2280.11,-1.967857327119197
NASDAQCOM,2008-07-24 00:00:00,2008-07-25 00:00:00,2280.11,2310.53,1.3341461596151094
NASDAQCOM,2008-07-25 00:00:00,2008-07-28 00:00:00,2310.53,2264.22,-2.004302043254162
NASDAQCOM,2008-07-28 00:00:00,2008-07-29 00:00:00,2264.22,2319.62,2.4467587071927683
NASDAQCOM,2008-08-01 00:00:00,2008-08-04 00:00:00,2310.96,2285.56,-1.0991103264444253
NASDAQCOM,2008-08-04 00:00:00,2008-08-05 00:00:00,2285.56,2349.83,2.812002310155935
NASDAQCOM,2008-08-05 00:00:00,2008-08-06 00:00:00,2349.83,2378.37,1.214555946600391
NASDAQCOM,2008-08-07 00:00:00,2008-08-08 00:00:00,2355.73,2414.1,2.477788201534127
NASDAQCOM,2008-08-08 00:00:00,2008-08-11 00:00:00,2414.1,2439.95,1.0707924278198877
NASDAQCOM,2008-08-13 00:00:00,2008-08-14 00:00:00,2428.62,2453.67,1.031449959236117
NASDAQCOM,2008-08-15 00:00:00,2008-08-18 00:00:00,2452.52,2416.98,-1.4491217197005515
NASDAQCOM,2008-08-18 00:00:00,2008-08-19 00:00:00,2416.98,2384.36,-1.3496181184784273
NASDAQCOM,2008-08-21 00:00:00,2008-08-22 00:00:00,2380.38,2414.71,1.4422067064922377
NASDAQCOM,2008-08-22 00:00:00,2008-08-25 00:00:00,2414.71,2365.59,-2.034198723656252
NASDAQCOM,2008-08-27 00:00:00,2008-08-28 00:00:00,2382.46,2411.64,1.2247844664758205
NASDAQCOM,2008-08-28 00:00:00,2008-08-29 00:00:00,2411.64,2367.52,-1.829460450150101
NASDAQCOM,2008-09-03 00:00:00,2008-09-04 00:00:00,2333.73,2259.04,-3.2004559224931786
NASDAQCOM,2008-09-08 00:00:00,2008-09-09 00:00:00,2269.76,2209.81,-2.6412484139292376
NASDAQCOM,2008-09-10 00:00:00,2008-09-11 00:00:00,2228.7,2258.22,1.3245389689056393
NASDAQCOM,2008-09-12 00:00:00,2008-09-15 00:00:00,2261.27,2179.91,-3.597978127335529
NASDAQCOM,2008-09-15 00:00:00,2008-09-16 00:00:00,2179.91,2207.9,1.283997963218676
NASDAQCOM,2008-09-16 00:00:00,2008-09-17 00:00:00,2207.9,2098.85,-4.939082385977634
NASDAQCOM,2008-09-17 00:00:00,2008-09-18 00:00:00,2098.85,2199.1,4.776425185220478
NASDAQCOM,2008-09-18 00:00:00,2008-09-19 00:00:00,2199.1,2273.9,3.4013914783320534
NASDAQCOM,2008-09-19 00:00:00,2008-09-22 00:00:00,2273.9,2178.98,-4.17432604775936
NASDAQCOM,2008-09-22 00:00:00,2008-09-23 00:00:00,2178.98,2153.33,-1.177156284132947
NASDAQCOM,2008-09-24 00:00:00,2008-09-25 00:00:00,2155.68,2186.57,1.4329585096118316
NASDAQCOM,2008-09-26 00:00:00,2008-09-29 00:00:00,2183.34,1983.73,-9.142414832321128
NASDAQCOM,2008-09-29 00:00:00,2008-09-30 00:00:00,1983.73,2091.88,5.451850806309331
NASDAQCOM,2008-09-30 00:00:00,2008-10-01 00:00:00,2091.88,2069.4,-1.0746314320133092
NASDAQCOM,2008-10-01 00:00:00,2008-10-02 00:00:00,2069.4,1976.72,-4.47859282883928
NASDAQCOM,2008-10-02 00:00:00,2008-10-03 00:00:00,1976.72,1947.39,-1.483771095552224
NASDAQCOM,2008-10-03 00:00:00,2008-10-06 00:00:00,1947.39,1862.96,-4.335546552051723
NASDAQCOM,2008-10-06 00:00:00,2008-10-07 00:00:00,1862.96,1754.88,-5.801520161463474
NASDAQCOM,2008-10-08 00:00:00,2008-10-09 00:00:00,1740.33,1645.12,-5.470801514655268
NASDAQCOM,2008-10-10 00:00:00,2008-10-13 00:00:00,1649.51,1844.25,11.80593024595183
NASDAQCOM,2008-10-13 00:00:00,2008-10-14 00:00:00,1844.25,1779.01,-3.5374813609868516
NASDAQCOM,2008-10-14 00:00:00,2008-10-15 00:00:00,1779.01,1628.33,-8.469879314899863
NASDAQCOM,2008-10-15 00:00:00,2008-10-16 00:00:00,1628.33,1717.71,5.489059343007874
NASDAQCOM,2008-10-17 00:00:00,2008-10-20 00:00:00,1711.29,1770.03,3.4324982907631094
NASDAQCOM,2008-10-20 00:00:00,2008-10-21 00:00:00,1770.03,1696.68,-4.143997559363396
NASDAQCOM,2008-10-21 00:00:00,2008-10-22 00:00:00,1696.68,1615.75,-4.76990357639626
NASDAQCOM,2008-10-23 00:00:00,2008-10-24 00:00:00,1603.91,1552.03,-3.2345954573511047
NASDAQCOM,2008-10-24 00:00:00,2008-10-27 00:00:00,1552.03,1505.9,-2.972236361410532
NASDAQCOM,2008-10-27 00:00:00,2008-10-28 00:00:00,1505.9,1649.47,9.533833587887637
NASDAQCOM,2008-10-29 00:00:00,2008-10-30 00:00:00,1657.21,1698.52,2.492743828482808
NASDAQCOM,2008-10-30 00:00:00,2008-10-31 00:00:00,1698.52,1720.95,1.3205614299507844
NASDAQCOM,2008-11-03 00:00:00,2008-11-04 00:00:00,1726.33,1780.12,3.1158584975062684
NASDAQCOM,2008-11-04 00:00:00,2008-11-05 00:00:00,1780.12,1681.64,-5.532211311596959
NASDAQCOM,2008-11-05 00:00:00,2008-11-06 00:00:00,1681.64,1608.7,-4.337432506362839
NASDAQCOM,2008-11-06 00:00:00,2008-11-07 00:00:00,1608.7,1647.4,2.4056691738671003
NASDAQCOM,2008-11-07 00:00:00,2008-11-10 00:00:00,1647.4,1616.74,-1.8611144834284374
NASDAQCOM,2008-11-10 00:00:00,2008-11-11 00:00:00,1616.74,1580.9,-2.216806660316434
NASDAQCOM,2008-11-11 00:00:00,2008-11-12 00:00:00,1580.9,1499.21,-5.167309760263144
NASDAQCOM,2008-11-12 00:00:00,2008-11-13 00:00:00,1499.21,1596.7,6.502758119276153
NASDAQCOM,2008-11-13 00:00:00,2008-11-14 00:00:00,1596.7,1516.85,-5.000939437590038
NASDAQCOM,2008-11-14 00:00:00,2008-11-17 00:00:00,1516.85,1482.05,-2.294228170221179
NASDAQCOM,2008-11-18 00:00:00,2008-11-19 00:00:00,1483.27,1386.42,-6.529492270456486
NASDAQCOM,2008-11-19 00:00:00,2008-11-20 00:00:00,1386.42,1316.12,-5.070613522597783
NASDAQCOM,2008-11-20 00:00:00,2008-11-21 00:00:00,1316.12,1384.35,5.1841777345530815
NASDAQCOM,2008-11-21 00:00:00,2008-11-24 00:00:00,1384.35,1472.02,6.3329360349622625
NASDAQCOM,2008-11-25 00:00:00,2008-11-26 00:00:00,1464.73,1532.1,4.599482498480941
NASDAQCOM,2008-11-28 00:00:00,2008-12-01 00:00:00,1535.57,1398.07,-8.954329662600859
NASDAQCOM,2008-12-01 00:00:00,2008-12-02 00:00:00,1398.07,1449.8,3.70010085331922
NASDAQCOM,2008-12-02 00:00:00,2008-12-03 00:00:00,1449.8,1492.38,2.9369568216305804
NASDAQCOM,2008-12-03 00:00:00,2008-12-04 00:00:00,1492.38,1445.56,-3.1372706683284526
NASDAQCOM,2008-12-04 00:00:00,2008-12-05 00:00:00,1445.56,1509.31,4.410055618583802
NASDAQCOM,2008-12-05 00:00:00,2008-12-08 00:00:00,1509.31,1571.74,4.136327195870965
NASDAQCOM,2008-12-08 00:00:00,2008-12-09 00:00:00,1571.74,1547.34,-1.5524196113861128
NASDAQCOM,2008-12-09 00:00:00,2008-12-10 00:00:00,1547.34,1565.48,1.17233445784379
NASDAQCOM,2008-12-10 00:00:00,2008-12-11 00:00:00,1565.48,1507.88,-3.6793826813501234
NASDAQCOM,2008-12-11 00:00:00,2008-12-12 00:00:00,1507.88,1540.72,2.177892139958081
NASDAQCOM,2008-12-12 00:00:00,2008-12-15 00:00:00,1540.72,1508.34,-2.101614829430403
NASDAQCOM,2008-12-15 00:00:00,2008-12-16 00:00:00,1508.34,1589.89,5.406605937653326
NASDAQCOM,2008-12-17 00:00:00,2008-12-18 00:00:00,1579.31,1552.37,-1.7058082327092248
NASDAQCOM,2008-12-19 00:00:00,2008-12-22 00:00:00,1564.32,1532.35,-2.0436994988237718
NASDAQCOM,2008-12-26 00:00:00,2008-12-29 00:00:00,1530.24,1510.32,-1.3017565872020123
NASDAQCOM,2008-12-29 00:00:00,2008-12-30 00:00:00,1510.32,1550.7,2.673605593516613
NASDAQCOM,2008-12-30 00:00:00,2008-12-31 00:00:00,1550.7,1577.03,1.6979428645127959
NASDAQCOM,2008-12-31 00:00:00,2009-01-02 00:00:00,1577.03,1632.21,3.498982264129412
NASDAQCOM,2009-01-05 00:00:00,2009-01-06 00:00:00,1628.03,1652.38,1.4956726841643053
NASDAQCOM,2009-01-06 00:00:00,2009-01-07 00:00:00,1652.38,1599.06,-3.226860649487416
NASDAQCOM,2009-01-07 00:00:00,2009-01-08 00:00:00,1599.06,1617.01,1.1225344890122975
NASDAQCOM,2009-01-08 00:00:00,2009-01-09 00:00:00,1617.01,1571.59,-2.808888009350596
NASDAQCOM,2009-01-09 00:00:00,2009-01-12 00:00:00,1571.59,1538.79,-2.087058329462516
NASDAQCOM,2009-01-13 00:00:00,2009-01-14 00:00:00,1546.46,1489.64,-3.674197845401752
NASDAQCOM,2009-01-14 00:00:00,2009-01-15 00:00:00,1489.64,1511.84,1.4902929566875094
NASDAQCOM,2009-01-15 00:00:00,2009-01-16 00:00:00,1511.84,1529.33,1.1568684516880101
NASDAQCOM,2009-01-16 00:00:00,2009-01-20 00:00:00,1529.33,1440.86,-5.784886191992574
NASDAQCOM,2009-01-20 00:00:00,2009-01-21 00:00:00,1440.86,1507.07,4.5951723276376635
NASDAQCOM,2009-01-21 00:00:00,2009-01-22 00:00:00,1507.07,1465.49,-2.758995932504789
NASDAQCOM,2009-01-26 00:00:00,2009-01-27 00:00:00,1489.46,1504.9,1.0366172975440802
NASDAQCOM,2009-01-27 00:00:00,2009-01-28 00:00:00,1504.9,1558.34,3.5510665160475665
NASDAQCOM,2009-01-28 00:00:00,2009-01-29 00:00:00,1558.34,1507.84,-3.240627847581401
NASDAQCOM,2009-01-29 00:00:00,2009-01-30 00:00:00,1507.84,1476.42,-2.083775466893029
NASDAQCOM,2009-01-30 00:00:00,2009-02-02 00:00:00,1476.42,1494.43,1.2198425922163063
NASDAQCOM,2009-02-02 00:00:00,2009-02-03 00:00:00,1494.43,1516.3,1.463434219066794
NASDAQCOM,2009-02-04 00:00:00,2009-02-05 00:00:00,1515.05,1546.24,2.0586779314214088
NASDAQCOM,2009-02-05 00:00:00,2009-02-06 00:00:00,1546.24,1591.71,2.9406819122516574
NASDAQCOM,2009-02-09 00:00:00,2009-02-10 00:00:00,1591.56,1524.73,-4.199024856116008
NASDAQCOM,2009-02-13 00:00:00,2009-02-17 00:00:00,1534.36,1470.66,-4.151568080502608
NASDAQCOM,2009-02-18 00:00:00,2009-02-19 00:00:00,1467.97,1442.82,-1.7132502707821067
NASDAQCOM,2009-02-20 00:00:00,2009-02-23 00:00:00,1441.23,1387.72,-3.7128008714778344
NASDAQCOM,2009-02-23 00:00:00,2009-02-24 00:00:00,1387.72,1441.83,3.899201568039655
NASDAQCOM,2009-02-24 00:00:00,2009-02-25 00:00:00,1441.83,1425.43,-1.1374433879167354
NASDAQCOM,2009-02-25 00:00:00,2009-02-26 00:00:00,1425.43,1391.47,-2.3824389833243327
NASDAQCOM,2009-02-27 00:00:00,2009-03-02 00:00:00,1377.84,1322.85,-3.991029437380248
NASDAQCOM,2009-03-03 00:00:00,2009-03-04 00:00:00,1321.01,1353.74,2.4776496771409766
NASDAQCOM,2009-03-04 00:00:00,2009-03-05 00:00:00,1353.74,1299.59,-4.000029547771366
NASDAQCOM,2009-03-06 00:00:00,2009-03-09 00:00:00,1293.85,1268.64,-1.9484484291069144
NASDAQCOM,2009-03-09 00:00:00,2009-03-10 00:00:00,1268.64,1358.28,7.065834279228139
NASDAQCOM,2009-03-11 00:00:00,2009-03-12 00:00:00,1371.64,1426.1,3.970429558776341
NASDAQCOM,2009-03-13 00:00:00,2009-03-16 00:00:00,1431.5,1404.02,-1.9196646873908498
NASDAQCOM,2009-03-16 00:00:00,2009-03-17 00:00:00,1404.02,1462.11,4.137405450064808
NASDAQCOM,2009-03-17 00:00:00,2009-03-18 00:00:00,1462.11,1491.22,1.990958272633395
NASDAQCOM,2009-03-19 00:00:00,2009-03-20 00:00:00,1483.48,1457.27,-1.7667915981341196
NASDAQCOM,2009-03-20 00:00:00,2009-03-23 00:00:00,1457.27,1555.77,6.759214147000899
NASDAQCOM,2009-03-23 00:00:00,2009-03-24 00:00:00,1555.77,1516.52,-2.5228664905480884
NASDAQCOM,2009-03-25 00:00:00,2009-03-26 00:00:00,1528.95,1587.0,3.796723241440201
NASDAQCOM,2009-03-26 00:00:00,2009-03-27 00:00:00,1587.0,1545.2,-2.633900441083803
NASDAQCOM,2009-03-27 00:00:00,2009-03-30 00:00:00,1545.2,1501.8,-2.8086979031840595
NASDAQCOM,2009-03-30 00:00:00,2009-03-31 00:00:00,1501.8,1528.59,1.7838593687574886
NASDAQCOM,2009-03-31 00:00:00,2009-04-01 00:00:00,1528.59,1551.6,1.505308814005063
NASDAQCOM,2009-04-01 00:00:00,2009-04-02 00:00:00,1551.6,1602.63,3.288863109048737
NASDAQCOM,2009-04-02 00:00:00,2009-04-03 00:00:00,1602.63,1621.87,1.200526634344782
NASDAQCOM,2009-04-06 00:00:00,2009-04-07 00:00:00,1606.71,1561.61,-2.8069782350268646
NASDAQCOM,2009-04-07 00:00:00,2009-04-08 00:00:00,1561.61,1590.66,1.8602596038703765
NASDAQCOM,2009-04-08 00:00:00,2009-04-09 00:00:00,1590.66,1652.54,3.8902090955955315
NASDAQCOM,2009-04-13 00:00:00,2009-04-14 00:00:00,1653.31,1625.72,-1.6687735512396293
NASDAQCOM,2009-04-15 00:00:00,2009-04-16 00:00:00,1626.8,1670.44,2.682567002704703
NASDAQCOM,2009-04-17 00:00:00,2009-04-20 00:00:00,1673.07,1608.21,-3.876705696713222
NASDAQCOM,2009-04-20 00:00:00,2009-04-21 00:00:00,1608.21,1643.85,2.216128490682179
NASDAQCOM,2009-04-23 00:00:00,2009-04-24 00:00:00,1652.21,1694.29,2.546891738943592
NASDAQCOM,2009-04-28 00:00:00,2009-04-29 00:00:00,1673.81,1711.94,2.278036336262784
NASDAQCOM,2009-05-01 00:00:00,2009-05-04 00:00:00,1719.2,1763.56,2.58026989297347
NASDAQCOM,2009-05-06 00:00:00,2009-05-07 00:00:00,1759.1,1716.24,-2.4364731965209425
NASDAQCOM,2009-05-07 00:00:00,2009-05-08 00:00:00,1716.24,1739.0,1.3261548501375093
NASDAQCOM,2009-05-12 00:00:00,2009-05-13 00:00:00,1715.92,1664.19,-3.014709310457365
NASDAQCOM,2009-05-13 00:00:00,2009-05-14 00:00:00,1664.19,1689.21,1.5034341030771714
NASDAQCOM,2009-05-15 00:00:00,2009-05-18 00:00:00,1680.14,1732.36,3.108074327139393
NASDAQCOM,2009-05-20 00:00:00,2009-05-21 00:00:00,1727.84,1695.25,-1.886170015742194
NASDAQCOM,2009-05-22 00:00:00,2009-05-26 00:00:00,1692.01,1750.43,3.4526982701047912
NASDAQCOM,2009-05-26 00:00:00,2009-05-27 00:00:00,1750.43,1731.08,-1.10544266266004
NASDAQCOM,2009-05-27 00:00:00,2009-05-28 00:00:00,1731.08,1751.79,1.1963629641611038
NASDAQCOM,2009-05-28 00:00:00,2009-05-29 00:00:00,1751.79,1774.33,1.2866839061759665
NASDAQCOM,2009-05-29 00:00:00,2009-06-01 00:00:00,1774.33,1828.68,3.0631280539696752
NASDAQCOM,2009-06-03 00:00:00,2009-06-04 00:00:00,1825.92,1850.02,1.3198825797406188
NASDAQCOM,2009-06-12 00:00:00,2009-06-15 00:00:00,1858.8,1816.38,-2.2821174951581584
NASDAQCOM,2009-06-15 00:00:00,2009-06-16 00:00:00,1816.38,1796.18,-1.1121020931743382
NASDAQCOM,2009-06-18 00:00:00,2009-06-19 00:00:00,1807.72,1827.47,1.092536454760693
NASDAQCOM,2009-06-19 00:00:00,2009-06-22 00:00:00,1827.47,1766.19,-3.353269821118813
NASDAQCOM,2009-06-23 00:00:00,2009-06-24 00:00:00,1764.92,1792.34,1.553611495138581
NASDAQCOM,2009-06-24 00:00:00,2009-06-25 00:00:00,1792.34,1829.54,2.0754990682571415
NASDAQCOM,2009-07-01 00:00:00,2009-07-02 00:00:00,1845.72,1796.52,-2.6656264222092214
NASDAQCOM,2009-07-06 00:00:00,2009-07-07 00:00:00,1787.4,1746.17,-2.306702472865616
NASDAQCOM,2009-07-10 00:00:00,2009-07-13 00:00:00,1756.03,1793.21,2.1172759007534077
NASDAQCOM,2009-07-14 00:00:00,2009-07-15 00:00:00,1799.73,1862.9,3.5099709400854615
NASDAQCOM,2009-07-15 00:00:00,2009-07-16 00:00:00,1862.9,1885.03,1.187932792957211
NASDAQCOM,2009-07-17 00:00:00,2009-07-20 00:00:00,1886.61,1909.29,1.2021562485092343
NASDAQCOM,2009-07-22 00:00:00,2009-07-23 00:00:00,1926.38,1973.6,2.4512297677509007
NASDAQCOM,2009-07-31 00:00:00,2009-08-03 00:00:00,1978.5,2008.61,1.5218599949456608
NASDAQCOM,2009-08-06 00:00:00,2009-08-07 00:00:00,1973.16,2000.25,1.3729246487867135
NASDAQCOM,2009-08-10 00:00:00,2009-08-11 00:00:00,1992.24,1969.73,-1.1298839497249322
NASDAQCOM,2009-08-11 00:00:00,2009-08-12 00:00:00,1969.73,1998.72,1.471775319460028
NASDAQCOM,2009-08-13 00:00:00,2009-08-14 00:00:00,2009.35,1985.52,-1.185955657302109
NASDAQCOM,2009-08-14 00:00:00,2009-08-17 00:00:00,1985.52,1930.84,-2.753938514847499
NASDAQCOM,2009-08-17 00:00:00,2009-08-18 00:00:00,1930.84,1955.92,1.2989165337366202
NASDAQCOM,2009-08-19 00:00:00,2009-08-20 00:00:00,1969.24,1989.22,1.014604619040849
NASDAQCOM,2009-08-20 00:00:00,2009-08-21 00:00:00,1989.22,2020.9,1.5925840279104402
NASDAQCOM,2009-08-31 00:00:00,2009-09-01 00:00:00,2009.06,1968.89,-1.999442525360111
NASDAQCOM,2009-09-03 00:00:00,2009-09-04 00:00:00,1983.2,2018.78,1.794070189592574
NASDAQCOM,2009-09-08 00:00:00,2009-09-09 00:00:00,2037.77,2060.39,1.1100369521584816
NASDAQCOM,2009-09-09 00:00:00,2009-09-10 00:00:00,2060.39,2084.02,1.1468702527191508
NASDAQCOM,2009-09-15 00:00:00,2009-09-16 00:00:00,2102.64,2133.15,1.4510329871019394
NASDAQCOM,2009-09-23 00:00:00,2009-09-24 00:00:00,2131.42,2107.61,-1.1170956451567473
NASDAQCOM,2009-09-25 00:00:00,2009-09-28 00:00:00,2090.92,2130.74,1.904424846479048
NASDAQCOM,2009-09-30 00:00:00,2009-10-01 00:00:00,2122.42,2057.48,-3.059714853798968
NASDAQCOM,2009-10-05 00:00:00,2009-10-06 00:00:00,2068.15,2103.57,1.712641732949741
NASDAQCOM,2009-10-13 00:00:00,2009-10-14 00:00:00,2139.89,2172.23,1.511292636537399
NASDAQCOM,2009-10-26 00:00:00,2009-10-27 00:00:00,2141.85,2116.09,-1.20269860167611
NASDAQCOM,2009-10-27 00:00:00,2009-10-28 00:00:00,2116.09,2059.61,-2.669073621632351
NASDAQCOM,2009-10-28 00:00:00,2009-10-29 00:00:00,2059.61,2097.55,1.8420963192060658
NASDAQCOM,2009-10-29 00:00:00,2009-10-30 00:00:00,2097.55,2045.11,-2.5000595933350946
NASDAQCOM,2009-11-04 00:00:00,2009-11-05 00:00:00,2055.52,2105.32,2.4227446096364997
NASDAQCOM,2009-11-06 00:00:00,2009-11-09 00:00:00,2112.44,2154.06,1.9702334740868328
NASDAQCOM,2009-11-13 00:00:00,2009-11-16 00:00:00,2167.88,2197.85,1.3824565935383786
NASDAQCOM,2009-11-18 00:00:00,2009-11-19 00:00:00,2193.14,2156.82,-1.6560730277136757
NASDAQCOM,2009-11-20 00:00:00,2009-11-23 00:00:00,2146.04,2176.01,1.3965256938361008
NASDAQCOM,2009-11-25 00:00:00,2009-11-27 00:00:00,2176.05,2138.44,-1.7283610211162486
NASDAQCOM,2009-11-30 00:00:00,2009-12-01 00:00:00,2144.6,2175.81,1.455283036463678
NASDAQCOM,2009-12-16 00:00:00,2009-12-17 00:00:00,2206.91,2180.05,-1.2170863333801412
NASDAQCOM,2009-12-17 00:00:00,2009-12-18 00:00:00,2180.05,2211.69,1.45134285910873
NASDAQCOM,2009-12-18 00:00:00,2009-12-21 00:00:00,2211.69,2237.66,1.1742151929067726
NASDAQCOM,2009-12-31 00:00:00,2010-01-04 00:00:00,2269.15,2308.42,1.7306039706498018
NASDAQCOM,2010-01-11 00:00:00,2010-01-12 00:00:00,2312.41,2282.31,-1.3016722812995927
NASDAQCOM,2010-01-12 00:00:00,2010-01-13 00:00:00,2282.31,2307.9,1.1212324355587167
NASDAQCOM,2010-01-14 00:00:00,2010-01-15 00:00:00,2316.74,2287.99,-1.2409679118071084
NASDAQCOM,2010-01-15 00:00:00,2010-01-19 00:00:00,2287.99,2320.4,1.4165271701362467
NASDAQCOM,2010-01-19 00:00:00,2010-01-20 00:00:00,2320.4,2291.25,-1.2562489225995557
NASDAQCOM,2010-01-20 00:00:00,2010-01-21 00:00:00,2291.25,2265.7,-1.1151118385161018
NASDAQCOM,2010-01-21 00:00:00,2010-01-22 00:00:00,2265.7,2205.29,-2.666284150593629
NASDAQCOM,2010-01-27 00:00:00,2010-01-28 00:00:00,2221.41,2179.0,-1.9091477935185244
NASDAQCOM,2010-01-28 00:00:00,2010-01-29 00:00:00,2179.0,2147.35,-1.4525011473152865
NASDAQCOM,2010-01-29 00:00:00,2010-02-01 00:00:00,2147.35,2171.2,1.1106712925233386
NASDAQCOM,2010-02-03 00:00:00,2010-02-04 00:00:00,2190.91,2125.43,-2.9887124528164106
NASDAQCOM,2010-02-08 00:00:00,2010-02-09 00:00:00,2126.05,2150.87,1.1674231556172108
NASDAQCOM,2010-02-10 00:00:00,2010-02-11 00:00:00,2147.87,2177.41,1.3753160107455276
NASDAQCOM,2010-02-12 00:00:00,2010-02-16 00:00:00,2183.53,2214.19,1.4041483286238272
NASDAQCOM,2010-02-22 00:00:00,2010-02-23 00:00:00,2242.03,2213.44,-1.2751836505309984
NASDAQCOM,2010-02-23 00:00:00,2010-02-24 00:00:00,2213.44,2235.9,1.0147101344513534
NASDAQCOM,2010-02-26 00:00:00,2010-03-01 00:00:00,2238.26,2273.57,1.577564715448605
NASDAQCOM,2010-03-04 00:00:00,2010-03-05 00:00:00,2292.31,2326.35,1.4849649480218627
NASDAQCOM,2010-04-01 00:00:00,2010-04-05 00:00:00,2402.58,2429.53,1.1217108275270866
NASDAQCOM,2010-04-13 00:00:00,2010-04-14 00:00:00,2465.99,2504.86,1.5762432126651102
NASDAQCOM,2010-04-15 00:00:00,2010-04-16 00:00:00,2515.69,2481.26,-1.3686105998751767
NASDAQCOM,2010-04-26 00:00:00,2010-04-27 00:00:00,2522.95,2471.47,-2.040468499177551
NASDAQCOM,2010-04-28 00:00:00,2010-04-29 00:00:00,2471.73,2511.92,1.6259866571187005
NASDAQCOM,2010-04-29 00:00:00,2010-04-30 00:00:00,2511.92,2461.19,-2.0195706869645536
NASDAQCOM,2010-04-30 00:00:00,2010-05-03 00:00:00,2461.19,2498.74,1.5256847297445433
NASDAQCOM,2010-05-03 00:00:00,2010-05-04 00:00:00,2498.74,2424.25,-2.981102475647718
NASDAQCOM,2010-05-05 00:00:00,2010-05-06 00:00:00,2402.29,2319.64,-3.4404672208600995
NASDAQCOM,2010-05-06 00:00:00,2010-05-07 00:00:00,2319.64,2265.64,-2.327947440120019
NASDAQCOM,2010-05-07 00:00:00,2010-05-10 00:00:00,2265.64,2374.67,4.812326759767668
NASDAQCOM,2010-05-11 00:00:00,2010-05-12 00:00:00,2375.31,2425.02,2.0927794687851287
NASDAQCOM,2010-05-12 00:00:00,2010-05-13 00:00:00,2425.02,2394.36,-1.2643194695301423
NASDAQCOM,2010-05-13 00:00:00,2010-05-14 00:00:00,2394.36,2346.85,-1.9842463121669347
NASDAQCOM,2010-05-17 00:00:00,2010-05-18 00:00:00,2354.23,2317.26,-1.5703648326629003
NASDAQCOM,2010-05-19 00:00:00,2010-05-20 00:00:00,2298.37,2204.01,-4.105518258591944
NASDAQCOM,2010-05-20 00:00:00,2010-05-21 00:00:00,2204.01,2229.04,1.1356572792319337
NASDAQCOM,2010-05-26 00:00:00,2010-05-27 00:00:00,2195.88,2277.68,3.7251580232070842
NASDAQCOM,2010-05-28 00:00:00,2010-06-01 00:00:00,2257.04,2222.33,-1.5378548895899071
NASDAQCOM,2010-06-01 00:00:00,2010-06-02 00:00:00,2222.33,2281.07,2.6431718061674117
NASDAQCOM,2010-06-03 00:00:00,2010-06-04 00:00:00,2303.03,2219.17,-3.6412899528013147
NASDAQCOM,2010-06-04 00:00:00,2010-06-07 00:00:00,2219.17,2173.9,-2.039951873898799
NASDAQCOM,2010-06-09 00:00:00,2010-06-10 00:00:00,2158.85,2218.71,2.7727725409361526
NASDAQCOM,2010-06-10 00:00:00,2010-06-11 00:00:00,2218.71,2243.6,1.1218230413167953
NASDAQCOM,2010-06-14 00:00:00,2010-06-15 00:00:00,2243.96,2305.88,2.7594074760690956
NASDAQCOM,2010-06-21 00:00:00,2010-06-22 00:00:00,2289.09,2261.8,-1.192176803882764
NASDAQCOM,2010-06-23 00:00:00,2010-06-24 00:00:00,2254.23,2217.42,-1.6329300914281129
NASDAQCOM,2010-06-28 00:00:00,2010-06-29 00:00:00,2220.65,2135.18,-3.848873077702486
NASDAQCOM,2010-06-29 00:00:00,2010-06-30 00:00:00,2135.18,2109.24,-1.214885864423611
NASDAQCOM,2010-07-06 00:00:00,2010-07-07 00:00:00,2093.88,2159.47,3.1324622232410495
NASDAQCOM,2010-07-12 00:00:00,2010-07-13 00:00:00,2198.36,2242.03,1.9864808311650537
NASDAQCOM,2010-07-15 00:00:00,2010-07-16 00:00:00,2249.08,2179.05,-3.1137176089778817
NASDAQCOM,2010-07-19 00:00:00,2010-07-20 00:00:00,2198.23,2222.49,1.1036151813049484
NASDAQCOM,2010-07-20 00:00:00,2010-07-21 00:00:00,2222.49,2187.33,-1.5820093678711649
NASDAQCOM,2010-07-21 00:00:00,2010-07-22 00:00:00,2187.33,2245.89,2.677236630961032
NASDAQCOM,2010-07-22 00:00:00,2010-07-23 00:00:00,2245.89,2269.47,1.0499178499392192
NASDAQCOM,2010-07-23 00:00:00,2010-07-26 00:00:00,2269.47,2296.43,1.1879425592759558
NASDAQCOM,2010-07-27 00:00:00,2010-07-28 00:00:00,2288.25,2264.56,-1.0352889762919286
NASDAQCOM,2010-07-30 00:00:00,2010-08-02 00:00:00,2254.7,2295.36,1.803344125604307
NASDAQCOM,2010-08-09 00:00:00,2010-08-10 00:00:00,2305.69,2277.17,-1.2369399182023595
NASDAQCOM,2010-08-10 00:00:00,2010-08-11 00:00:00,2277.17,2208.63,-3.009876293820837
NASDAQCOM,2010-08-16 00:00:00,2010-08-17 00:00:00,2181.87,2209.44,1.2635949896190042
NASDAQCOM,2010-08-18 00:00:00,2010-08-19 00:00:00,2215.7,2178.95,-1.65861804395902
NASDAQCOM,2010-08-23 00:00:00,2010-08-24 00:00:00,2159.63,2123.76,-1.6609326597611576
NASDAQCOM,2010-08-25 00:00:00,2010-08-26 00:00:00,2141.54,2118.69,-1.0669891760135188
NASDAQCOM,2010-08-26 00:00:00,2010-08-27 00:00:00,2118.69,2153.63,1.6491322468128917
NASDAQCOM,2010-08-27 00:00:00,2010-08-30 00:00:00,2153.63,2119.97,-1.5629425667361758
NASDAQCOM,2010-08-31 00:00:00,2010-09-01 00:00:00,2114.03,2176.84,2.971102586056013
NASDAQCOM,2010-09-01 00:00:00,2010-09-02 00:00:00,2176.84,2200.01,1.0643869094650993
NASDAQCOM,2010-09-02 00:00:00,2010-09-03 00:00:00,2200.01,2233.75,1.53362939259366
NASDAQCOM,2010-09-03 00:00:00,2010-09-07 00:00:00,2233.75,2208.89,-1.1129266927812032
NASDAQCOM,2010-09-10 00:00:00,2010-09-13 00:00:00,2242.48,2285.71,1.9277763904248877
NASDAQCOM,2010-09-17 00:00:00,2010-09-20 00:00:00,2315.61,2355.83,1.736907337591382
NASDAQCOM,2010-09-23 00:00:00,2010-09-24 00:00:00,2327.08,2381.22,2.326520790002917
NASDAQCOM,2010-10-01 00:00:00,2010-10-04 00:00:00,2370.75,2344.52,-1.1064009279763796
NASDAQCOM,2010-10-04 00:00:00,2010-10-05 00:00:00,2344.52,2399.83,2.359118284339649
NASDAQCOM,2010-10-14 00:00:00,2010-10-15 00:00:00,2435.38,2468.77,1.371038605884908
NASDAQCOM,2010-10-18 00:00:00,2010-10-19 00:00:00,2480.66,2436.95,-1.7620310723759014
NASDAQCOM,2010-11-01 00:00:00,2010-11-02 00:00:00,2504.84,2533.52,1.1449833123073663
NASDAQCOM,2010-11-03 00:00:00,2010-11-04 00:00:00,2540.27,2577.34,1.4592936971266897
NASDAQCOM,2010-11-11 00:00:00,2010-11-12 00:00:00,2555.52,2518.21,-1.4599768344603035
NASDAQCOM,2010-11-15 00:00:00,2010-11-16 00:00:00,2513.82,2469.84,-1.7495286058667692
NASDAQCOM,2010-11-17 00:00:00,2010-11-18 00:00:00,2476.01,2514.4,1.550478390636543
NASDAQCOM,2010-11-22 00:00:00,2010-11-23 00:00:00,2532.02,2494.95,-1.464048467231703
NASDAQCOM,2010-11-23 00:00:00,2010-11-24 00:00:00,2494.95,2543.12,1.9307000140283403
NASDAQCOM,2010-11-29 00:00:00,2010-11-30 00:00:00,2525.22,2498.23,-1.0688177663728224
NASDAQCOM,2010-11-30 00:00:00,2010-12-01 00:00:00,2498.23,2549.43,2.0494510113160045
NASDAQCOM,2010-12-01 00:00:00,2010-12-02 00:00:00,2549.43,2579.35,1.1735956664823146
NASDAQCOM,2010-12-31 00:00:00,2011-01-03 00:00:00,2652.87,2691.52,1.4569127020924544
NASDAQCOM,2011-01-18 00:00:00,2011-01-19 00:00:00,2765.85,2725.36,-1.4639260986676712
NASDAQCOM,2011-01-21 00:00:00,2011-01-24 00:00:00,2689.54,2717.55,1.0414420309792833
NASDAQCOM,2011-01-27 00:00:00,2011-01-28 00:00:00,2755.28,2686.89,-2.482143375627897
NASDAQCOM,2011-01-31 00:00:00,2011-02-01 00:00:00,2700.08,2751.19,1.892906876833284
NASDAQCOM,2011-02-18 00:00:00,2011-02-22 00:00:00,2833.95,2756.42,-2.735757511600408
NASDAQCOM,2011-02-22 00:00:00,2011-02-23 00:00:00,2756.42,2722.99,-1.2128050152008871
NASDAQCOM,2011-02-24 00:00:00,2011-02-25 00:00:00,2737.9,2781.05,1.5760254209430618
NASDAQCOM,2011-02-28 00:00:00,2011-03-01 00:00:00,2782.27,2737.41,-1.6123525035312936
NASDAQCOM,2011-03-02 00:00:00,2011-03-03 00:00:00,2748.07,2798.74,1.8438394946271242
NASDAQCOM,2011-03-04 00:00:00,2011-03-07 00:00:00,2784.67,2745.63,-1.401961453242214
NASDAQCOM,2011-03-09 00:00:00,2011-03-10 00:00:00,2751.72,2701.02,-1.8424839736601042
NASDAQCOM,2011-03-14 00:00:00,2011-03-15 00:00:00,2700.97,2667.33,-1.24547847625112
NASDAQCOM,2011-03-15 00:00:00,2011-03-16 00:00:00,2667.33,2616.82,-1.8936539535790382
NASDAQCOM,2011-03-18 00:00:00,2011-03-21 00:00:00,2643.67,2692.09,1.8315447843339023
NASDAQCOM,2011-03-23 00:00:00,2011-03-24 00:00:00,2698.3,2736.42,1.4127413556683797
NASDAQCOM,2011-04-15 00:00:00,2011-04-18 00:00:00,2764.65,2735.38,-1.0587235273904465
NASDAQCOM,2011-04-19 00:00:00,2011-04-20 00:00:00,2744.97,2802.51,2.0961977726532686
NASDAQCOM,2011-05-09 00:00:00,2011-05-10 00:00:00,2843.25,2871.89,1.0072979864591531
NASDAQCOM,2011-05-12 00:00:00,2011-05-13 00:00:00,2863.04,2828.47,-1.20745780708618
NASDAQCOM,2011-05-13 00:00:00,2011-05-16 00:00:00,2828.47,2782.31,-1.6319777123321038
NASDAQCOM,2011-05-17 00:00:00,2011-05-18 00:00:00,2783.21,2815.0,1.1422063013570647
NASDAQCOM,2011-05-20 00:00:00,2011-05-23 00:00:00,2803.32,2758.9,-1.5845497481557607
NASDAQCOM,2011-05-27 00:00:00,2011-05-31 00:00:00,2796.86,2835.3,1.3743984325279082
NASDAQCOM,2011-05-31 00:00:00,2011-06-01 00:00:00,2835.3,2769.19,-2.3316756604239455
NASDAQCOM,2011-06-02 00:00:00,2011-06-03 00:00:00,2773.31,2732.78,-1.4614305649206092
NASDAQCOM,2011-06-03 00:00:00,2011-06-06 00:00:00,2732.78,2702.56,-1.1058336199767362
NASDAQCOM,2011-06-09 00:00:00,2011-06-10 00:00:00,2684.87,2643.73,-1.5322902039949746
NASDAQCOM,2011-06-13 00:00:00,2011-06-14 00:00:00,2639.69,2678.72,1.4785827123639421
NASDAQCOM,2011-06-14 00:00:00,2011-06-15 00:00:00,2678.72,2631.46,-1.7642754748536529
NASDAQCOM,2011-06-20 00:00:00,2011-06-21 00:00:00,2629.66,2687.26,2.19039723766572
NASDAQCOM,2011-06-23 00:00:00,2011-06-24 00:00:00,2686.75,2652.89,-1.2602586768400532
NASDAQCOM,2011-06-24 00:00:00,2011-06-27 00:00:00,2652.89,2688.28,1.3340168646268908
NASDAQCOM,2011-06-27 00:00:00,2011-06-28 00:00:00,2688.28,2729.31,1.526254705611013
NASDAQCOM,2011-06-29 00:00:00,2011-06-30 00:00:00,2740.49,2773.52,1.2052589135519634
NASDAQCOM,2011-06-30 00:00:00,2011-07-01 00:00:00,2773.52,2816.03,1.5327093368715647
NASDAQCOM,2011-07-06 00:00:00,2011-07-07 00:00:00,2834.02,2872.66,1.3634342735760465
NASDAQCOM,2011-07-08 00:00:00,2011-07-11 00:00:00,2859.81,2802.62,-1.9997832023805797
NASDAQCOM,2011-07-13 00:00:00,2011-07-14 00:00:00,2796.92,2762.67,-1.2245613031477482
NASDAQCOM,2011-07-18 00:00:00,2011-07-19 00:00:00,2765.11,2826.52,2.2208881382657415
NASDAQCOM,2011-07-26 00:00:00,2011-07-27 00:00:00,2839.96,2764.79,-2.6468682657502245
NASDAQCOM,2011-08-01 00:00:00,2011-08-02 00:00:00,2744.61,2669.24,-2.746109647636653
NASDAQCOM,2011-08-03 00:00:00,2011-08-04 00:00:00,2693.07,2556.39,-5.075248693869832
NASDAQCOM,2011-08-05 00:00:00,2011-08-08 00:00:00,2532.41,2357.69,-6.899356739232582
NASDAQCOM,2011-08-08 00:00:00,2011-08-09 00:00:00,2357.69,2482.52,5.294589195356469
NASDAQCOM,2011-08-09 00:00:00,2011-08-10 00:00:00,2482.52,2381.05,-4.08737895364387
NASDAQCOM,2011-08-10 00:00:00,2011-08-11 00:00:00,2381.05,2492.68,4.688267781020963
NASDAQCOM,2011-08-12 00:00:00,2011-08-15 00:00:00,2507.98,2555.2,1.882790133892607
NASDAQCOM,2011-08-15 00:00:00,2011-08-16 00:00:00,2555.2,2523.45,-1.2425641828428304
NASDAQCOM,2011-08-17 00:00:00,2011-08-18 00:00:00,2511.48,2380.43,-5.218038765986597
NASDAQCOM,2011-08-18 00:00:00,2011-08-19 00:00:00,2380.43,2341.84,-1.6211356771675578
NASDAQCOM,2011-08-22 00:00:00,2011-08-23 00:00:00,2345.38,2446.06,4.292694574013586
NASDAQCOM,2011-08-24 00:00:00,2011-08-25 00:00:00,2467.69,2419.63,-1.9475703998476286
NASDAQCOM,2011-08-25 00:00:00,2011-08-26 00:00:00,2419.63,2479.85,2.488810272644983
NASDAQCOM,2011-08-26 00:00:00,2011-08-29 00:00:00,2479.85,2562.11,3.317136117103866
NASDAQCOM,2011-08-31 00:00:00,2011-09-01 00:00:00,2579.46,2546.04,-1.2956200134911988
NASDAQCOM,2011-09-01 00:00:00,2011-09-02 00:00:00,2546.04,2480.33,-2.580870685456632
NASDAQCOM,2011-09-06 00:00:00,2011-09-07 00:00:00,2473.83,2548.94,3.0361827611436567
NASDAQCOM,2011-09-08 00:00:00,2011-09-09 00:00:00,2529.14,2467.99,-2.4178179143898757
NASDAQCOM,2011-09-09 00:00:00,2011-09-12 00:00:00,2467.99,2495.09,1.0980595545362974
NASDAQCOM,2011-09-12 00:00:00,2011-09-13 00:00:00,2495.09,2532.15,1.485317162907949
NASDAQCOM,2011-09-13 00:00:00,2011-09-14 00:00:00,2532.15,2572.55,1.5954821001915402
NASDAQCOM,2011-09-14 00:00:00,2011-09-15 00:00:00,2572.55,2607.07,1.341859244718275
NASDAQCOM,2011-09-20 00:00:00,2011-09-21 00:00:00,2590.24,2538.19,-2.0094663042806737
NASDAQCOM,2011-09-21 00:00:00,2011-09-22 00:00:00,2538.19,2455.67,-3.2511356517833567
NASDAQCOM,2011-09-22 00:00:00,2011-09-23 00:00:00,2455.67,2483.23,1.1223006348572873
NASDAQCOM,2011-09-23 00:00:00,2011-09-26 00:00:00,2483.23,2516.69,1.3474386182512308
NASDAQCOM,2011-09-26 00:00:00,2011-09-27 00:00:00,2516.69,2546.83,1.1976047904191565
NASDAQCOM,2011-09-27 00:00:00,2011-09-28 00:00:00,2546.83,2491.58,-2.1693634832320967
NASDAQCOM,2011-09-29 00:00:00,2011-09-30 00:00:00,2480.76,2415.4,-2.634676470114002
NASDAQCOM,2011-09-30 00:00:00,2011-10-03 00:00:00,2415.4,2335.83,-3.294278380392488
NASDAQCOM,2011-10-03 00:00:00,2011-10-04 00:00:00,2335.83,2404.82,2.953553982952537
NASDAQCOM,2011-10-04 00:00:00,2011-10-05 00:00:00,2404.82,2460.51,2.315765836944139
NASDAQCOM,2011-10-05 00:00:00,2011-10-06 00:00:00,2460.51,2506.82,1.882130127493891
NASDAQCOM,2011-10-06 00:00:00,2011-10-07 00:00:00,2506.82,2479.35,-1.0958106286051752
NASDAQCOM,2011-10-07 00:00:00,2011-10-10 00:00:00,2479.35,2566.05,3.4968842640208235
NASDAQCOM,2011-10-13 00:00:00,2011-10-14 00:00:00,2620.24,2667.85,1.817009128934759
NASDAQCOM,2011-10-14 00:00:00,2011-10-17 00:00:00,2667.85,2614.92,-1.9839946023951809
NASDAQCOM,2011-10-17 00:00:00,2011-10-18 00:00:00,2614.92,2657.43,1.6256711486393374
NASDAQCOM,2011-10-18 00:00:00,2011-10-19 00:00:00,2657.43,2604.04,-2.009083964582317
NASDAQCOM,2011-10-20 00:00:00,2011-10-21 00:00:00,2598.62,2637.46,1.4946394624839394
NASDAQCOM,2011-10-21 00:00:00,2011-10-24 00:00:00,2637.46,2699.44,2.349988246267243
NASDAQCOM,2011-10-24 00:00:00,2011-10-25 00:00:00,2699.44,2638.42,-2.26046883798121
NASDAQCOM,2011-10-26 00:00:00,2011-10-27 00:00:00,2650.67,2738.63,3.318406289730522
NASDAQCOM,2011-10-28 00:00:00,2011-10-31 00:00:00,2737.15,2684.41,-1.9268216940978842
NASDAQCOM,2011-10-31 00:00:00,2011-11-01 00:00:00,2684.41,2606.96,-2.8851777485555417
NASDAQCOM,2011-11-01 00:00:00,2011-11-02 00:00:00,2606.96,2639.98,1.2666093841102273
NASDAQCOM,2011-11-02 00:00:00,2011-11-03 00:00:00,2639.98,2697.97,2.1966075500571893
NASDAQCOM,2011-11-07 00:00:00,2011-11-08 00:00:00,2695.25,2727.49,1.1961784621092582
NASDAQCOM,2011-11-08 00:00:00,2011-11-09 00:00:00,2727.49,2621.65,-3.880490854228602
NASDAQCOM,2011-11-10 00:00:00,2011-11-11 00:00:00,2625.15,2678.75,2.041788088299713
NASDAQCOM,2011-11-14 00:00:00,2011-11-15 00:00:00,2657.22,2686.2,1.0906134983177915
NASDAQCOM,2011-11-15 00:00:00,2011-11-16 00:00:00,2686.2,2639.61,-1.734420370783996
NASDAQCOM,2011-11-16 00:00:00,2011-11-17 00:00:00,2639.61,2587.99,-1.955591924564627
NASDAQCOM,2011-11-18 00:00:00,2011-11-21 00:00:00,2572.5,2523.14,-1.9187560738581195
NASDAQCOM,2011-11-22 00:00:00,2011-11-23 00:00:00,2521.28,2460.08,-2.4273384947328447
NASDAQCOM,2011-11-25 00:00:00,2011-11-28 00:00:00,2441.51,2527.34,3.5154474075469655
NASDAQCOM,2011-11-29 00:00:00,2011-11-30 00:00:00,2515.51,2620.34,4.167345786739068
NASDAQCOM,2011-12-02 00:00:00,2011-12-05 00:00:00,2626.93,2655.76,1.097478806058798
NASDAQCOM,2011-12-07 00:00:00,2011-12-08 00:00:00,2649.21,2596.38,-1.994179396876802
NASDAQCOM,2011-12-08 00:00:00,2011-12-09 00:00:00,2596.38,2646.85,1.9438602977992356
NASDAQCOM,2011-12-09 00:00:00,2011-12-12 00:00:00,2646.85,2612.26,-1.3068364282071026
NASDAQCOM,2011-12-12 00:00:00,2011-12-13 00:00:00,2612.26,2579.27,-1.2628911364106266
NASDAQCOM,2011-12-13 00:00:00,2011-12-14 00:00:00,2579.27,2539.31,-1.5492755702194823
NASDAQCOM,2011-12-16 00:00:00,2011-12-19 00:00:00,2555.33,2523.14,-1.2597198796241602
NASDAQCOM,2011-12-19 00:00:00,2011-12-20 00:00:00,2523.14,2603.73,3.1940360027584735
NASDAQCOM,2011-12-27 00:00:00,2011-12-28 00:00:00,2625.2,2589.98,-1.341612067651981
NASDAQCOM,2011-12-30 00:00:00,2012-01-03 00:00:00,2605.15,2648.72,1.6724564804329773
NASDAQCOM,2012-01-17 00:00:00,2012-01-18 00:00:00,2728.08,2769.71,1.5259816427670783
NASDAQCOM,2012-01-24 00:00:00,2012-01-25 00:00:00,2786.64,2818.31,1.136494129130425
NASDAQCOM,2012-01-31 00:00:00,2012-02-01 00:00:00,2813.84,2848.27,1.2235948028317116
NASDAQCOM,2012-02-02 00:00:00,2012-02-03 00:00:00,2859.68,2905.66,1.6078722094779845
NASDAQCOM,2012-02-15 00:00:00,2012-02-16 00:00:00,2915.83,2959.85,1.509690208276888
NASDAQCOM,2012-03-05 00:00:00,2012-03-06 00:00:00,2950.48,2910.32,-1.3611344594777748
NASDAQCOM,2012-03-07 00:00:00,2012-03-08 00:00:00,2935.69,2970.42,1.1830268182267207
NASDAQCOM,2012-03-12 00:00:00,2012-03-13 00:00:00,2983.66,3039.88,1.8842629522130623
NASDAQCOM,2012-03-23 00:00:00,2012-03-26 00:00:00,3067.92,3122.57,1.7813371926256254
NASDAQCOM,2012-04-03 00:00:00,2012-04-04 00:00:00,3113.57,3068.09,-1.4607026660714233
NASDAQCOM,2012-04-05 00:00:00,2012-04-09 00:00:00,3080.5,3047.08,-1.08488881675053
NASDAQCOM,2012-04-09 00:00:00,2012-04-10 00:00:00,3047.08,2991.22,-1.8332305026451594
NASDAQCOM,2012-04-11 00:00:00,2012-04-12 00:00:00,3016.46,3055.55,1.2958898841688649
NASDAQCOM,2012-04-12 00:00:00,2012-04-13 00:00:00,3055.55,3011.33,-1.4472026312775197
NASDAQCOM,2012-04-16 00:00:00,2012-04-17 00:00:00,2988.4,3042.82,1.821041359925046
NASDAQCOM,2012-04-24 00:00:00,2012-04-25 00:00:00,2961.6,3029.63,2.2970691518098394
NASDAQCOM,2012-05-02 00:00:00,2012-05-03 00:00:00,3059.85,3024.3,-1.1618216579243992
NASDAQCOM,2012-05-03 00:00:00,2012-05-04 00:00:00,3024.3,2956.34,-2.247131567635487
NASDAQCOM,2012-05-11 00:00:00,2012-05-14 00:00:00,2933.82,2902.58,-1.0648233361283321
NASDAQCOM,2012-05-16 00:00:00,2012-05-17 00:00:00,2874.04,2813.69,-2.0998315959415983
NASDAQCOM,2012-05-17 00:00:00,2012-05-18 00:00:00,2813.69,2778.79,-1.2403640770660624
NASDAQCOM,2012-05-18 00:00:00,2012-05-21 00:00:00,2778.79,2847.21,2.4622227660240634
NASDAQCOM,2012-05-25 00:00:00,2012-05-29 00:00:00,2837.53,2870.99,1.1791945812026507
NASDAQCOM,2012-05-29 00:00:00,2012-05-30 00:00:00,2870.99,2837.36,-1.1713729410412317
NASDAQCOM,2012-05-31 00:00:00,2012-06-01 00:00:00,2827.34,2747.48,-2.824563016828543
NASDAQCOM,2012-06-05 00:00:00,2012-06-06 00:00:00,2778.11,2844.72,2.3976732382806896
NASDAQCOM,2012-06-08 00:00:00,2012-06-11 00:00:00,2858.42,2809.73,-1.7033885853023716
NASDAQCOM,2012-06-11 00:00:00,2012-06-12 00:00:00,2809.73,2843.07,1.186590882397958
NASDAQCOM,2012-06-14 00:00:00,2012-06-15 00:00:00,2836.33,2872.8,1.2858165305165568
NASDAQCOM,2012-06-18 00:00:00,2012-06-19 00:00:00,2895.33,2929.76,1.1891563310572644
NASDAQCOM,2012-06-20 00:00:00,2012-06-21 00:00:00,2930.45,2859.09,-2.43512088587076
NASDAQCOM,2012-06-21 00:00:00,2012-06-22 00:00:00,2859.09,2892.42,1.1657555376011222
NASDAQCOM,2012-06-22 00:00:00,2012-06-25 00:00:00,2892.42,2836.17,-1.9447383160121974
NASDAQCOM,2012-06-28 00:00:00,2012-06-29 00:00:00,2849.49,2935.06,3.0029935181383394
NASDAQCOM,2012-07-05 00:00:00,2012-07-06 00:00:00,2976.12,2937.33,-1.3033748639167764
NASDAQCOM,2012-07-09 00:00:00,2012-07-10 00:00:00,2931.77,2902.34,-1.0038304505469335
NASDAQCOM,2012-07-12 00:00:00,2012-07-13 00:00:00,2866.19,2908.47,1.4751290040087972
NASDAQCOM,2012-07-17 00:00:00,2012-07-18 00:00:00,2910.04,2942.61,1.1192286016687112
NASDAQCOM,2012-07-19 00:00:00,2012-07-20 00:00:00,2965.9,2925.3,-1.3688930847297585
NASDAQCOM,2012-07-20 00:00:00,2012-07-23 00:00:00,2925.3,2890.16,-1.2012443168222173
NASDAQCOM,2012-07-25 00:00:00,2012-07-26 00:00:00,2854.25,2893.25,1.3663834632565472
NASDAQCOM,2012-07-26 00:00:00,2012-07-27 00:00:00,2893.25,2958.09,2.2410783720729333
NASDAQCOM,2012-08-02 00:00:00,2012-08-03 00:00:00,2909.77,2967.9,1.9977523996742046
NASDAQCOM,2012-08-15 00:00:00,2012-08-16 00:00:00,3030.93,3062.39,1.0379652449908126
NASDAQCOM,2012-08-29 00:00:00,2012-08-30 00:00:00,3081.19,3048.71,-1.0541381738873623
NASDAQCOM,2012-09-05 00:00:00,2012-09-06 00:00:00,3069.27,3135.81,2.167942214272448
NASDAQCOM,2012-09-07 00:00:00,2012-09-10 00:00:00,3136.42,3104.02,-1.033024913755176
NASDAQCOM,2012-09-12 00:00:00,2012-09-13 00:00:00,3114.31,3155.83,1.3332006126557723
NASDAQCOM,2012-09-24 00:00:00,2012-09-25 00:00:00,3160.78,3117.73,-1.3620055809009224
NASDAQCOM,2012-09-26 00:00:00,2012-09-27 00:00:00,3093.7,3136.6,1.3866890778032805
NASDAQCOM,2012-10-08 00:00:00,2012-10-09 00:00:00,3112.35,3065.02,-1.520715857792341
NASDAQCOM,2012-10-15 00:00:00,2012-10-16 00:00:00,3064.18,3101.17,1.2071745132466185
NASDAQCOM,2012-10-17 00:00:00,2012-10-18 00:00:00,3104.12,3072.87,-1.0067265440769044
NASDAQCOM,2012-10-18 00:00:00,2012-10-19 00:00:00,3072.87,3005.62,-2.1885078119152452
NASDAQCOM,2012-10-31 00:00:00,2012-11-01 00:00:00,2977.23,3020.06,1.4385855308457838
NASDAQCOM,2012-11-01 00:00:00,2012-11-02 00:00:00,3020.06,2982.13,-1.255935312543454
NASDAQCOM,2012-11-06 00:00:00,2012-11-07 00:00:00,3011.93,2937.29,-2.4781452424193087
NASDAQCOM,2012-11-07 00:00:00,2012-11-08 00:00:00,2937.29,2895.58,-1.4200164096837573
NASDAQCOM,2012-11-13 00:00:00,2012-11-14 00:00:00,2883.89,2846.81,-1.2857633266178643
NASDAQCOM,2012-11-16 00:00:00,2012-11-19 00:00:00,2853.13,2916.07,2.205998324646968
NASDAQCOM,2012-11-21 00:00:00,2012-11-23 00:00:00,2926.55,2966.85,1.3770480600023827
NASDAQCOM,2012-12-10 00:00:00,2012-12-11 00:00:00,2986.96,3022.3,1.1831427270535977
NASDAQCOM,2012-12-14 00:00:00,2012-12-17 00:00:00,2971.33,3010.6,1.321630381007831
NASDAQCOM,2012-12-17 00:00:00,2012-12-18 00:00:00,3010.6,3054.53,1.4591775725769047
NASDAQCOM,2012-12-28 00:00:00,2012-12-31 00:00:00,2960.31,3019.51,1.9997905624748853
NASDAQCOM,2012-12-31 00:00:00,2013-01-02 00:00:00,3019.51,3112.26,3.0716904398395766
NASDAQCOM,2013-01-31 00:00:00,2013-02-01 00:00:00,3142.13,3179.1,1.1765904020521047
NASDAQCOM,2013-02-01 00:00:00,2013-02-04 00:00:00,3179.1,3131.17,-1.5076594004592443
NASDAQCOM,2013-02-04 00:00:00,2013-02-05 00:00:00,3131.17,3171.58,1.2905718948508018
NASDAQCOM,2013-02-19 00:00:00,2013-02-20 00:00:00,3213.59,3164.41,-1.530375685759549
NASDAQCOM,2013-02-20 00:00:00,2013-02-21 00:00:00,3164.41,3131.49,-1.0403203124753135
NASDAQCOM,2013-02-22 00:00:00,2013-02-25 00:00:00,3161.82,3116.25,-1.4412585156650335
NASDAQCOM,2013-02-26 00:00:00,2013-02-27 00:00:00,3129.65,3162.26,1.0419695493106298
NASDAQCOM,2013-03-04 00:00:00,2013-03-05 00:00:00,3182.03,3224.13,1.323054779496105
NASDAQCOM,2013-04-02 00:00:00,2013-04-03 00:00:00,3254.86,3218.6,-1.1140264097380599
NASDAQCOM,2013-04-09 00:00:00,2013-04-10 00:00:00,3237.86,3297.25,1.8342361930410789
NASDAQCOM,2013-04-12 00:00:00,2013-04-15 00:00:00,3294.95,3216.49,-2.3812197453679125
NASDAQCOM,2013-04-15 00:00:00,2013-04-16 00:00:00,3216.49,3264.63,1.4966625109980236
NASDAQCOM,2013-04-16 00:00:00,2013-04-17 00:00:00,3264.63,3204.67,-1.8366553024385623
NASDAQCOM,2013-04-17 00:00:00,2013-04-18 00:00:00,3204.67,3166.36,-1.1954429005170564
NASDAQCOM,2013-04-18 00:00:00,2013-04-19 00:00:00,3166.36,3206.06,1.2538056317032749
NASDAQCOM,2013-04-22 00:00:00,2013-04-23 00:00:00,3233.55,3269.33,1.1065237896429543
NASDAQCOM,2013-05-01 00:00:00,2013-05-02 00:00:00,3299.13,3340.62,1.257604277491332
NASDAQCOM,2013-05-02 00:00:00,2013-05-03 00:00:00,3340.62,3378.63,1.137812741347421
NASDAQCOM,2013-05-21 00:00:00,2013-05-22 00:00:00,3502.12,3463.3,-1.1084714401562399
NASDAQCOM,2013-05-30 00:00:00,2013-05-31 00:00:00,3491.3,3455.91,-1.0136625325809965
NASDAQCOM,2013-06-04 00:00:00,2013-06-05 00:00:00,3445.26,3401.48,-1.2707313816664112
NASDAQCOM,2013-06-06 00:00:00,2013-06-07 00:00:00,3424.05,3469.22,1.3191980257297533
NASDAQCOM,2013-06-10 00:00:00,2013-06-11 00:00:00,3473.77,3436.95,-1.0599435195767182
NASDAQCOM,2013-06-11 00:00:00,2013-06-12 00:00:00,3436.95,3400.43,-1.0625700112017917
NASDAQCOM,2013-06-12 00:00:00,2013-06-13 00:00:00,3400.43,3445.37,1.3215975626611947
NASDAQCOM,2013-06-18 00:00:00,2013-06-19 00:00:00,3482.18,3443.2,-1.119413700612835
NASDAQCOM,2013-06-19 00:00:00,2013-06-20 00:00:00,3443.2,3364.63,-2.281888940520438
NASDAQCOM,2013-06-21 00:00:00,2013-06-24 00:00:00,3357.25,3320.76,-1.0869014818675935
NASDAQCOM,2013-07-03 00:00:00,2013-07-05 00:00:00,3443.67,3479.38,1.0369750876245412
NASDAQCOM,2013-07-10 00:00:00,2013-07-11 00:00:00,3520.76,3578.3,1.6343062293368467
NASDAQCOM,2013-07-31 00:00:00,2013-08-01 00:00:00,3626.37,3675.74,1.3614165129316613
NASDAQCOM,2013-08-14 00:00:00,2013-08-15 00:00:00,3669.27,3606.12,-1.7210507812180649
NASDAQCOM,2013-08-21 00:00:00,2013-08-22 00:00:00,3599.79,3638.71,1.0811741796049235
NASDAQCOM,2013-08-26 00:00:00,2013-08-27 00:00:00,3657.57,3578.52,-2.1612710078002655
NASDAQCOM,2013-09-03 00:00:00,2013-09-04 00:00:00,3612.61,3649.04,1.0084122005973475
NASDAQCOM,2013-09-06 00:00:00,2013-09-09 00:00:00,3660.01,3706.18,1.261471963191347
NASDAQCOM,2013-09-17 00:00:00,2013-09-18 00:00:00,3745.7,3783.64,1.012894786021306
NASDAQCOM,2013-09-30 00:00:00,2013-10-01 00:00:00,3771.48,3817.98,1.232937732667282
NASDAQCOM,2013-10-02 00:00:00,2013-10-03 00:00:00,3815.02,3774.34,-1.0663115789694375
NASDAQCOM,2013-10-07 00:00:00,2013-10-08 00:00:00,3770.38,3694.83,-2.003776807642736
NASDAQCOM,2013-10-09 00:00:00,2013-10-10 00:00:00,3677.78,3760.75,2.2559805099815597
NASDAQCOM,2013-10-15 00:00:00,2013-10-16 00:00:00,3794.01,3839.43,1.1971502447278637
NASDAQCOM,2013-10-17 00:00:00,2013-10-18 00:00:00,3863.15,3914.28,1.3235313151184942
NASDAQCOM,2013-11-06 00:00:00,2013-11-07 00:00:00,3931.95,3857.33,-1.8977860857844044
NASDAQCOM,2013-11-07 00:00:00,2013-11-08 00:00:00,3857.33,3919.23,1.6047369553551314
NASDAQCOM,2013-11-12 00:00:00,2013-11-13 00:00:00,3919.92,3965.58,1.1648196901977554
NASDAQCOM,2013-11-20 00:00:00,2013-11-21 00:00:00,3921.27,3969.15,1.2210329816615562
NASDAQCOM,2013-12-10 00:00:00,2013-12-11 00:00:00,4060.49,4003.81,-1.3958906437400374
NASDAQCOM,2013-12-17 00:00:00,2013-12-18 00:00:00,4023.68,4070.06,1.1526761571496766
NASDAQCOM,2013-12-19 00:00:00,2013-12-20 00:00:00,4058.13,4104.74,1.148558572544489
NASDAQCOM,2013-12-20 00:00:00,2013-12-23 00:00:00,4104.74,4148.9,1.0758294069782703
NASDAQCOM,2014-01-10 00:00:00,2014-01-13 00:00:00,4174.66,4113.3,-1.469820296742721
NASDAQCOM,2014-01-13 00:00:00,2014-01-14 00:00:00,4113.3,4183.02,1.6949894245496377
NASDAQCOM,2014-01-23 00:00:00,2014-01-24 00:00:00,4218.87,4128.17,-2.1498647742167885
NASDAQCOM,2014-01-24 00:00:00,2014-01-27 00:00:00,4128.17,4083.61,-1.0794129117744653
NASDAQCOM,2014-01-28 00:00:00,2014-01-29 00:00:00,4097.96,4051.43,-1.1354430009077736
NASDAQCOM,2014-01-29 00:00:00,2014-01-30 00:00:00,4051.43,4123.13,1.7697454972688722
NASDAQCOM,2014-01-31 00:00:00,2014-02-03 00:00:00,4103.88,3996.96,-2.6053393374075284
NASDAQCOM,2014-02-05 00:00:00,2014-02-06 00:00:00,4011.55,4057.12,1.1359698869514205
NASDAQCOM,2014-02-06 00:00:00,2014-02-07 00:00:00,4057.12,4125.86,1.6943053200299665
NASDAQCOM,2014-02-10 00:00:00,2014-02-11 00:00:00,4148.17,4191.04,1.033467770125137
NASDAQCOM,2014-03-03 00:00:00,2014-03-04 00:00:00,4277.3,4351.97,1.745727444883456
NASDAQCOM,2014-03-12 00:00:00,2014-03-13 00:00:00,4323.33,4260.42,-1.4551283385723472
NASDAQCOM,2014-03-17 00:00:00,2014-03-18 00:00:00,4279.95,4333.31,1.2467435367235735
NASDAQCOM,2014-03-21 00:00:00,2014-03-24 00:00:00,4276.79,4226.39,-1.1784539339083668
NASDAQCOM,2014-03-25 00:00:00,2014-03-26 00:00:00,4234.27,4173.58,-1.4333049144244583
NASDAQCOM,2014-03-28 00:00:00,2014-03-31 00:00:00,4155.76,4198.99,1.0402429399195228
NASDAQCOM,2014-03-31 00:00:00,2014-04-01 00:00:00,4198.99,4268.04,1.64444306845218
NASDAQCOM,2014-04-03 00:00:00,2014-04-04 00:00:00,4237.74,4127.73,-2.5959591669144455
NASDAQCOM,2014-04-04 00:00:00,2014-04-07 00:00:00,4127.73,4079.75,-1.1623822294578272
NASDAQCOM,2014-04-08 00:00:00,2014-04-09 00:00:00,4112.99,4183.9,1.7240499004373915
NASDAQCOM,2014-04-09 00:00:00,2014-04-10 00:00:00,4183.9,4054.11,-3.102129592007446
NASDAQCOM,2014-04-10 00:00:00,2014-04-11 00:00:00,4054.11,3999.73,-1.3413548226367837
NASDAQCOM,2014-04-15 00:00:00,2014-04-16 00:00:00,4034.16,4086.23,1.2907271897991197
NASDAQCOM,2014-04-24 00:00:00,2014-04-25 00:00:00,4148.34,4075.56,-1.7544367144448187
NASDAQCOM,2014-05-05 00:00:00,2014-05-06 00:00:00,4138.06,4080.76,-1.384706843303388
NASDAQCOM,2014-05-09 00:00:00,2014-05-12 00:00:00,4071.87,4143.86,1.7679837519370654
NASDAQCOM,2014-05-23 00:00:00,2014-05-27 00:00:00,4185.81,4237.07,1.2246136351148118
NASDAQCOM,2014-06-04 00:00:00,2014-06-05 00:00:00,4251.64,4296.23,1.0487717680706559
NASDAQCOM,2014-06-30 00:00:00,2014-07-01 00:00:00,4408.18,4458.65,1.144916949852305
NASDAQCOM,2014-07-07 00:00:00,2014-07-08 00:00:00,4451.53,4391.46,-1.3494236812960871
NASDAQCOM,2014-07-16 00:00:00,2014-07-17 00:00:00,4425.97,4363.45,-1.4125717074449313
NASDAQCOM,2014-07-17 00:00:00,2014-07-18 00:00:00,4363.45,4432.15,1.5744422418040729
NASDAQCOM,2014-07-30 00:00:00,2014-07-31 00:00:00,4462.9,4369.77,-2.0867597302202423
NASDAQCOM,2014-08-12 00:00:00,2014-08-13 00:00:00,4389.25,4434.13,1.0224981488864864
NASDAQCOM,2014-09-12 00:00:00,2014-09-15 00:00:00,4567.6,4518.9,-1.0662054470619302
NASDAQCOM,2014-09-19 00:00:00,2014-09-22 00:00:00,4579.79,4527.69,-1.137606746160858
NASDAQCOM,2014-09-23 00:00:00,2014-09-24 00:00:00,4508.69,4555.22,1.0320070796617347
NASDAQCOM,2014-09-24 00:00:00,2014-09-25 00:00:00,4555.22,4466.75,-1.9421674474558912
NASDAQCOM,2014-09-25 00:00:00,2014-09-26 00:00:00,4466.75,4512.19,1.0172944534616801
NASDAQCOM,2014-09-30 00:00:00,2014-10-01 00:00:00,4493.39,4422.09,-1.586775240965066
NASDAQCOM,2014-10-02 00:00:00,2014-10-03 00:00:00,4430.19,4475.62,1.0254639191547157
NASDAQCOM,2014-10-06 00:00:00,2014-10-07 00:00:00,4454.8,4385.2,-1.5623597018945936
NASDAQCOM,2014-10-07 00:00:00,2014-10-08 00:00:00,4385.2,4468.59,1.9016236431633753
NASDAQCOM,2014-10-08 00:00:00,2014-10-09 00:00:00,4468.59,4378.34,-2.019652731622279
NASDAQCOM,2014-10-09 00:00:00,2014-10-10 00:00:00,4378.34,4276.24,-2.3319340206562384
NASDAQCOM,2014-10-10 00:00:00,2014-10-13 00:00:00,4276.24,4213.66,-1.463435167343272
NASDAQCOM,2014-10-17 00:00:00,2014-10-20 00:00:00,4258.44,4316.07,1.3533124806267112
NASDAQCOM,2014-10-20 00:00:00,2014-10-21 00:00:00,4316.07,4419.48,2.3959296304276774
NASDAQCOM,2014-10-22 00:00:00,2014-10-23 00:00:00,4382.85,4452.79,1.5957653125249458
NASDAQCOM,2014-10-27 00:00:00,2014-10-28 00:00:00,4485.93,4564.29,1.7467949789675645
NASDAQCOM,2014-10-30 00:00:00,2014-10-31 00:00:00,4566.14,4630.74,1.4147617024445034
NASDAQCOM,2014-11-28 00:00:00,2014-12-01 00:00:00,4791.63,4727.35,-1.3415059176104946
NASDAQCOM,2014-12-09 00:00:00,2014-12-10 00:00:00,4766.47,4684.03,-1.72958184988053
NASDAQCOM,2014-12-11 00:00:00,2014-12-12 00:00:00,4708.16,4653.6,-1.1588391218650065
NASDAQCOM,2014-12-12 00:00:00,2014-12-15 00:00:00,4653.6,4605.16,-1.0409145607701673
NASDAQCOM,2014-12-15 00:00:00,2014-12-16 00:00:00,4605.16,4547.83,-1.2449078859366434
NASDAQCOM,2014-12-16 00:00:00,2014-12-17 00:00:00,4547.83,4644.31,2.121451329535195
NASDAQCOM,2014-12-17 00:00:00,2014-12-18 00:00:00,4644.31,4748.4,2.241237126720637
NASDAQCOM,2015-01-02 00:00:00,2015-01-05 00:00:00,4726.81,4652.57,-1.5706152775339117
NASDAQCOM,2015-01-05 00:00:00,2015-01-06 00:00:00,4652.57,4592.74,-1.2859559340321571
NASDAQCOM,2015-01-06 00:00:00,2015-01-07 00:00:00,4592.74,4650.47,1.2569838484216496
NASDAQCOM,2015-01-07 00:00:00,2015-01-08 00:00:00,4650.47,4736.19,1.8432545527656201
NASDAQCOM,2015-01-14 00:00:00,2015-01-15 00:00:00,4639.32,4570.82,-1.4765094884595158
NASDAQCOM,2015-01-15 00:00:00,2015-01-16 00:00:00,4570.82,4634.38,1.3905601183157597
NASDAQCOM,2015-01-21 00:00:00,2015-01-22 00:00:00,4667.42,4750.4,1.7778558604110954
NASDAQCOM,2015-01-26 00:00:00,2015-01-27 00:00:00,4771.76,4681.5,-1.8915452579341838
NASDAQCOM,2015-01-29 00:00:00,2015-01-30 00:00:00,4683.41,4635.24,-1.0285240882177744
NASDAQCOM,2015-02-02 00:00:00,2015-02-03 00:00:00,4676.69,4727.74,1.0915840049265653
NASDAQCOM,2015-02-04 00:00:00,2015-02-05 00:00:00,4716.7,4765.1,1.0261411580130293
NASDAQCOM,2015-02-09 00:00:00,2015-02-10 00:00:00,4726.01,4787.64,1.3040598729160562
NASDAQCOM,2015-02-11 00:00:00,2015-02-12 00:00:00,4801.18,4857.61,1.1753360632177794
NASDAQCOM,2015-03-05 00:00:00,2015-03-06 00:00:00,4982.81,4927.37,-1.1126252054563692
NASDAQCOM,2015-03-09 00:00:00,2015-03-10 00:00:00,4942.44,4859.79,-1.6722509529705905
NASDAQCOM,2015-03-13 00:00:00,2015-03-16 00:00:00,4871.76,4929.51,1.1854032218335877
NASDAQCOM,2015-03-24 00:00:00,2015-03-25 00:00:00,4994.73,4876.52,-2.3666944959987655
NASDAQCOM,2015-03-27 00:00:00,2015-03-30 00:00:00,4891.22,4947.44,1.1494064875429717
NASDAQCOM,2015-04-16 00:00:00,2015-04-17 00:00:00,5007.79,4931.81,-1.5172361460843917
NASDAQCOM,2015-04-17 00:00:00,2015-04-20 00:00:00,4931.81,4994.6,1.2731634024830634
NASDAQCOM,2015-04-29 00:00:00,2015-04-30 00:00:00,5023.64,4941.42,-1.6366618627130975
NASDAQCOM,2015-04-30 00:00:00,2015-05-01 00:00:00,4941.42,5005.39,1.2945671487143424
NASDAQCOM,2015-05-04 00:00:00,2015-05-05 00:00:00,5016.93,4939.33,-1.5467626616277357
NASDAQCOM,2015-05-07 00:00:00,2015-05-08 00:00:00,4945.54,5003.55,1.1729760551931683
NASDAQCOM,2015-05-13 00:00:00,2015-05-14 00:00:00,4981.69,5050.8,1.3872802201662606
NASDAQCOM,2015-05-22 00:00:00,2015-05-26 00:00:00,5089.36,5032.75,-1.1123206061272868
NASDAQCOM,2015-05-26 00:00:00,2015-05-27 00:00:00,5032.75,5106.59,1.4671899061149498
NASDAQCOM,2015-06-09 00:00:00,2015-06-10 00:00:00,5013.87,5076.69,1.2529243877483802
NASDAQCOM,2015-06-17 00:00:00,2015-06-18 00:00:00,5064.88,5132.95,1.343960765111902
NASDAQCOM,2015-06-26 00:00:00,2015-06-29 00:00:00,5080.51,4958.47,-2.4021210469027707
NASDAQCOM,2015-07-07 00:00:00,2015-07-08 00:00:00,4997.46,4909.76,-1.7548914848743127
NASDAQCOM,2015-07-09 00:00:00,2015-07-10 00:00:00,4922.4,4997.7,1.5297415894685558
NASDAQCOM,2015-07-10 00:00:00,2015-07-13 00:00:00,4997.7,5071.51,1.4768793645076816
NASDAQCOM,2015-07-15 00:00:00,2015-07-16 00:00:00,5098.94,5163.18,1.259869698407918
NASDAQCOM,2015-07-23 00:00:00,2015-07-24 00:00:00,5146.41,5088.63,-1.1227243845709873
NASDAQCOM,2015-08-05 00:00:00,2015-08-06 00:00:00,5139.94,5056.44,-1.624532582092398
NASDAQCOM,2015-08-07 00:00:00,2015-08-10 00:00:00,5043.54,5101.8,1.1551410318942692
NASDAQCOM,2015-08-10 00:00:00,2015-08-11 00:00:00,5101.8,5036.79,-1.274256144890043
NASDAQCOM,2015-08-19 00:00:00,2015-08-20 00:00:00,5019.05,4877.49,-2.8204540699933336
NASDAQCOM,2015-08-20 00:00:00,2015-08-21 00:00:00,4877.49,4706.04,-3.515127657873206
NASDAQCOM,2015-08-21 00:00:00,2015-08-24 00:00:00,4706.04,4526.25,-3.8204095162812033
NASDAQCOM,2015-08-25 00:00:00,2015-08-26 00:00:00,4506.49,4697.54,4.239441339046579
NASDAQCOM,2015-08-26 00:00:00,2015-08-27 00:00:00,4697.54,4812.71,2.4517087667161976
NASDAQCOM,2015-08-28 00:00:00,2015-08-31 00:00:00,4828.32,4776.51,-1.0730440401630277
NASDAQCOM,2015-08-31 00:00:00,2015-09-01 00:00:00,4776.51,4636.1,-2.939593971330529
NASDAQCOM,2015-09-01 00:00:00,2015-09-02 00:00:00,4636.1,4749.98,2.4563749703414333
NASDAQCOM,2015-09-03 00:00:00,2015-09-04 00:00:00,4733.5,4683.92,-1.0474279074680455
NASDAQCOM,2015-09-04 00:00:00,2015-09-08 00:00:00,4683.92,4811.93,2.732967258193996
NASDAQCOM,2015-09-08 00:00:00,2015-09-09 00:00:00,4811.93,4756.53,-1.1513051935502083
NASDAQCOM,2015-09-14 00:00:00,2015-09-15 00:00:00,4805.76,4860.52,1.1394659741643407
NASDAQCOM,2015-09-17 00:00:00,2015-09-18 00:00:00,4893.95,4827.23,-1.3633159308942726
NASDAQCOM,2015-09-21 00:00:00,2015-09-22 00:00:00,4828.95,4756.72,-1.495770302032524
NASDAQCOM,2015-09-24 00:00:00,2015-09-25 00:00:00,4734.48,4686.5,-1.013416468123206
NASDAQCOM,2015-09-25 00:00:00,2015-09-28 00:00:00,4686.5,4543.97,-3.041288808279094
NASDAQCOM,2015-09-29 00:00:00,2015-09-30 00:00:00,4517.32,4620.16,2.2765710642593433
NASDAQCOM,2015-10-01 00:00:00,2015-10-02 00:00:00,4627.08,4707.78,1.7440805000129633
NASDAQCOM,2015-10-02 00:00:00,2015-10-05 00:00:00,4707.78,4781.26,1.5608205990934256
NASDAQCOM,2015-10-14 00:00:00,2015-10-15 00:00:00,4782.85,4870.1,1.8242261413174155
NASDAQCOM,2015-10-21 00:00:00,2015-10-22 00:00:00,4840.12,4920.05,1.6514053370577648
NASDAQCOM,2015-10-22 00:00:00,2015-10-23 00:00:00,4920.05,5031.86,2.272537880712584
NASDAQCOM,2015-10-27 00:00:00,2015-10-28 00:00:00,5030.15,5095.69,1.3029432521892979
NASDAQCOM,2015-10-30 00:00:00,2015-11-02 00:00:00,5053.75,5127.15,1.4523868414543584
NASDAQCOM,2015-11-06 00:00:00,2015-11-09 00:00:00,5147.12,5095.3,-1.0067766051694873
NASDAQCOM,2015-11-11 00:00:00,2015-11-12 00:00:00,5067.02,5005.08,-1.222414752655417
NASDAQCOM,2015-11-12 00:00:00,2015-11-13 00:00:00,5005.08,4927.88,-1.5424328881856
NASDAQCOM,2015-11-13 00:00:00,2015-11-16 00:00:00,4927.88,4984.62,1.1514079076600847
NASDAQCOM,2015-11-17 00:00:00,2015-11-18 00:00:00,4986.01,5075.2,1.7888050766043309
NASDAQCOM,2015-12-02 00:00:00,2015-12-03 00:00:00,5123.22,5037.53,-1.6725809159083642
NASDAQCOM,2015-12-03 00:00:00,2015-12-04 00:00:00,5037.53,5142.27,2.07919357304077
NASDAQCOM,2015-12-08 00:00:00,2015-12-09 00:00:00,5098.24,5022.87,-1.4783533140848586
NASDAQCOM,2015-12-10 00:00:00,2015-12-11 00:00:00,5045.17,4933.47,-2.213998735424174
NASDAQCOM,2015-12-15 00:00:00,2015-12-16 00:00:00,4995.36,5071.13,1.516807597450443
NASDAQCOM,2015-12-16 00:00:00,2015-12-17 00:00:00,5071.13,5002.55,-1.3523613080319363
NASDAQCOM,2015-12-17 00:00:00,2015-12-18 00:00:00,5002.55,4923.08,-1.5885898191922172
NASDAQCOM,2015-12-28 00:00:00,2015-12-29 00:00:00,5040.99,5107.94,1.3281121367033026
NASDAQCOM,2015-12-30 00:00:00,2015-12-31 00:00:00,5065.85,5007.41,-1.153606995864475
NASDAQCOM,2015-12-31 00:00:00,2016-01-04 00:00:00,5007.41,4903.09,-2.0833125308293052
NASDAQCOM,2016-01-05 00:00:00,2016-01-06 00:00:00,4891.43,4835.76,-1.1381129853641996
NASDAQCOM,2016-01-06 00:00:00,2016-01-07 00:00:00,4835.76,4689.43,-3.025997981702978
NASDAQCOM,2016-01-11 00:00:00,2016-01-12 00:00:00,4637.99,4685.92,1.0334218055666418
NASDAQCOM,2016-01-12 00:00:00,2016-01-13 00:00:00,4685.92,4526.06,-3.41149656844333
NASDAQCOM,2016-01-13 00:00:00,2016-01-14 00:00:00,4526.06,4615.0,1.965064537368033
NASDAQCOM,2016-01-14 00:00:00,2016-01-15 00:00:00,4615.0,4488.42,-2.7427952329360763
NASDAQCOM,2016-01-21 00:00:00,2016-01-22 00:00:00,4472.06,4591.18,2.6636494143638476
NASDAQCOM,2016-01-22 00:00:00,2016-01-25 00:00:00,4591.18,4518.49,-1.5832531070443874
NASDAQCOM,2016-01-25 00:00:00,2016-01-26 00:00:00,4518.49,4567.67,1.0884167055808531
NASDAQCOM,2016-01-26 00:00:00,2016-01-27 00:00:00,4567.67,4468.17,-2.178353515030639
NASDAQCOM,2016-01-28 00:00:00,2016-01-29 00:00:00,4506.68,4613.95,2.380244437146625
NASDAQCOM,2016-02-01 00:00:00,2016-02-02 00:00:00,4620.37,4516.95,-2.238348876821555
NASDAQCOM,2016-02-04 00:00:00,2016-02-05 00:00:00,4509.56,4363.14,-3.2468799616814072
NASDAQCOM,2016-02-05 00:00:00,2016-02-08 00:00:00,4363.14,4283.75,-1.8195611417465476
NASDAQCOM,2016-02-11 00:00:00,2016-02-12 00:00:00,4266.84,4337.51,1.656260839403401
NASDAQCOM,2016-02-12 00:00:00,2016-02-16 00:00:00,4337.51,4435.96,2.2697354011863906
NASDAQCOM,2016-02-16 00:00:00,2016-02-17 00:00:00,4435.96,4534.06,2.2114716994743047
NASDAQCOM,2016-02-17 00:00:00,2016-02-18 00:00:00,4534.06,4487.54,-1.0260120068989036
NASDAQCOM,2016-02-19 00:00:00,2016-02-22 00:00:00,4504.43,4570.61,1.469220300903763
NASDAQCOM,2016-02-22 00:00:00,2016-02-23 00:00:00,4570.61,4503.58,-1.4665438530086738
NASDAQCOM,2016-02-29 00:00:00,2016-03-01 00:00:00,4557.95,4689.6,2.8883598986386545
NASDAQCOM,2016-03-07 00:00:00,2016-03-08 00:00:00,4708.25,4648.82,-1.2622524292465416
NASDAQCOM,2016-03-10 00:00:00,2016-03-11 00:00:00,4662.16,4748.47,1.8512878150900098
NASDAQCOM,2016-03-22 00:00:00,2016-03-23 00:00:00,4821.66,4768.86,-1.0950585483007964
NASDAQCOM,2016-03-28 00:00:00,2016-03-29 00:00:00,4766.79,4846.62,1.674711913048402
NASDAQCOM,2016-04-05 00:00:00,2016-04-06 00:00:00,4843.93,4920.72,1.5852830243211598
NASDAQCOM,2016-04-06 00:00:00,2016-04-07 00:00:00,4920.72,4848.37,-1.4703132874863916
NASDAQCOM,2016-04-12 00:00:00,2016-04-13 00:00:00,4872.09,4947.42,1.5461537040571895
NASDAQCOM,2016-04-27 00:00:00,2016-04-28 00:00:00,4863.14,4805.29,-1.189560654227523
NASDAQCOM,2016-05-02 00:00:00,2016-05-03 00:00:00,4817.59,4763.22,-1.1285725850477082
NASDAQCOM,2016-05-09 00:00:00,2016-05-10 00:00:00,4750.21,4809.88,1.256154991042503
NASDAQCOM,2016-05-10 00:00:00,2016-05-11 00:00:00,4809.88,4760.69,-1.0226866366728589
NASDAQCOM,2016-05-13 00:00:00,2016-05-16 00:00:00,4717.68,4775.46,1.2247545403672937
NASDAQCOM,2016-05-16 00:00:00,2016-05-17 00:00:00,4775.46,4715.73,-1.2507695593723007
NASDAQCOM,2016-05-19 00:00:00,2016-05-20 00:00:00,4712.53,4769.56,1.2101779723418347
NASDAQCOM,2016-05-23 00:00:00,2016-05-24 00:00:00,4765.78,4861.06,1.9992530079021833
NASDAQCOM,2016-06-09 00:00:00,2016-06-10 00:00:00,4958.62,4894.55,-1.2920933646861368
NASDAQCOM,2016-06-22 00:00:00,2016-06-23 00:00:00,4833.32,4910.04,1.587314723626829
NASDAQCOM,2016-06-23 00:00:00,2016-06-24 00:00:00,4910.04,4707.98,-4.115241423695131
NASDAQCOM,2016-06-24 00:00:00,2016-06-27 00:00:00,4707.98,4594.44,-2.411650007009375
NASDAQCOM,2016-06-27 00:00:00,2016-06-28 00:00:00,4594.44,4691.87,2.120606646294223
NASDAQCOM,2016-06-28 00:00:00,2016-06-29 00:00:00,4691.87,4779.25,1.8623704407837411
NASDAQCOM,2016-06-29 00:00:00,2016-06-30 00:00:00,4779.25,4842.67,1.326986451849141
NASDAQCOM,2016-07-07 00:00:00,2016-07-08 00:00:00,4876.81,4956.76,1.6393913234265804
NASDAQCOM,2016-07-19 00:00:00,2016-07-20 00:00:00,5036.37,5089.93,1.063464360243596
NASDAQCOM,2016-08-04 00:00:00,2016-08-05 00:00:00,5166.25,5221.12,1.062085652068713
NASDAQCOM,2016-09-08 00:00:00,2016-09-09 00:00:00,5259.48,5125.91,-2.5396046757474067
NASDAQCOM,2016-09-09 00:00:00,2016-09-12 00:00:00,5125.91,5211.89,1.6773607027825397
NASDAQCOM,2016-09-12 00:00:00,2016-09-13 00:00:00,5211.89,5155.25,-1.0867458829714427
NASDAQCOM,2016-09-14 00:00:00,2016-09-15 00:00:00,5173.77,5249.69,1.4674019138848298
NASDAQCOM,2016-09-20 00:00:00,2016-09-21 00:00:00,5241.35,5295.18,1.0270254800766963
NASDAQCOM,2016-10-10 00:00:00,2016-10-11 00:00:00,5328.67,5246.79,-1.5365935589931468
NASDAQCOM,2016-11-04 00:00:00,2016-11-07 00:00:00,5046.37,5166.17,2.373983675394396
NASDAQCOM,2016-11-08 00:00:00,2016-11-09 00:00:00,5193.49,5251.07,1.1086956940323351
NASDAQCOM,2016-11-14 00:00:00,2016-11-15 00:00:00,5218.4,5275.62,1.0965046757626908
NASDAQCOM,2016-11-29 00:00:00,2016-11-30 00:00:00,5379.92,5323.68,-1.045368704367347
NASDAQCOM,2016-11-30 00:00:00,2016-12-01 00:00:00,5323.68,5251.11,-1.3631548102064854
NASDAQCOM,2016-12-02 00:00:00,2016-12-05 00:00:00,5255.65,5308.89,1.0130050517062723
NASDAQCOM,2016-12-06 00:00:00,2016-12-07 00:00:00,5333.0,5393.76,1.1393212075754775
NASDAQCOM,2017-02-28 00:00:00,2017-03-01 00:00:00,5825.44,5904.03,1.3490826444011121
NASDAQCOM,2017-03-20 00:00:00,2017-03-21 00:00:00,5901.53,5793.83,-1.8249504789435929
NASDAQCOM,2017-04-21 00:00:00,2017-04-24 00:00:00,5910.52,5983.82,1.2401616101459645
NASDAQCOM,2017-05-16 00:00:00,2017-05-17 00:00:00,6169.87,6011.24,-2.571042825861811
NASDAQCOM,2017-06-08 00:00:00,2017-06-09 00:00:00,6321.76,6207.92,-1.800764344106707
NASDAQCOM,2017-06-16 00:00:00,2017-06-19 00:00:00,6151.76,6239.01,1.4182933014291843
NASDAQCOM,2017-06-26 00:00:00,2017-06-27 00:00:00,6247.15,6146.62,-1.6092138014934771
NASDAQCOM,2017-06-27 00:00:00,2017-06-28 00:00:00,6146.62,6234.41,1.4282646397532297
NASDAQCOM,2017-06-28 00:00:00,2017-06-29 00:00:00,6234.41,6144.35,-1.4445633187422626
NASDAQCOM,2017-07-06 00:00:00,2017-07-07 00:00:00,6089.46,6153.08,1.0447560210593367
NASDAQCOM,2017-07-11 00:00:00,2017-07-12 00:00:00,6193.3,6261.17,1.0958616569518655
NASDAQCOM,2017-08-09 00:00:00,2017-08-10 00:00:00,6352.33,6216.87,-2.1324458899333005
NASDAQCOM,2017-08-11 00:00:00,2017-08-14 00:00:00,6256.56,6340.23,1.3373163527561338
NASDAQCOM,2017-08-16 00:00:00,2017-08-17 00:00:00,6345.11,6221.91,-1.9416527057844517
NASDAQCOM,2017-08-21 00:00:00,2017-08-22 00:00:00,6213.13,6297.48,1.357608805867565
NASDAQCOM,2017-08-29 00:00:00,2017-08-30 00:00:00,6301.89,6368.31,1.0539695234286868
NASDAQCOM,2017-09-08 00:00:00,2017-09-11 00:00:00,6360.19,6432.26,1.13314224889509
NASDAQCOM,2017-09-26 00:00:00,2017-09-27 00:00:00,6380.16,6453.26,1.1457392918045999
NASDAQCOM,2017-10-26 00:00:00,2017-10-27 00:00:00,6556.77,6701.26,2.2036765053524796
NASDAQCOM,2017-11-15 00:00:00,2017-11-16 00:00:00,6706.21,6793.29,1.2984979593540902
NASDAQCOM,2017-11-20 00:00:00,2017-11-21 00:00:00,6790.71,6862.48,1.056885067982575
NASDAQCOM,2017-11-28 00:00:00,2017-11-29 00:00:00,6912.36,6824.34,-1.273371178584442
NASDAQCOM,2017-12-01 00:00:00,2017-12-04 00:00:00,6847.59,6775.37,-1.0546776311081747
NASDAQCOM,2017-12-14 00:00:00,2017-12-15 00:00:00,6856.53,6936.58,1.167500178661804
NASDAQCOM,2017-12-29 00:00:00,2018-01-02 00:00:00,6903.39,7006.9,1.4994082617380635
NASDAQCOM,2018-01-16 00:00:00,2018-01-17 00:00:00,7223.69,7298.28,1.032574764420956
NASDAQCOM,2018-01-25 00:00:00,2018-01-26 00:00:00,7411.16,7505.77,1.2765882803771686
NASDAQCOM,2018-02-01 00:00:00,2018-02-02 00:00:00,7385.86,7240.95,-1.961992239224679
NASDAQCOM,2018-02-02 00:00:00,2018-02-05 00:00:00,7240.95,6967.53,-3.776023864271955
NASDAQCOM,2018-02-05 00:00:00,2018-02-06 00:00:00,6967.53,7115.88,2.129161984232581
NASDAQCOM,2018-02-07 00:00:00,2018-02-08 00:00:00,7051.98,6777.16,-3.8970615344910184
NASDAQCOM,2018-02-08 00:00:00,2018-02-09 00:00:00,6777.16,6874.49,1.4361472947370275
NASDAQCOM,2018-02-09 00:00:00,2018-02-12 00:00:00,6874.49,6981.96,1.5633159696210228
NASDAQCOM,2018-02-13 00:00:00,2018-02-14 00:00:00,7013.51,7143.62,1.8551338773310322
NASDAQCOM,2018-02-14 00:00:00,2018-02-15 00:00:00,7143.62,7256.43,1.579171344500413
NASDAQCOM,2018-02-22 00:00:00,2018-02-23 00:00:00,7210.09,7337.39,1.7655812895539469
NASDAQCOM,2018-02-23 00:00:00,2018-02-26 00:00:00,7337.39,7421.46,1.1457752688626297
NASDAQCOM,2018-02-26 00:00:00,2018-02-27 00:00:00,7421.46,7330.35,-1.2276560137762607
NASDAQCOM,2018-02-28 00:00:00,2018-03-01 00:00:00,7273.01,7180.56,-1.2711380845069624
NASDAQCOM,2018-03-01 00:00:00,2018-03-02 00:00:00,7180.56,7257.87,1.0766569738293321
NASDAQCOM,2018-03-02 00:00:00,2018-03-05 00:00:00,7257.87,7330.7,1.0034624483491703
NASDAQCOM,2018-03-08 00:00:00,2018-03-09 00:00:00,7427.95,7560.81,1.7886496274207635
NASDAQCOM,2018-03-12 00:00:00,2018-03-13 00:00:00,7588.32,7511.01,-1.0188025808083936
NASDAQCOM,2018-03-16 00:00:00,2018-03-19 00:00:00,7481.99,7344.24,-1.8410877320071264
NASDAQCOM,2018-03-21 00:00:00,2018-03-22 00:00:00,7345.29,7166.68,-2.4316262530138317
NASDAQCOM,2018-03-22 00:00:00,2018-03-23 00:00:00,7166.68,6992.67,-2.4280419943404787
NASDAQCOM,2018-03-23 00:00:00,2018-03-26 00:00:00,6992.67,7220.54,3.2586980366583846
NASDAQCOM,2018-03-26 00:00:00,2018-03-27 00:00:00,7220.54,7008.81,-2.932329160976874
NASDAQCOM,2018-03-28 00:00:00,2018-03-29 00:00:00,6949.23,7063.44,1.6434914371808107
NASDAQCOM,2018-03-29 00:00:00,2018-04-02 00:00:00,7063.44,6870.12,-2.73691006082022
NASDAQCOM,2018-04-02 00:00:00,2018-04-03 00:00:00,6870.12,6941.28,1.0357897678643146
NASDAQCOM,2018-04-03 00:00:00,2018-04-04 00:00:00,6941.28,7042.11,1.4526139271143066
NASDAQCOM,2018-04-05 00:00:00,2018-04-06 00:00:00,7076.55,6915.11,-2.2813376574743414
NASDAQCOM,2018-04-09 00:00:00,2018-04-10 00:00:00,6950.34,7094.3,2.0712655783745837
NASDAQCOM,2018-04-11 00:00:00,2018-04-12 00:00:00,7069.03,7140.25,1.0074932487201251
NASDAQCOM,2018-04-16 00:00:00,2018-04-17 00:00:00,7156.28,7281.1,1.744202295047156
NASDAQCOM,2018-04-19 00:00:00,2018-04-20 00:00:00,7238.06,7146.13,-1.2700917096570115
NASDAQCOM,2018-04-23 00:00:00,2018-04-24 00:00:00,7128.6,7007.35,-1.70089498639284
NASDAQCOM,2018-04-25 00:00:00,2018-04-26 00:00:00,7003.74,7118.68,1.64112317133418
NASDAQCOM,2018-05-03 00:00:00,2018-05-04 00:00:00,7088.15,7209.62,1.7137052686526142
NASDAQCOM,2018-05-08 00:00:00,2018-05-09 00:00:00,7266.9,7339.91,1.0046925098735393
NASDAQCOM,2018-05-31 00:00:00,2018-06-01 00:00:00,7442.12,7554.33,1.5077692915459577
NASDAQCOM,2018-06-22 00:00:00,2018-06-25 00:00:00,7692.82,7532.01,-2.0903907799740473
NASDAQCOM,2018-06-26 00:00:00,2018-06-27 00:00:00,7561.63,7445.08,-1.541334341934215
NASDAQCOM,2018-07-03 00:00:00,2018-07-05 00:00:00,7502.67,7586.43,1.1164025606883978
NASDAQCOM,2018-07-05 00:00:00,2018-07-06 00:00:00,7586.43,7688.39,1.3439786566276894
NASDAQCOM,2018-07-11 00:00:00,2018-07-12 00:00:00,7716.61,7823.92,1.3906365619099632
NASDAQCOM,2018-07-24 00:00:00,2018-07-25 00:00:00,7840.77,7932.24,1.1665946074173754
NASDAQCOM,2018-07-25 00:00:00,2018-07-26 00:00:00,7932.24,7852.18,-1.0092987605014407
NASDAQCOM,2018-07-26 00:00:00,2018-07-27 00:00:00,7852.18,7737.42,-1.4615049578588395
NASDAQCOM,2018-07-27 00:00:00,2018-07-30 00:00:00,7737.42,7630.0,-1.3883180698475728
NASDAQCOM,2018-08-01 00:00:00,2018-08-02 00:00:00,7707.29,7802.69,1.2377891580568479
NASDAQCOM,2018-08-14 00:00:00,2018-08-15 00:00:00,7870.89,7774.12,-1.2294670615394248
NASDAQCOM,2018-09-04 00:00:00,2018-09-05 00:00:00,8091.25,7995.17,-1.1874555847365973
NASDAQCOM,2018-09-14 00:00:00,2018-09-17 00:00:00,8010.04,7895.79,-1.426334949638204
NASDAQCOM,2018-10-03 00:00:00,2018-10-04 00:00:00,8025.09,7879.51,-1.8140606522792881
NASDAQCOM,2018-10-04 00:00:00,2018-10-05 00:00:00,7879.51,7788.45,-1.155655618179308
NASDAQCOM,2018-10-09 00:00:00,2018-10-10 00:00:00,7738.02,7422.05,-4.083344318055526
NASDAQCOM,2018-10-10 00:00:00,2018-10-11 00:00:00,7422.05,7329.06,-1.2528883529483064
NASDAQCOM,2018-10-11 00:00:00,2018-10-12 00:00:00,7329.06,7496.89,2.289925311022149
NASDAQCOM,2018-10-15 00:00:00,2018-10-16 00:00:00,7430.74,7645.49,2.8900217205823377
NASDAQCOM,2018-10-17 00:00:00,2018-10-18 00:00:00,7642.7,7485.14,-2.0615750978057426
NASDAQCOM,2018-10-23 00:00:00,2018-10-24 00:00:00,7437.54,7108.4,-4.425387964300028
NASDAQCOM,2018-10-24 00:00:00,2018-10-25 00:00:00,7108.4,7318.34,2.953407236508926
NASDAQCOM,2018-10-25 00:00:00,2018-10-26 00:00:00,7318.34,7167.21,-2.0650857981454824
NASDAQCOM,2018-10-26 00:00:00,2018-10-29 00:00:00,7167.21,7050.29,-1.6313181837842072
NASDAQCOM,2018-10-29 00:00:00,2018-10-30 00:00:00,7050.29,7161.65,1.5795094953540871
NASDAQCOM,2018-10-30 00:00:00,2018-10-31 00:00:00,7161.65,7305.9,2.0142006381211037
NASDAQCOM,2018-10-31 00:00:00,2018-11-01 00:00:00,7305.9,7434.06,1.754198661355901
NASDAQCOM,2018-11-01 00:00:00,2018-11-02 00:00:00,7434.06,7356.99,-1.036714796490755
NASDAQCOM,2018-11-06 00:00:00,2018-11-07 00:00:00,7375.96,7570.75,2.640876577421786
NASDAQCOM,2018-11-08 00:00:00,2018-11-09 00:00:00,7530.88,7406.9,-1.6462883487719955
NASDAQCOM,2018-11-09 00:00:00,2018-11-12 00:00:00,7406.9,7200.87,-2.7815955392944387
NASDAQCOM,2018-11-14 00:00:00,2018-11-15 00:00:00,7136.39,7259.03,1.7185159443359939
NASDAQCOM,2018-11-16 00:00:00,2018-11-19 00:00:00,7247.87,7028.48,-3.026958264979923
NASDAQCOM,2018-11-19 00:00:00,2018-11-20 00:00:00,7028.48,6908.82,-1.7025018211618992
NASDAQCOM,2018-11-23 00:00:00,2018-11-26 00:00:00,6938.98,7081.85,2.0589481451164406
NASDAQCOM,2018-11-27 00:00:00,2018-11-28 00:00:00,7082.7,7291.59,2.9492989961455423
NASDAQCOM,2018-11-30 00:00:00,2018-12-03 00:00:00,7330.54,7441.51,1.5138038943925038
NASDAQCOM,2018-12-03 00:00:00,2018-12-04 00:00:00,7441.51,7158.43,-3.8040666477636917
NASDAQCOM,2018-12-06 00:00:00,2018-12-07 00:00:00,7188.26,6969.25,-3.0467734889945577
NASDAQCOM,2018-12-13 00:00:00,2018-12-14 00:00:00,7070.33,6910.66,-2.258310432469207
NASDAQCOM,2018-12-14 00:00:00,2018-12-17 00:00:00,6910.66,6753.73,-2.270839543545773
NASDAQCOM,2018-12-18 00:00:00,2018-12-19 00:00:00,6783.91,6636.83,-2.1680712155674224
NASDAQCOM,2018-12-19 00:00:00,2018-12-20 00:00:00,6636.83,6528.41,-1.6336112270466483
NASDAQCOM,2018-12-20 00:00:00,2018-12-21 00:00:00,6528.41,6332.99,-2.99337817324586
NASDAQCOM,2018-12-21 00:00:00,2018-12-24 00:00:00,6332.99,6192.92,-2.211751479159129
NASDAQCOM,2018-12-24 00:00:00,2018-12-26 00:00:00,6192.92,6554.36,5.836342145546844
NASDAQCOM,2019-01-02 00:00:00,2019-01-03 00:00:00,6665.94,6463.5,-3.0369310254817714
NASDAQCOM,2019-01-03 00:00:00,2019-01-04 00:00:00,6463.5,6738.86,4.260230525257209
NASDAQCOM,2019-01-04 00:00:00,2019-01-07 00:00:00,6738.86,6823.47,1.255553609957776
NASDAQCOM,2019-01-07 00:00:00,2019-01-08 00:00:00,6823.47,6897.0,1.0776042101745849
NASDAQCOM,2019-01-14 00:00:00,2019-01-15 00:00:00,6905.92,7023.83,1.707375700847966
NASDAQCOM,2019-01-17 00:00:00,2019-01-18 00:00:00,7084.46,7157.23,1.0271777947789884
NASDAQCOM,2019-01-18 00:00:00,2019-01-22 00:00:00,7157.23,7020.36,-1.912332005538454
NASDAQCOM,2019-01-24 00:00:00,2019-01-25 00:00:00,7073.46,7164.86,1.2921540519066996
NASDAQCOM,2019-01-25 00:00:00,2019-01-28 00:00:00,7164.86,7085.68,-1.105115801285711
NASDAQCOM,2019-01-29 00:00:00,2019-01-30 00:00:00,7028.29,7183.08,2.2023849328926377
NASDAQCOM,2019-01-30 00:00:00,2019-01-31 00:00:00,7183.08,7281.74,1.3735055157397642
NASDAQCOM,2019-02-01 00:00:00,2019-02-04 00:00:00,7263.87,7347.54,1.1518653279863222
NASDAQCOM,2019-02-06 00:00:00,2019-02-07 00:00:00,7375.28,7288.35,-1.1786671150112182
NASDAQCOM,2019-02-11 00:00:00,2019-02-12 00:00:00,7307.9,7414.62,1.460337443041096
NASDAQCOM,2019-03-06 00:00:00,2019-03-07 00:00:00,7505.92,7421.46,-1.1252451398362897
NASDAQCOM,2019-03-08 00:00:00,2019-03-11 00:00:00,7408.14,7558.06,2.02371985410643
NASDAQCOM,2019-03-20 00:00:00,2019-03-21 00:00:00,7728.97,7838.96,1.4230874230330792
NASDAQCOM,2019-03-21 00:00:00,2019-03-22 00:00:00,7838.96,7642.67,-2.504031146988886
NASDAQCOM,2019-03-29 00:00:00,2019-04-01 00:00:00,7729.32,7828.91,1.2884703958433619
NASDAQCOM,2019-04-22 00:00:00,2019-04-23 00:00:00,8015.27,8120.82,1.316861440725007
NASDAQCOM,2019-05-02 00:00:00,2019-05-03 00:00:00,8036.77,8164.0,1.5830986826797278
NASDAQCOM,2019-05-06 00:00:00,2019-05-07 00:00:00,8123.29,7963.76,-1.9638594707316832
NASDAQCOM,2019-05-10 00:00:00,2019-05-13 00:00:00,7916.94,7647.02,-3.4093980755190665
NASDAQCOM,2019-05-13 00:00:00,2019-05-14 00:00:00,7647.02,7734.49,1.1438442687478174
NASDAQCOM,2019-05-14 00:00:00,2019-05-15 00:00:00,7734.49,7822.15,1.133364966533021
NASDAQCOM,2019-05-16 00:00:00,2019-05-17 00:00:00,7898.05,7816.28,-1.03531884452492
NASDAQCOM,2019-05-17 00:00:00,2019-05-20 00:00:00,7816.28,7702.38,-1.4572149411228825
NASDAQCOM,2019-05-20 00:00:00,2019-05-21 00:00:00,7702.38,7785.72,1.0820032249772167
NASDAQCOM,2019-05-22 00:00:00,2019-05-23 00:00:00,7750.84,7628.28,-1.5812479679621874
NASDAQCOM,2019-05-30 00:00:00,2019-05-31 00:00:00,7567.72,7453.15,-1.5139302194055886
NASDAQCOM,2019-05-31 00:00:00,2019-06-03 00:00:00,7453.15,7333.02,-1.6118017214197917
NASDAQCOM,2019-06-03 00:00:00,2019-06-04 00:00:00,7333.02,7527.12,2.6469312779727785
NASDAQCOM,2019-06-06 00:00:00,2019-06-07 00:00:00,7615.55,7742.1,1.6617315886574204
NASDAQCOM,2019-06-07 00:00:00,2019-06-10 00:00:00,7742.1,7823.17,1.0471319151134666
NASDAQCOM,2019-06-17 00:00:00,2019-06-18 00:00:00,7845.02,7953.88,1.3876318989626497
NASDAQCOM,2019-06-24 00:00:00,2019-06-25 00:00:00,8005.7,7884.72,-1.5111732890315597
NASDAQCOM,2019-06-28 00:00:00,2019-07-01 00:00:00,8006.24,8091.16,1.0606726753132565
NASDAQCOM,2019-07-25 00:00:00,2019-07-26 00:00:00,8238.54,8330.21,1.1126971526508125
NASDAQCOM,2019-07-30 00:00:00,2019-07-31 00:00:00,8273.61,8175.42,-1.1867854539916736
NASDAQCOM,2019-08-01 00:00:00,2019-08-02 00:00:00,8111.12,8004.07,-1.319793074199373
NASDAQCOM,2019-08-02 00:00:00,2019-08-05 00:00:00,8004.07,7726.04,-3.473607802030714
NASDAQCOM,2019-08-05 00:00:00,2019-08-06 00:00:00,7726.04,7833.27,1.3879037644123053
NASDAQCOM,2019-08-07 00:00:00,2019-08-08 00:00:00,7862.83,8039.16,2.2425767821509552
NASDAQCOM,2019-08-09 00:00:00,2019-08-12 00:00:00,7959.14,7863.41,-1.2027681382662005
NASDAQCOM,2019-08-12 00:00:00,2019-08-13 00:00:00,7863.41,8016.36,1.945084893195189
NASDAQCOM,2019-08-13 00:00:00,2019-08-14 00:00:00,8016.36,7773.94,-3.0240657854687174
NASDAQCOM,2019-08-15 00:00:00,2019-08-16 00:00:00,7766.62,7895.99,1.665718163113425
NASDAQCOM,2019-08-16 00:00:00,2019-08-19 00:00:00,7895.99,8002.81,1.3528385927540514
NASDAQCOM,2019-08-22 00:00:00,2019-08-23 00:00:00,7991.39,7751.77,-2.9984771109907022
NASDAQCOM,2019-08-23 00:00:00,2019-08-26 00:00:00,7751.77,7853.74,1.3154415056174182
NASDAQCOM,2019-08-28 00:00:00,2019-08-29 00:00:00,7856.88,7973.39,1.4829041553390176
NASDAQCOM,2019-08-30 00:00:00,2019-09-03 00:00:00,7962.88,7874.16,-1.1141697476290018
NASDAQCOM,2019-09-03 00:00:00,2019-09-04 00:00:00,7874.16,7976.88,1.3045201011917493
NASDAQCOM,2019-09-04 00:00:00,2019-09-05 00:00:00,7976.88,8116.83,1.7544453470529808
NASDAQCOM,2019-09-10 00:00:00,2019-09-11 00:00:00,8084.16,8169.68,1.0578711950283077
NASDAQCOM,2019-09-23 00:00:00,2019-09-24 00:00:00,8112.46,7993.63,-1.464783801707496
NASDAQCOM,2019-09-24 00:00:00,2019-09-25 00:00:00,7993.63,8077.38,1.0477092384811406
NASDAQCOM,2019-09-26 00:00:00,2019-09-27 00:00:00,8030.66,7939.63,-1.1335307434258173
NASDAQCOM,2019-09-30 00:00:00,2019-10-01 00:00:00,7999.33,7908.67,-1.1333449176368502
NASDAQCOM,2019-10-01 00:00:00,2019-10-02 00:00:00,7908.67,7785.23,-1.5608186964432769
NASDAQCOM,2019-10-02 00:00:00,2019-10-03 00:00:00,7785.23,7872.25,1.1177575999681504
NASDAQCOM,2019-10-03 00:00:00,2019-10-04 00:00:00,7872.25,7982.46,1.3999809457270798
NASDAQCOM,2019-10-07 00:00:00,2019-10-08 00:00:00,7956.28,7823.76,-1.6656025177595501
NASDAQCOM,2019-10-08 00:00:00,2019-10-09 00:00:00,7823.76,7903.73,1.022142806016536
NASDAQCOM,2019-10-10 00:00:00,2019-10-11 00:00:00,7950.77,8057.04,1.336600102883111
NASDAQCOM,2019-10-14 00:00:00,2019-10-15 00:00:00,8048.65,8148.71,1.2431898517142677
NASDAQCOM,2019-10-25 00:00:00,2019-10-28 00:00:00,8243.12,8325.99,1.00532322712758
NASDAQCOM,2019-10-31 00:00:00,2019-11-01 00:00:00,8292.36,8386.4,1.1340559261778196
NASDAQCOM,2019-11-22 00:00:00,2019-11-25 00:00:00,8519.88,8632.49,1.3217322309703963
NASDAQCOM,2019-11-29 00:00:00,2019-12-02 00:00:00,8665.47,8567.99,-1.124924556890735
NASDAQCOM,2019-12-05 00:00:00,2019-12-06 00:00:00,8570.7,8656.53,1.0014351219853679
NASDAQCOM,2019-12-31 00:00:00,2020-01-02 00:00:00,8972.6,9092.19,1.3328355214764966
NASDAQCOM,2020-01-10 00:00:00,2020-01-13 00:00:00,9178.86,9273.93,1.0357495375242645
NASDAQCOM,2020-01-15 00:00:00,2020-01-16 00:00:00,9258.7,9357.13,1.0631082117359723
NASDAQCOM,2020-01-24 00:00:00,2020-01-27 00:00:00,9314.91,9139.31,-1.8851497223268971
NASDAQCOM,2020-01-27 00:00:00,2020-01-28 00:00:00,9139.31,9269.68,1.4264753028401576
NASDAQCOM,2020-01-30 00:00:00,2020-01-31 00:00:00,9298.93,9150.94,-1.5914734275879028
NASDAQCOM,2020-01-31 00:00:00,2020-02-03 00:00:00,9150.94,9273.4,1.3382231770725097
NASDAQCOM,2020-02-03 00:00:00,2020-02-04 00:00:00,9273.4,9467.97,2.0981517027196035
NASDAQCOM,2020-02-07 00:00:00,2020-02-10 00:00:00,9520.51,9628.39,1.1331325737801778
NASDAQCOM,2020-02-20 00:00:00,2020-02-21 00:00:00,9750.96,9576.59,-1.788234184121348
NASDAQCOM,2020-02-21 00:00:00,2020-02-24 00:00:00,9576.59,9221.28,-3.7101932942727998
NASDAQCOM,2020-02-24 00:00:00,2020-02-25 00:00:00,9221.28,8965.61,-2.772608574948381
NASDAQCOM,2020-02-26 00:00:00,2020-02-27 00:00:00,8980.77,8566.48,-4.61307883399754
NASDAQCOM,2020-02-28 00:00:00,2020-03-02 00:00:00,8567.37,8952.16,4.491343317727599
NASDAQCOM,2020-03-02 00:00:00,2020-03-03 00:00:00,8952.16,8684.09,-2.9944728423084452
NASDAQCOM,2020-03-03 00:00:00,2020-03-04 00:00:00,8684.09,9018.09,3.846113985460768
NASDAQCOM,2020-03-04 00:00:00,2020-03-05 00:00:00,9018.09,8738.6,-3.09921502224972
NASDAQCOM,2020-03-05 00:00:00,2020-03-06 00:00:00,8738.6,8575.62,-1.8650584761861118
NASDAQCOM,2020-03-06 00:00:00,2020-03-09 00:00:00,8575.62,7950.68,-7.287403126537795
NASDAQCOM,2020-03-09 00:00:00,2020-03-10 00:00:00,7950.68,8344.25,4.95014262930969
NASDAQCOM,2020-03-10 00:00:00,2020-03-11 00:00:00,8344.25,7952.05,-4.700242682086465
NASDAQCOM,2020-03-11 00:00:00,2020-03-12 00:00:00,7952.05,7201.8,-9.434674077753535
NASDAQCOM,2020-03-12 00:00:00,2020-03-13 00:00:00,7201.8,7874.88,9.3459968341248
NASDAQCOM,2020-03-13 00:00:00,2020-03-16 00:00:00,7874.88,6904.59,-12.321330610752163
NASDAQCOM,2020-03-16 00:00:00,2020-03-17 00:00:00,6904.59,7334.78,6.230493048826934
NASDAQCOM,2020-03-17 00:00:00,2020-03-18 00:00:00,7334.78,6989.84,-4.702799538636464
NASDAQCOM,2020-03-18 00:00:00,2020-03-19 00:00:00,6989.84,7150.58,2.299623453469604
NASDAQCOM,2020-03-19 00:00:00,2020-03-20 00:00:00,7150.58,6879.52,-3.790741450343881
NASDAQCOM,2020-03-23 00:00:00,2020-03-24 00:00:00,6860.67,7417.86,8.121509998294622
NASDAQCOM,2020-03-25 00:00:00,2020-03-26 00:00:00,7384.3,7797.54,5.5961973375946235
NASDAQCOM,2020-03-26 00:00:00,2020-03-27 00:00:00,7797.54,7502.38,-3.785296388348118
NASDAQCOM,2020-03-27 00:00:00,2020-03-30 00:00:00,7502.38,7774.15,3.6224504757157003
NASDAQCOM,2020-03-31 00:00:00,2020-04-01 00:00:00,7700.1,7360.58,-4.40929338580019
NASDAQCOM,2020-04-01 00:00:00,2020-04-02 00:00:00,7360.58,7487.31,1.7217393194558104
NASDAQCOM,2020-04-02 00:00:00,2020-04-03 00:00:00,7487.31,7373.08,-1.5256480631895897
NASDAQCOM,2020-04-03 00:00:00,2020-04-06 00:00:00,7373.08,7913.24,7.326110662029977
NASDAQCOM,2020-04-07 00:00:00,2020-04-08 00:00:00,7887.26,8090.9,2.581885217426577
NASDAQCOM,2020-04-13 00:00:00,2020-04-14 00:00:00,8192.42,8515.74,3.9465750046994623
NASDAQCOM,2020-04-14 00:00:00,2020-04-15 00:00:00,8515.74,8393.18,-1.43921726121276
NASDAQCOM,2020-04-15 00:00:00,2020-04-16 00:00:00,8393.18,8532.36,1.658251103872433
NASDAQCOM,2020-04-16 00:00:00,2020-04-17 00:00:00,8532.36,8650.14,1.3803918259426329
NASDAQCOM,2020-04-17 00:00:00,2020-04-20 00:00:00,8650.14,8560.73,-1.0336248893081483
NASDAQCOM,2020-04-20 00:00:00,2020-04-21 00:00:00,8560.73,8263.23,-3.475170925843941
NASDAQCOM,2020-04-21 00:00:00,2020-04-22 00:00:00,8263.23,8495.38,2.809434083282199
NASDAQCOM,2020-04-23 00:00:00,2020-04-24 00:00:00,8494.75,8634.52,1.645369198622684
NASDAQCOM,2020-04-24 00:00:00,2020-04-27 00:00:00,8634.52,8730.16,1.1076469797973647
NASDAQCOM,2020-04-27 00:00:00,2020-04-28 00:00:00,8730.16,8607.73,-1.4023797960174877
NASDAQCOM,2020-04-28 00:00:00,2020-04-29 00:00:00,8607.73,8914.71,3.5663293342147067
NASDAQCOM,2020-04-30 00:00:00,2020-05-01 00:00:00,8889.55,8604.95,-3.2015118875533473
NASDAQCOM,2020-05-01 00:00:00,2020-05-04 00:00:00,8604.95,8710.71,1.229060017780445
NASDAQCOM,2020-05-04 00:00:00,2020-05-05 00:00:00,8710.71,8809.12,1.1297586534278112
NASDAQCOM,2020-05-06 00:00:00,2020-05-07 00:00:00,8854.39,8979.66,1.4147784319416747
NASDAQCOM,2020-05-07 00:00:00,2020-05-08 00:00:00,8979.66,9121.32,1.5775652975725123
NASDAQCOM,2020-05-11 00:00:00,2020-05-12 00:00:00,9192.34,9002.55,-2.0646538313421923
NASDAQCOM,2020-05-12 00:00:00,2020-05-13 00:00:00,9002.55,8863.17,-1.5482280020660726
NASDAQCOM,2020-05-15 00:00:00,2020-05-18 00:00:00,9014.56,9234.83,2.4434914183276883
NASDAQCOM,2020-05-19 00:00:00,2020-05-20 00:00:00,9185.1,9375.78,2.0759708658588396
NASDAQCOM,2020-05-28 00:00:00,2020-05-29 00:00:00,9368.99,9489.87,1.290213779713726
NASDAQCOM,2020-06-04 00:00:00,2020-06-05 00:00:00,9615.81,9814.08,2.061916780801622
NASDAQCOM,2020-06-05 00:00:00,2020-06-08 00:00:00,9814.08,9924.74,1.1275636636342874
NASDAQCOM,2020-06-10 00:00:00,2020-06-11 00:00:00,10020.35,9492.73,-5.265484738557044
NASDAQCOM,2020-06-11 00:00:00,2020-06-12 00:00:00,9492.73,9588.81,1.012142976783285
NASDAQCOM,2020-06-12 00:00:00,2020-06-15 00:00:00,9588.81,9726.02,1.430938771338685
NASDAQCOM,2020-06-15 00:00:00,2020-06-16 00:00:00,9726.02,9895.87,1.7463463986296588
NASDAQCOM,2020-06-19 00:00:00,2020-06-22 00:00:00,9946.12,10056.47,1.1094778667460128
NASDAQCOM,2020-06-23 00:00:00,2020-06-24 00:00:00,10131.37,9909.17,-2.1931880880868104
NASDAQCOM,2020-06-24 00:00:00,2020-06-25 00:00:00,9909.17,10017.0,1.088183975045336
NASDAQCOM,2020-06-25 00:00:00,2020-06-26 00:00:00,10017.0,9757.22,-2.5933912349006754
NASDAQCOM,2020-06-26 00:00:00,2020-06-29 00:00:00,9757.22,9874.15,1.1983946246984316
NASDAQCOM,2020-06-29 00:00:00,2020-06-30 00:00:00,9874.15,10058.77,1.8697305590861066
NASDAQCOM,2020-07-02 00:00:00,2020-07-06 00:00:00,10207.63,10433.65,2.2142260250420565
NASDAQCOM,2020-07-07 00:00:00,2020-07-08 00:00:00,10343.89,10492.5,1.4366935456583605
NASDAQCOM,2020-07-10 00:00:00,2020-07-13 00:00:00,10617.44,10390.84,-2.134224445817451
NASDAQCOM,2020-07-17 00:00:00,2020-07-20 00:00:00,10503.19,10767.09,2.512569990640935
NASDAQCOM,2020-07-22 00:00:00,2020-07-23 00:00:00,10706.13,10461.42,-2.2856998747446475
NASDAQCOM,2020-07-24 00:00:00,2020-07-27 00:00:00,10363.18,10536.27,1.670240215841085
NASDAQCOM,2020-07-27 00:00:00,2020-07-28 00:00:00,10536.27,10402.09,-1.2735057093259787
NASDAQCOM,2020-07-28 00:00:00,2020-07-29 00:00:00,10402.09,10542.94,1.3540548101391197
NASDAQCOM,2020-07-30 00:00:00,2020-07-31 00:00:00,10587.81,10745.27,1.4871819573641853
NASDAQCOM,2020-07-31 00:00:00,2020-08-03 00:00:00,10745.27,10902.8,1.4660404066161097
NASDAQCOM,2020-08-10 00:00:00,2020-08-11 00:00:00,10968.36,10782.82,-1.691592909058427
NASDAQCOM,2020-08-11 00:00:00,2020-08-12 00:00:00,10782.82,11012.24,2.127643788916073
NASDAQCOM,2020-08-14 00:00:00,2020-08-17 00:00:00,11019.3,11129.73,1.0021507718276141
NASDAQCOM,2020-08-19 00:00:00,2020-08-20 00:00:00,11146.46,11264.95,1.063028082458481
NASDAQCOM,2020-08-25 00:00:00,2020-08-26 00:00:00,11466.47,11665.06,1.731919239312536
NASDAQCOM,2020-08-31 00:00:00,2020-09-01 00:00:00,11775.46,11939.67,1.394510278154747
NASDAQCOM,2020-09-02 00:00:00,2020-09-03 00:00:00,12056.44,11458.1,-4.96282484713564
NASDAQCOM,2020-09-03 00:00:00,2020-09-04 00:00:00,11458.1,11313.13,-1.2652184917220235
NASDAQCOM,2020-09-04 00:00:00,2020-09-08 00:00:00,11313.13,10847.69,-4.114157620393284
NASDAQCOM,2020-09-08 00:00:00,2020-09-09 00:00:00,10847.69,11141.56,2.70905602944036
NASDAQCOM,2020-09-09 00:00:00,2020-09-10 00:00:00,11141.56,10919.59,-1.9922703822444914
NASDAQCOM,2020-09-11 00:00:00,2020-09-14 00:00:00,10853.55,11056.65,1.871277139737693
NASDAQCOM,2020-09-14 00:00:00,2020-09-15 00:00:00,11056.65,11190.32,1.208955696345639
NASDAQCOM,2020-09-15 00:00:00,2020-09-16 00:00:00,11190.32,11050.47,-1.249740847446725
NASDAQCOM,2020-09-16 00:00:00,2020-09-17 00:00:00,11050.47,10910.28,-1.2686338228147644
NASDAQCOM,2020-09-17 00:00:00,2020-09-18 00:00:00,10910.28,10793.28,-1.0723831102409838
NASDAQCOM,2020-09-21 00:00:00,2020-09-22 00:00:00,10778.94,10963.77,1.7147326174929995
NASDAQCOM,2020-09-22 00:00:00,2020-09-23 00:00:00,10963.77,10633.15,-3.0155685498692586
NASDAQCOM,2020-09-24 00:00:00,2020-09-25 00:00:00,10672.43,10913.73,2.2609658718773447
NASDAQCOM,2020-09-25 00:00:00,2020-09-28 00:00:00,10913.73,11117.7,1.8689302374165495
NASDAQCOM,2020-09-30 00:00:00,2020-10-01 00:00:00,11167.68,11326.61,1.4231245880970826
NASDAQCOM,2020-10-01 00:00:00,2020-10-02 00:00:00,11326.61,11075.11,-2.2204348874023205
NASDAQCOM,2020-10-02 00:00:00,2020-10-05 00:00:00,11075.11,11332.58,2.3247624628558934
NASDAQCOM,2020-10-05 00:00:00,2020-10-06 00:00:00,11332.58,11154.7,-1.5696337462431253
NASDAQCOM,2020-10-06 00:00:00,2020-10-07 00:00:00,11154.7,11364.7,1.88261450330354
NASDAQCOM,2020-10-08 00:00:00,2020-10-09 00:00:00,11421.08,11580.05,1.391899890378137
NASDAQCOM,2020-10-09 00:00:00,2020-10-12 00:00:00,11580.05,11876.36,2.5587972418081213
NASDAQCOM,2020-10-16 00:00:00,2020-10-19 00:00:00,11671.66,11478.98,-1.6508362992067993
NASDAQCOM,2020-10-23 00:00:00,2020-10-26 00:00:00,11548.28,11358.94,-1.6395515176286002
NASDAQCOM,2020-10-27 00:00:00,2020-10-28 00:00:00,11431.35,11004.87,-3.730792950963793
NASDAQCOM,2020-10-28 00:00:00,2020-10-29 00:00:00,11004.87,11185.59,1.6421820521278248
NASDAQCOM,2020-10-29 00:00:00,2020-10-30 00:00:00,11185.59,10911.59,-2.449580218835126
NASDAQCOM,2020-11-02 00:00:00,2020-11-03 00:00:00,10957.61,11160.57,1.8522287250595622
NASDAQCOM,2020-11-03 00:00:00,2020-11-04 00:00:00,11160.57,11590.78,3.8547314339679866
NASDAQCOM,2020-11-04 00:00:00,2020-11-05 00:00:00,11590.78,11890.93,2.5895582523350424
NASDAQCOM,2020-11-06 00:00:00,2020-11-09 00:00:00,11895.23,11713.78,-1.5254013583596022
NASDAQCOM,2020-11-09 00:00:00,2020-11-10 00:00:00,11713.78,11553.86,-1.365229669671106
NASDAQCOM,2020-11-10 00:00:00,2020-11-11 00:00:00,11553.86,11786.43,2.012920357352432
NASDAQCOM,2020-11-12 00:00:00,2020-11-13 00:00:00,11709.59,11829.29,1.0222390365503893
NASDAQCOM,2020-11-23 00:00:00,2020-11-24 00:00:00,11881.17,12037.33,1.3143486710483887
NASDAQCOM,2020-11-30 00:00:00,2020-12-01 00:00:00,12198.74,12355.11,1.281853699644396
NASDAQCOM,2020-12-08 00:00:00,2020-12-09 00:00:00,12582.77,12338.95,-1.9377291327744184
NASDAQCOM,2020-12-14 00:00:00,2020-12-15 00:00:00,12440.04,12595.06,1.2461374722267662
NASDAQCOM,2020-12-31 00:00:00,2021-01-04 00:00:00,12888.28,12698.45,-1.4728885468037622
NASDAQCOM,2021-01-06 00:00:00,2021-01-07 00:00:00,12740.79,13067.48,2.564126714277519
NASDAQCOM,2021-01-07 00:00:00,2021-01-08 00:00:00,13067.48,13201.98,1.029272667721703
NASDAQCOM,2021-01-08 00:00:00,2021-01-11 00:00:00,13201.98,13036.43,-1.2539785698811792
NASDAQCOM,2021-01-15 00:00:00,2021-01-19 00:00:00,12998.5,13197.18,1.5284840558526005
NASDAQCOM,2021-01-19 00:00:00,2021-01-20 00:00:00,13197.18,13457.25,1.9706482748587175
NASDAQCOM,2021-01-26 00:00:00,2021-01-27 00:00:00,13626.06,13270.6,-2.608677783599948
NASDAQCOM,2021-01-28 00:00:00,2021-01-29 00:00:00,13337.16,13070.69,-1.9979515878942695
NASDAQCOM,2021-01-29 00:00:00,2021-02-01 00:00:00,13070.69,13403.39,2.5453897231133085
NASDAQCOM,2021-02-01 00:00:00,2021-02-02 00:00:00,13403.39,13612.78,1.5622167227843198
NASDAQCOM,2021-02-03 00:00:00,2021-02-04 00:00:00,13610.54,13777.74,1.2284597084318396
NASDAQCOM,2021-02-19 00:00:00,2021-02-22 00:00:00,13874.47,13533.05,-2.4607786819965023
NASDAQCOM,2021-02-24 00:00:00,2021-02-25 00:00:00,13597.97,13119.43,-3.519201763204354
NASDAQCOM,2021-02-26 00:00:00,2021-03-01 00:00:00,13192.35,13588.83,3.0053781168631786
NASDAQCOM,2021-03-01 00:00:00,2021-03-02 00:00:00,13588.83,13358.79,-1.6928609747859018
NASDAQCOM,2021-03-02 00:00:00,2021-03-03 00:00:00,13358.79,12997.75,-2.702639984609391
NASDAQCOM,2021-03-03 00:00:00,2021-03-04 00:00:00,12997.75,12723.47,-2.110211382739325
NASDAQCOM,2021-03-04 00:00:00,2021-03-05 00:00:00,12723.47,12920.15,1.5458047215107222
NASDAQCOM,2021-03-05 00:00:00,2021-03-08 00:00:00,12920.15,12609.16,-2.4070153984280354
NASDAQCOM,2021-03-08 00:00:00,2021-03-09 00:00:00,12609.16,13073.82,3.685098769466006
NASDAQCOM,2021-03-10 00:00:00,2021-03-11 00:00:00,13068.83,13398.67,2.5238678596324244
NASDAQCOM,2021-03-12 00:00:00,2021-03-15 00:00:00,13319.86,13459.71,1.04993596028786
NASDAQCOM,2021-03-17 00:00:00,2021-03-18 00:00:00,13525.2,13116.17,-3.024206666075183
NASDAQCOM,2021-03-19 00:00:00,2021-03-22 00:00:00,13215.24,13377.54,1.2281275254933024
NASDAQCOM,2021-03-22 00:00:00,2021-03-23 00:00:00,13377.54,13227.7,-1.1200863536943275
NASDAQCOM,2021-03-23 00:00:00,2021-03-24 00:00:00,13227.7,12961.89,-2.0094952259274197
NASDAQCOM,2021-03-25 00:00:00,2021-03-26 00:00:00,12977.68,13138.72,1.2408997602036655
NASDAQCOM,2021-03-30 00:00:00,2021-03-31 00:00:00,13045.39,13246.87,1.5444536345789692
NASDAQCOM,2021-03-31 00:00:00,2021-04-01 00:00:00,13246.87,13480.11,1.7607178148498457
NASDAQCOM,2021-04-01 00:00:00,2021-04-05 00:00:00,13480.11,13705.59,1.6726866472157833
NASDAQCOM,2021-04-07 00:00:00,2021-04-08 00:00:00,13688.84,13829.31,1.0261643791584922
NASDAQCOM,2021-04-12 00:00:00,2021-04-13 00:00:00,13850.0,13996.1,1.0548736462093888
NASDAQCOM,2021-04-14 00:00:00,2021-04-15 00:00:00,13857.84,14038.76,1.3055425665183034
NASDAQCOM,2021-04-20 00:00:00,2021-04-21 00:00:00,13786.27,13950.22,1.1892266726242768
NASDAQCOM,2021-04-22 00:00:00,2021-04-23 00:00:00,13818.41,14016.81,1.4357657646574362
NASDAQCOM,2021-05-03 00:00:00,2021-05-04 00:00:00,13895.12,13633.5,-1.8828192919528637
NASDAQCOM,2021-05-07 00:00:00,2021-05-10 00:00:00,13752.24,13401.86,-2.5478031215278323
NASDAQCOM,2021-05-11 00:00:00,2021-05-12 00:00:00,13389.43,13031.68,-2.671883717230681
NASDAQCOM,2021-05-13 00:00:00,2021-05-14 00:00:00,13124.99,13429.98,2.323735103798173
NASDAQCOM,2021-05-19 00:00:00,2021-05-20 00:00:00,13299.74,13535.74,1.774470779128013
NASDAQCOM,2021-05-21 00:00:00,2021-05-24 00:00:00,13470.99,13661.17,1.4117744872500113
NASDAQCOM,2021-06-02 00:00:00,2021-06-03 00:00:00,13756.33,13614.51,-1.0309435728860803
NASDAQCOM,2021-06-03 00:00:00,2021-06-04 00:00:00,13614.51,13814.49,1.4688740175004429
NASDAQCOM,2021-07-16 00:00:00,2021-07-19 00:00:00,14427.24,14274.98,-1.0553647128626142
NASDAQCOM,2021-07-19 00:00:00,2021-07-20 00:00:00,14274.98,14498.88,1.5684785547860638
NASDAQCOM,2021-07-22 00:00:00,2021-07-23 00:00:00,14684.6,14836.99,1.0377538373534139
NASDAQCOM,2021-07-26 00:00:00,2021-07-27 00:00:00,14840.71,14660.58,-1.2137559456387141
NASDAQCOM,2021-08-19 00:00:00,2021-08-20 00:00:00,14541.79,14714.66,1.1887807484498054
NASDAQCOM,2021-08-20 00:00:00,2021-08-23 00:00:00,14714.66,14942.65,1.549407189836529
NASDAQCOM,2021-08-26 00:00:00,2021-08-27 00:00:00,14945.81,15129.5,1.229040112245509
NASDAQCOM,2021-09-17 00:00:00,2021-09-20 00:00:00,15043.97,14713.9,-2.194035218097349
NASDAQCOM,2021-09-21 00:00:00,2021-09-22 00:00:00,14746.4,14896.85,1.0202490099278518
NASDAQCOM,2021-09-22 00:00:00,2021-09-23 00:00:00,14896.85,15052.24,1.0431064285402578
NASDAQCOM,2021-09-27 00:00:00,2021-09-28 00:00:00,14969.97,14546.68,-2.8275941768754316
NASDAQCOM,2021-10-01 00:00:00,2021-10-04 00:00:00,14566.7,14255.48,-2.1365168500758656
NASDAQCOM,2021-10-04 00:00:00,2021-10-05 00:00:00,14255.48,14433.83,1.2510978234335173
NASDAQCOM,2021-10-06 00:00:00,2021-10-07 00:00:00,14501.91,14654.02,1.048896317795384
NASDAQCOM,2021-10-13 00:00:00,2021-10-14 00:00:00,14571.64,14823.43,1.7279455160846744
NASDAQCOM,2021-10-27 00:00:00,2021-10-28 00:00:00,15235.84,15448.12,1.3932937074687097
NASDAQCOM,2021-11-02 00:00:00,2021-11-03 00:00:00,15649.6,15811.58,1.0350424291994655
NASDAQCOM,2021-11-09 00:00:00,2021-11-10 00:00:00,15886.54,15622.71,-1.6607140384249919
NASDAQCOM,2021-11-19 00:00:00,2021-11-22 00:00:00,16057.44,15854.76,-1.2622186350999927
NASDAQCOM,2021-11-24 00:00:00,2021-11-26 00:00:00,15845.23,15491.66,-2.231397082907599
NASDAQCOM,2021-11-26 00:00:00,2021-11-29 00:00:00,15491.66,15782.83,1.8795274360526895
NASDAQCOM,2021-11-29 00:00:00,2021-11-30 00:00:00,15782.83,15537.69,-1.553206871011089
NASDAQCOM,2021-11-30 00:00:00,2021-12-01 00:00:00,15537.69,15254.05,-1.8254965828253829
NASDAQCOM,2021-12-02 00:00:00,2021-12-03 00:00:00,15381.32,15085.47,-1.9234370002054464
NASDAQCOM,2021-12-06 00:00:00,2021-12-07 00:00:00,15225.15,15686.92,3.0329422041818996
NASDAQCOM,2021-12-08 00:00:00,2021-12-09 00:00:00,15786.99,15517.37,-1.7078619800227846
NASDAQCOM,2021-12-10 00:00:00,2021-12-13 00:00:00,15630.6,15413.28,-1.3903496986679955
NASDAQCOM,2021-12-13 00:00:00,2021-12-14 00:00:00,15413.28,15237.64,-1.1395368150062883
NASDAQCOM,2021-12-14 00:00:00,2021-12-15 00:00:00,15237.64,15565.58,2.1521705460950677
NASDAQCOM,2021-12-15 00:00:00,2021-12-16 00:00:00,15565.58,15180.43,-2.4743697311632435
NASDAQCOM,2021-12-17 00:00:00,2021-12-20 00:00:00,15169.68,14980.94,-1.2441923626602525
NASDAQCOM,2021-12-20 00:00:00,2021-12-21 00:00:00,14980.94,15341.09,2.4040547522385087
NASDAQCOM,2021-12-21 00:00:00,2021-12-22 00:00:00,15341.09,15521.89,1.1785342501738747
NASDAQCOM,2021-12-23 00:00:00,2021-12-27 00:00:00,15653.37,15871.26,1.3919686303971568
NASDAQCOM,2021-12-31 00:00:00,2022-01-03 00:00:00,15644.97,15832.8,1.2005775658246702
NASDAQCOM,2022-01-03 00:00:00,2022-01-04 00:00:00,15832.8,15622.72,-1.3268657470567424
NASDAQCOM,2022-01-04 00:00:00,2022-01-05 00:00:00,15622.72,15100.17,-3.3448080743942112
NASDAQCOM,2022-01-10 00:00:00,2022-01-11 00:00:00,14942.83,15153.45,1.409505428355946
NASDAQCOM,2022-01-12 00:00:00,2022-01-13 00:00:00,15188.39,14806.81,-2.5123136817002982
NASDAQCOM,2022-01-14 00:00:00,2022-01-18 00:00:00,14893.75,14506.9,-2.5973982375157387
NASDAQCOM,2022-01-18 00:00:00,2022-01-19 00:00:00,14506.9,14340.26,-1.1486947590456915
NASDAQCOM,2022-01-19 00:00:00,2022-01-20 00:00:00,14340.26,14154.02,-1.2987212226277611
NASDAQCOM,2022-01-20 00:00:00,2022-01-21 00:00:00,14154.02,13768.92,-2.7207817990931225
NASDAQCOM,2022-01-24 00:00:00,2022-01-25 00:00:00,13855.13,13539.29,-2.2795888598663336
NASDAQCOM,2022-01-26 00:00:00,2022-01-27 00:00:00,13542.12,13352.78,-1.3981562709531457
NASDAQCOM,2022-01-27 00:00:00,2022-01-28 00:00:00,13352.78,13770.57,3.1288615554214103
NASDAQCOM,2022-01-28 00:00:00,2022-01-31 00:00:00,13770.57,14239.88,3.408065170868014
NASDAQCOM,2022-02-02 00:00:00,2022-02-03 00:00:00,14417.55,13878.82,-3.7366265419575417
NASDAQCOM,2022-02-03 00:00:00,2022-02-04 00:00:00,13878.82,14098.01,1.5793129387080496
NASDAQCOM,2022-02-07 00:00:00,2022-02-08 00:00:00,14015.67,14194.45,1.2755722701804526
NASDAQCOM,2022-02-08 00:00:00,2022-02-09 00:00:00,14194.45,14490.37,2.0847584795465837
NASDAQCOM,2022-02-09 00:00:00,2022-02-10 00:00:00,14490.37,14185.64,-2.1029828775938872
NASDAQCOM,2022-02-10 00:00:00,2022-02-11 00:00:00,14185.64,13791.15,-2.780910836592496
NASDAQCOM,2022-02-14 00:00:00,2022-02-15 00:00:00,13790.92,14139.76,2.529490418333223
NASDAQCOM,2022-02-16 00:00:00,2022-02-17 00:00:00,14124.09,13716.72,-2.884221213543675
NASDAQCOM,2022-02-17 00:00:00,2022-02-18 00:00:00,13716.72,13548.07,-1.229521343294896
NASDAQCOM,2022-02-18 00:00:00,2022-02-22 00:00:00,13548.07,13381.52,-1.2293263911391015
NASDAQCOM,2022-02-22 00:00:00,2022-02-23 00:00:00,13381.52,13037.49,-2.570933645804069
NASDAQCOM,2022-02-23 00:00:00,2022-02-24 00:00:00,13037.49,13473.59,3.344969008605187
NASDAQCOM,2022-02-24 00:00:00,2022-02-25 00:00:00,13473.59,13694.62,1.6404685017133567
NASDAQCOM,2022-02-28 00:00:00,2022-03-01 00:00:00,13751.4,13532.46,-1.5921288014311308
NASDAQCOM,2022-03-01 00:00:00,2022-03-02 00:00:00,13532.46,13752.02,1.6224692332362431
NASDAQCOM,2022-03-02 00:00:00,2022-03-03 00:00:00,13752.02,13537.94,-1.5567167587016302
NASDAQCOM,2022-03-03 00:00:00,2022-03-04 00:00:00,13537.94,13313.44,-1.6583025186993
NASDAQCOM,2022-03-04 00:00:00,2022-03-07 00:00:00,13313.44,12830.96,-3.62400701847157
NASDAQCOM,2022-03-08 00:00:00,2022-03-09 00:00:00,12795.55,13255.55,3.5949998241576173
NASDAQCOM,2022-03-10 00:00:00,2022-03-11 00:00:00,13129.96,12843.81,-2.179366883067425
NASDAQCOM,2022-03-11 00:00:00,2022-03-14 00:00:00,12843.81,12581.22,-2.0444867994777263
NASDAQCOM,2022-03-14 00:00:00,2022-03-15 00:00:00,12581.22,12948.62,2.9202255425149666
NASDAQCOM,2022-03-15 00:00:00,2022-03-16 00:00:00,12948.62,13436.55,3.768200781241541
NASDAQCOM,2022-03-16 00:00:00,2022-03-17 00:00:00,13436.55,13614.78,1.3264565680922662
NASDAQCOM,2022-03-17 00:00:00,2022-03-18 00:00:00,13614.78,13893.84,2.0496842402154094
NASDAQCOM,2022-03-21 00:00:00,2022-03-22 00:00:00,13838.46,14108.82,1.9536855979639396
NASDAQCOM,2022-03-22 00:00:00,2022-03-23 00:00:00,14108.82,13922.6,-1.319883590548319
NASDAQCOM,2022-03-23 00:00:00,2022-03-24 00:00:00,13922.6,14191.84,1.9338341976354974
NASDAQCOM,2022-03-25 00:00:00,2022-03-28 00:00:00,14169.3,14354.9,1.3098741645670595
NASDAQCOM,2022-03-28 00:00:00,2022-03-29 00:00:00,14354.9,14619.64,1.8442483054566718
NASDAQCOM,2022-03-29 00:00:00,2022-03-30 00:00:00,14619.64,14442.27,-1.2132309687516176
NASDAQCOM,2022-03-30 00:00:00,2022-03-31 00:00:00,14442.27,14220.52,-1.535423447975976
NASDAQCOM,2022-04-01 00:00:00,2022-04-04 00:00:00,14261.5,14532.55,1.9005714686393387
NASDAQCOM,2022-04-04 00:00:00,2022-04-05 00:00:00,14532.55,14204.17,-2.259617204138291
NASDAQCOM,2022-04-05 00:00:00,2022-04-06 00:00:00,14204.17,13888.82,-2.220122682282741
NASDAQCOM,2022-04-07 00:00:00,2022-04-08 00:00:00,13897.3,13711.0,-1.340548164031857
NASDAQCOM,2022-04-08 00:00:00,2022-04-11 00:00:00,13711.0,13411.96,-2.181022536649412
NASDAQCOM,2022-04-12 00:00:00,2022-04-13 00:00:00,13371.57,13643.59,2.034316090032812
NASDAQCOM,2022-04-13 00:00:00,2022-04-14 00:00:00,13643.59,13351.08,-2.1439371895520183
NASDAQCOM,2022-04-18 00:00:00,2022-04-19 00:00:00,13332.36,13619.66,2.1549073082334953
NASDAQCOM,2022-04-19 00:00:00,2022-04-20 00:00:00,13619.66,13453.07,-1.223158287358129
NASDAQCOM,2022-04-20 00:00:00,2022-04-21 00:00:00,13453.07,13174.65,-2.0695647907875308
NASDAQCOM,2022-04-21 00:00:00,2022-04-22 00:00:00,13174.65,12839.29,-2.5454945672180953
NASDAQCOM,2022-04-22 00:00:00,2022-04-25 00:00:00,12839.29,13004.85,1.2894794026772467
NASDAQCOM,2022-04-25 00:00:00,2022-04-26 00:00:00,13004.85,12490.74,-3.9532174534885103
NASDAQCOM,2022-04-27 00:00:00,2022-04-28 00:00:00,12488.93,12871.53,3.063513047154563
NASDAQCOM,2022-04-28 00:00:00,2022-04-29 00:00:00,12871.53,12334.64,-4.1711436014211305
NASDAQCOM,2022-04-29 00:00:00,2022-05-02 00:00:00,12334.64,12536.02,1.6326378394505312
NASDAQCOM,2022-05-03 00:00:00,2022-05-04 00:00:00,12563.76,12964.86,3.1925156163441546
NASDAQCOM,2022-05-04 00:00:00,2022-05-05 00:00:00,12964.86,12317.69,-4.991723782593873
NASDAQCOM,2022-05-05 00:00:00,2022-05-06 00:00:00,12317.69,12144.66,-1.4047276721528195
NASDAQCOM,2022-05-06 00:00:00,2022-05-09 00:00:00,12144.66,11623.25,-4.293327273056635
NASDAQCOM,2022-05-10 00:00:00,2022-05-11 00:00:00,11737.67,11364.24,-3.1814661683281287
NASDAQCOM,2022-05-12 00:00:00,2022-05-13 00:00:00,11370.96,11805.0,3.817091960573258
NASDAQCOM,2022-05-13 00:00:00,2022-05-16 00:00:00,11805.0,11662.79,-1.2046590427784765
NASDAQCOM,2022-05-16 00:00:00,2022-05-17 00:00:00,11662.79,11984.52,2.758602358440815
NASDAQCOM,2022-05-17 00:00:00,2022-05-18 00:00:00,11984.52,11418.15,-4.725846341780904
NASDAQCOM,2022-05-20 00:00:00,2022-05-23 00:00:00,11354.62,11535.27,1.590982349035015
NASDAQCOM,2022-05-23 00:00:00,2022-05-24 00:00:00,11535.27,11264.45,-2.347756055991751
NASDAQCOM,2022-05-24 00:00:00,2022-05-25 00:00:00,11264.45,11434.74,1.5117471336816184
NASDAQCOM,2022-05-25 00:00:00,2022-05-26 00:00:00,11434.74,11740.65,2.67526852381427
NASDAQCOM,2022-05-26 00:00:00,2022-05-27 00:00:00,11740.65,12131.13,3.325880594345284
NASDAQCOM,2022-06-01 00:00:00,2022-06-02 00:00:00,11994.46,12316.9,2.6882410712945854
NASDAQCOM,2022-06-02 00:00:00,2022-06-03 00:00:00,12316.9,12012.73,-2.469533730078186
NASDAQCOM,2022-06-08 00:00:00,2022-06-09 00:00:00,12086.27,11754.23,-2.7472495650022783
NASDAQCOM,2022-06-09 00:00:00,2022-06-10 00:00:00,11754.23,11340.02,-3.52392287712593
NASDAQCOM,2022-06-10 00:00:00,2022-06-13 00:00:00,11340.02,10809.23,-4.680679575521038
NASDAQCOM,2022-06-14 00:00:00,2022-06-15 00:00:00,10828.35,11099.15,2.5008426953321536
NASDAQCOM,2022-06-15 00:00:00,2022-06-16 00:00:00,11099.15,10646.1,-4.081844105179219
NASDAQCOM,2022-06-16 00:00:00,2022-06-17 00:00:00,10646.1,10798.35,1.4301011638064642
NASDAQCOM,2022-06-17 00:00:00,2022-06-21 00:00:00,10798.35,11069.3,2.5091796431862172
NASDAQCOM,2022-06-22 00:00:00,2022-06-23 00:00:00,11053.08,11232.19,1.620453303513596
NASDAQCOM,2022-06-23 00:00:00,2022-06-24 00:00:00,11232.19,11607.62,3.3424470205721257
NASDAQCOM,2022-06-27 00:00:00,2022-06-28 00:00:00,11524.55,11181.54,-2.97634180944157
NASDAQCOM,2022-06-29 00:00:00,2022-06-30 00:00:00,11177.89,11028.74,-1.334330540021414
NASDAQCOM,2022-07-01 00:00:00,2022-07-05 00:00:00,11127.85,11322.24,1.7468783277991653
NASDAQCOM,2022-07-06 00:00:00,2022-07-07 00:00:00,11361.85,11621.35,2.28395903836083
NASDAQCOM,2022-07-08 00:00:00,2022-07-11 00:00:00,11635.31,11372.6,-2.2578685054373206
NASDAQCOM,2022-07-14 00:00:00,2022-07-15 00:00:00,11251.19,11452.42,1.788521925236349
NASDAQCOM,2022-07-18 00:00:00,2022-07-19 00:00:00,11360.05,11713.15,3.1082609671612396
NASDAQCOM,2022-07-19 00:00:00,2022-07-20 00:00:00,11713.15,11897.65,1.5751527129764413
NASDAQCOM,2022-07-20 00:00:00,2022-07-21 00:00:00,11897.65,12059.61,1.3612772270154272
NASDAQCOM,2022-07-21 00:00:00,2022-07-22 00:00:00,12059.61,11834.11,-1.8698780474658796
NASDAQCOM,2022-07-25 00:00:00,2022-07-26 00:00:00,11782.67,11562.57,-1.8679976609715825
NASDAQCOM,2022-07-26 00:00:00,2022-07-27 00:00:00,11562.57,12032.42,4.063542966658799
NASDAQCOM,2022-07-27 00:00:00,2022-07-28 00:00:00,12032.42,12162.59,1.0818272633435342
NASDAQCOM,2022-07-28 00:00:00,2022-07-29 00:00:00,12162.59,12390.69,1.8754229156783246
NASDAQCOM,2022-08-02 00:00:00,2022-08-03 00:00:00,12348.76,12668.16,2.586494514428976
NASDAQCOM,2022-08-08 00:00:00,2022-08-09 00:00:00,12644.46,12493.93,-1.190481839477517
NASDAQCOM,2022-08-09 00:00:00,2022-08-10 00:00:00,12493.93,12854.8,2.888362588873149
NASDAQCOM,2022-08-11 00:00:00,2022-08-12 00:00:00,12779.91,13047.19,2.091407529474
NASDAQCOM,2022-08-16 00:00:00,2022-08-17 00:00:00,13102.55,12938.12,-1.2549465562046966
NASDAQCOM,2022-08-18 00:00:00,2022-08-19 00:00:00,12965.34,12705.22,-2.0062721070176393
NASDAQCOM,2022-08-19 00:00:00,2022-08-22 00:00:00,12705.22,12381.57,-2.5473781642505964
NASDAQCOM,2022-08-24 00:00:00,2022-08-25 00:00:00,12431.53,12639.27,1.671073472050502
NASDAQCOM,2022-08-25 00:00:00,2022-08-26 00:00:00,12639.27,12141.71,-3.9366197573119432
NASDAQCOM,2022-08-26 00:00:00,2022-08-29 00:00:00,12141.71,12017.67,-1.0216023937320118
NASDAQCOM,2022-08-29 00:00:00,2022-08-30 00:00:00,12017.67,11883.14,-1.1194349653468656
NASDAQCOM,2022-09-01 00:00:00,2022-09-02 00:00:00,11785.13,11630.86,-1.3090224715382743
NASDAQCOM,2022-09-06 00:00:00,2022-09-07 00:00:00,11544.91,11791.9,2.1393843693887593
NASDAQCOM,2022-09-08 00:00:00,2022-09-09 00:00:00,11862.13,12112.31,2.109064729521598
NASDAQCOM,2022-09-09 00:00:00,2022-09-12 00:00:00,12112.31,12266.41,1.2722593790944945
NASDAQCOM,2022-09-12 00:00:00,2022-09-13 00:00:00,12266.41,11633.57,-5.159129688311415
NASDAQCOM,2022-09-14 00:00:00,2022-09-15 00:00:00,11719.68,11552.36,-1.4276840323285251
NASDAQCOM,2022-09-20 00:00:00,2022-09-21 00:00:00,11425.05,11220.19,-1.7930774920022126
NASDAQCOM,2022-09-21 00:00:00,2022-09-22 00:00:00,11220.19,11066.81,-1.3670000240637727
NASDAQCOM,2022-09-22 00:00:00,2022-09-23 00:00:00,11066.81,10867.93,-1.7970851582343892
NASDAQCOM,2022-09-27 00:00:00,2022-09-28 00:00:00,10829.5,11051.64,2.0512489034581414
NASDAQCOM,2022-09-28 00:00:00,2022-09-29 00:00:00,11051.64,10737.51,-2.8423835738406176
NASDAQCOM,2022-09-29 00:00:00,2022-09-30 00:00:00,10737.51,10575.62,-1.5077052314735857
NASDAQCOM,2022-09-30 00:00:00,2022-10-03 00:00:00,10575.62,10815.43,2.2675739105603214
NASDAQCOM,2022-10-03 00:00:00,2022-10-04 00:00:00,10815.43,11176.41,3.3376389103345825
NASDAQCOM,2022-10-06 00:00:00,2022-10-07 00:00:00,11073.31,10652.4,-3.801121796463748
NASDAQCOM,2022-10-07 00:00:00,2022-10-10 00:00:00,10652.4,10542.1,-1.0354474109120881
NASDAQCOM,2022-10-10 00:00:00,2022-10-11 00:00:00,10542.1,10426.19,-1.0994963052902158
NASDAQCOM,2022-10-12 00:00:00,2022-10-13 00:00:00,10417.1,10649.15,2.2275873323669666
NASDAQCOM,2022-10-13 00:00:00,2022-10-14 00:00:00,10649.15,10321.39,-3.077804331801132
NASDAQCOM,2022-10-14 00:00:00,2022-10-17 00:00:00,10321.39,10675.8,3.433742935786748
NASDAQCOM,2022-10-20 00:00:00,2022-10-21 00:00:00,10614.84,10859.72,2.306958936733848
NASDAQCOM,2022-10-24 00:00:00,2022-10-25 00:00:00,10952.61,11199.12,2.2506964093490063
NASDAQCOM,2022-10-25 00:00:00,2022-10-26 00:00:00,11199.12,10970.99,-2.037035052754154
NASDAQCOM,2022-10-26 00:00:00,2022-10-27 00:00:00,10970.99,10792.67,-1.6253774727713701
NASDAQCOM,2022-10-27 00:00:00,2022-10-28 00:00:00,10792.67,11102.45,2.870281403952874
NASDAQCOM,2022-10-28 00:00:00,2022-10-31 00:00:00,11102.45,10988.15,-1.0295024971965745
NASDAQCOM,2022-11-01 00:00:00,2022-11-02 00:00:00,10890.85,10524.8,-3.3610783364016683
NASDAQCOM,2022-11-02 00:00:00,2022-11-03 00:00:00,10524.8,10342.94,-1.727918820310113
NASDAQCOM,2022-11-03 00:00:00,2022-11-04 00:00:00,10342.94,10475.25,1.2792300835159005
NASDAQCOM,2022-11-08 00:00:00,2022-11-09 00:00:00,10616.2,10353.17,-2.4776285299824856
NASDAQCOM,2022-11-09 00:00:00,2022-11-10 00:00:00,10353.17,11114.15,7.3502125435977534
NASDAQCOM,2022-11-10 00:00:00,2022-11-11 00:00:00,11114.15,11323.33,1.8821052442157098
NASDAQCOM,2022-11-11 00:00:00,2022-11-14 00:00:00,11323.33,11196.22,-1.1225496386663691
NASDAQCOM,2022-11-14 00:00:00,2022-11-15 00:00:00,11196.22,11358.41,1.4486139071936825
NASDAQCOM,2022-11-15 00:00:00,2022-11-16 00:00:00,11358.41,11183.66,-1.5385075904109817
NASDAQCOM,2022-11-18 00:00:00,2022-11-21 00:00:00,11146.06,11024.51,-1.0905198787733
NASDAQCOM,2022-11-21 00:00:00,2022-11-22 00:00:00,11024.51,11174.41,1.3596976192139119
NASDAQCOM,2022-11-25 00:00:00,2022-11-28 00:00:00,11226.36,11049.5,-1.5753993280101526
NASDAQCOM,2022-11-29 00:00:00,2022-11-30 00:00:00,10983.78,11468.0,4.408500534424391
NASDAQCOM,2022-12-02 00:00:00,2022-12-05 00:00:00,11461.5,11239.94,-1.933080312350037
NASDAQCOM,2022-12-05 00:00:00,2022-12-06 00:00:00,11239.94,11014.89,-2.0022348873748532
NASDAQCOM,2022-12-07 00:00:00,2022-12-08 00:00:00,10958.55,11082.0,1.126517650601592
NASDAQCOM,2022-12-09 00:00:00,2022-12-12 00:00:00,11004.62,11143.74,1.2641963102769471
NASDAQCOM,2022-12-12 00:00:00,2022-12-13 00:00:00,11143.74,11256.81,1.014650377700841
NASDAQCOM,2022-12-14 00:00:00,2022-12-15 00:00:00,11170.89,10810.53,-3.225884419236057
NASDAQCOM,2022-12-16 00:00:00,2022-12-19 00:00:00,10705.41,10546.03,-1.4887799719954602
NASDAQCOM,2022-12-20 00:00:00,2022-12-21 00:00:00,10547.11,10709.37,1.5384309066654298
NASDAQCOM,2022-12-21 00:00:00,2022-12-22 00:00:00,10709.37,10476.12,-2.1779992660632694
NASDAQCOM,2022-12-23 00:00:00,2022-12-27 00:00:00,10497.86,10353.23,-1.3777093617175407
NASDAQCOM,2022-12-27 00:00:00,2022-12-28 00:00:00,10353.23,10213.29,-1.3516554737023971
NASDAQCOM,2022-12-28 00:00:00,2022-12-29 00:00:00,10213.29,10478.09,2.5927002953994185
NASDAQCOM,2023-01-04 00:00:00,2023-01-05 00:00:00,10458.76,10305.24,-1.4678604346978077
NASDAQCOM,2023-01-05 00:00:00,2023-01-06 00:00:00,10305.24,10569.29,2.5622886997294687
NASDAQCOM,2023-01-09 00:00:00,2023-01-10 00:00:00,10635.65,10742.63,1.0058623591411862
NASDAQCOM,2023-01-10 00:00:00,2023-01-11 00:00:00,10742.63,10931.67,1.759718057868519
NASDAQCOM,2023-01-17 00:00:00,2023-01-18 00:00:00,11095.11,10957.01,-1.2446924816428169
NASDAQCOM,2023-01-19 00:00:00,2023-01-20 00:00:00,10852.27,11140.43,2.655297002378303
NASDAQCOM,2023-01-20 00:00:00,2023-01-23 00:00:00,11140.43,11364.41,2.0105148544535494
NASDAQCOM,2023-01-25 00:00:00,2023-01-26 00:00:00,11313.36,11512.41,1.759424255923963
NASDAQCOM,2023-01-27 00:00:00,2023-01-30 00:00:00,11621.71,11393.81,-1.960985087392472
NASDAQCOM,2023-01-30 00:00:00,2023-01-31 00:00:00,11393.81,11584.55,1.6740668836850867
NASDAQCOM,2023-01-31 00:00:00,2023-02-01 00:00:00,11584.55,11816.32,2.000681942759973
NASDAQCOM,2023-02-01 00:00:00,2023-02-02 00:00:00,11816.32,12200.82,3.253974164545307
NASDAQCOM,2023-02-02 00:00:00,2023-02-03 00:00:00,12200.82,12006.95,-1.5889915595836919
NASDAQCOM,2023-02-06 00:00:00,2023-02-07 00:00:00,11887.45,12113.79,1.9040248329120217
NASDAQCOM,2023-02-07 00:00:00,2023-02-08 00:00:00,12113.79,11910.52,-1.6780049844020775
NASDAQCOM,2023-02-08 00:00:00,2023-02-09 00:00:00,11910.52,11789.58,-1.0154048689729795
NASDAQCOM,2023-02-10 00:00:00,2023-02-13 00:00:00,11718.12,11891.79,1.4820636757432084
NASDAQCOM,2023-02-15 00:00:00,2023-02-16 00:00:00,12070.59,11855.83,-1.7792005196100622
NASDAQCOM,2023-02-17 00:00:00,2023-02-21 00:00:00,11787.27,11492.3,-2.5024454347783767
NASDAQCOM,2023-02-23 00:00:00,2023-02-24 00:00:00,11590.4,11394.94,-1.6863956377691807
NASDAQCOM,2023-03-02 00:00:00,2023-03-03 00:00:00,11462.98,11689.01,1.971825825396194
NASDAQCOM,2023-03-06 00:00:00,2023-03-07 00:00:00,11675.74,11530.33,-1.2454028609749777
NASDAQCOM,2023-03-08 00:00:00,2023-03-09 00:00:00,11576.0,11338.35,-2.052954388389769
NASDAQCOM,2023-03-09 00:00:00,2023-03-10 00:00:00,11338.35,11138.89,-1.7591624883691273
NASDAQCOM,2023-03-13 00:00:00,2023-03-14 00:00:00,11188.84,11428.15,2.13882761751888
NASDAQCOM,2023-03-15 00:00:00,2023-03-16 00:00:00,11434.05,11717.28,2.477075052146889
NASDAQCOM,2023-03-20 00:00:00,2023-03-21 00:00:00,11675.54,11860.11,1.5808262401567696
NASDAQCOM,2023-03-21 00:00:00,2023-03-22 00:00:00,11860.11,11669.96,-1.6032734940907079
NASDAQCOM,2023-03-22 00:00:00,2023-03-23 00:00:00,11669.96,11787.4,1.0063444947540567
NASDAQCOM,2023-03-28 00:00:00,2023-03-29 00:00:00,11716.08,11926.24,1.7937740268076
NASDAQCOM,2023-03-30 00:00:00,2023-03-31 00:00:00,12013.47,12221.91,1.735052403676877
NASDAQCOM,2023-04-04 00:00:00,2023-04-05 00:00:00,12126.33,11996.86,-1.0676767002052505
NASDAQCOM,2023-04-12 00:00:00,2023-04-13 00:00:00,11929.34,12166.27,1.9861115535310443
NASDAQCOM,2023-04-24 00:00:00,2023-04-25 00:00:00,12037.2,11799.16,-1.9775363041238898
NASDAQCOM,2023-04-26 00:00:00,2023-04-27 00:00:00,11854.35,12142.24,2.4285599800916913
NASDAQCOM,2023-05-01 00:00:00,2023-05-02 00:00:00,12212.6,12080.51,-1.0815878682672007
NASDAQCOM,2023-05-04 00:00:00,2023-05-05 00:00:00,11966.4,12235.41,2.2480445246690755
NASDAQCOM,2023-05-09 00:00:00,2023-05-10 00:00:00,12179.55,12306.44,1.0418283105697768
NASDAQCOM,2023-05-16 00:00:00,2023-05-17 00:00:00,12343.05,12500.57,1.2761837633324054
NASDAQCOM,2023-05-17 00:00:00,2023-05-18 00:00:00,12500.57,12688.84,1.5060913222357095
NASDAQCOM,2023-05-22 00:00:00,2023-05-23 00:00:00,12720.78,12560.25,-1.2619509181040836
NASDAQCOM,2023-05-24 00:00:00,2023-05-25 00:00:00,12484.16,12698.09,1.7136114884782019
NASDAQCOM,2023-05-25 00:00:00,2023-05-26 00:00:00,12698.09,12975.69,2.1861555556780616
NASDAQCOM,2023-05-31 00:00:00,2023-06-01 00:00:00,12935.29,13100.98,1.2809144595907682
NASDAQCOM,2023-06-01 00:00:00,2023-06-02 00:00:00,13100.98,13240.77,1.067019413814851
NASDAQCOM,2023-06-06 00:00:00,2023-06-07 00:00:00,13276.42,13104.89,-1.2919898587119167
NASDAQCOM,2023-06-07 00:00:00,2023-06-08 00:00:00,13104.89,13238.52,1.0196957013756012
NASDAQCOM,2023-06-09 00:00:00,2023-06-12 00:00:00,13259.14,13461.92,1.5293601244122972
NASDAQCOM,2023-06-14 00:00:00,2023-06-15 00:00:00,13626.48,13782.82,1.1473249144313142
NASDAQCOM,2023-06-20 00:00:00,2023-06-21 00:00:00,13667.29,13502.2,-1.2079205167959424
NASDAQCOM,2023-06-22 00:00:00,2023-06-23 00:00:00,13630.61,13492.52,-1.0130874553670022
NASDAQCOM,2023-06-23 00:00:00,2023-06-26 00:00:00,13492.52,13335.78,-1.1616806941920397
NASDAQCOM,2023-06-26 00:00:00,2023-06-27 00:00:00,13335.78,13555.67,1.6488724319087402
NASDAQCOM,2023-06-29 00:00:00,2023-06-30 00:00:00,13591.33,13787.92,1.4464368093483135
NASDAQCOM,2023-07-11 00:00:00,2023-07-12 00:00:00,13760.7,13918.96,1.1500868415124113
NASDAQCOM,2023-07-12 00:00:00,2023-07-13 00:00:00,13918.96,14138.57,1.5777759257875632
NASDAQCOM,2023-07-19 00:00:00,2023-07-20 00:00:00,14358.02,14063.31,-2.052581066191584
NASDAQCOM,2023-07-27 00:00:00,2023-07-28 00:00:00,14050.11,14316.66,1.8971381718719587
NASDAQCOM,2023-08-01 00:00:00,2023-08-02 00:00:00,14283.91,13973.45,-2.1734945123569047
NASDAQCOM,2023-08-08 00:00:00,2023-08-09 00:00:00,13867.19,13705.08,-1.1690183807966905
NASDAQCOM,2023-08-11 00:00:00,2023-08-14 00:00:00,13644.85,13788.33,1.0515322630882682
NASDAQCOM,2023-08-14 00:00:00,2023-08-15 00:00:00,13788.33,13631.05,-1.1406747590172315
NASDAQCOM,2023-08-15 00:00:00,2023-08-16 00:00:00,13631.05,13474.63,-1.147527153080651
NASDAQCOM,2023-08-16 00:00:00,2023-08-17 00:00:00,13474.63,13316.93,-1.170347534589068
NASDAQCOM,2023-08-18 00:00:00,2023-08-21 00:00:00,13290.78,13497.59,1.556041105187201
NASDAQCOM,2023-08-22 00:00:00,2023-08-23 00:00:00,13505.87,13721.03,1.5930850807833914
NASDAQCOM,2023-08-23 00:00:00,2023-08-24 00:00:00,13721.03,13463.97,-1.8734745132107524
NASDAQCOM,2023-08-28 00:00:00,2023-08-29 00:00:00,13705.13,13943.76,1.7411728309034722
NASDAQCOM,2023-09-05 00:00:00,2023-09-06 00:00:00,14020.95,13872.47,-1.058986730571048
NASDAQCOM,2023-09-08 00:00:00,2023-09-11 00:00:00,13761.53,13917.91,1.1363562045789908
NASDAQCOM,2023-09-11 00:00:00,2023-09-12 00:00:00,13917.91,13773.63,-1.0366498993024145
NASDAQCOM,2023-09-14 00:00:00,2023-09-15 00:00:00,13926.05,13708.33,-1.5634009643797009
NASDAQCOM,2023-09-19 00:00:00,2023-09-20 00:00:00,13678.19,13469.13,-1.5284185992445
NASDAQCOM,2023-09-20 00:00:00,2023-09-21 00:00:00,13469.13,13223.98,-1.82008786016617
NASDAQCOM,2023-09-25 00:00:00,2023-09-26 00:00:00,13271.32,13063.61,-1.5651043000997573
NASDAQCOM,2023-10-02 00:00:00,2023-10-03 00:00:00,13307.77,13059.47,-1.865827257309084
NASDAQCOM,2023-10-03 00:00:00,2023-10-04 00:00:00,13059.47,13236.01,1.3518159619035142
NASDAQCOM,2023-10-05 00:00:00,2023-10-06 00:00:00,13219.83,13431.34,1.5999449312131868
NASDAQCOM,2023-10-12 00:00:00,2023-10-13 00:00:00,13574.22,13407.23,-1.230199598945647
NASDAQCOM,2023-10-13 00:00:00,2023-10-16 00:00:00,13407.23,13567.98,1.1989799533535266
NASDAQCOM,2023-10-17 00:00:00,2023-10-18 00:00:00,13533.75,13314.3,-1.6215018010529287
NASDAQCOM,2023-10-19 00:00:00,2023-10-20 00:00:00,13186.18,12983.81,-1.5347128584624266
NASDAQCOM,2023-10-24 00:00:00,2023-10-25 00:00:00,13139.87,12821.22,-2.4250620439928356
NASDAQCOM,2023-10-25 00:00:00,2023-10-26 00:00:00,12821.22,12595.61,-1.7596609371027
NASDAQCOM,2023-10-27 00:00:00,2023-10-30 00:00:00,12643.01,12789.48,1.1585057672184025
NASDAQCOM,2023-10-31 00:00:00,2023-11-01 00:00:00,12851.24,13061.47,1.6358732698167615
NASDAQCOM,2023-11-01 00:00:00,2023-11-02 00:00:00,13061.47,13294.19,1.7817290090625417
NASDAQCOM,2023-11-02 00:00:00,2023-11-03 00:00:00,13294.19,13478.28,1.3847402511924392
NASDAQCOM,2023-11-09 00:00:00,2023-11-10 00:00:00,13521.45,13798.11,2.0460823358441576
NASDAQCOM,2023-11-13 00:00:00,2023-11-14 00:00:00,13767.74,14094.38,2.372502676546764
NASDAQCOM,2023-11-17 00:00:00,2023-11-20 00:00:00,14125.48,14284.53,1.1259794357430764
NASDAQCOM,2023-12-06 00:00:00,2023-12-07 00:00:00,14146.71,14339.99,1.3662540618984955
NASDAQCOM,2023-12-12 00:00:00,2023-12-13 00:00:00,14533.4,14733.96,1.379993669753805
NASDAQCOM,2023-12-19 00:00:00,2023-12-20 00:00:00,15003.22,14777.94,-1.5015443351493802
NASDAQCOM,2023-12-20 00:00:00,2023-12-21 00:00:00,14777.94,14963.87,1.2581591209600274
NASDAQCOM,2023-12-29 00:00:00,2024-01-02 00:00:00,15011.35,14765.94,-1.6348296455681859
NASDAQCOM,2024-01-02 00:00:00,2024-01-03 00:00:00,14765.94,14592.21,-1.1765590270582258
NASDAQCOM,2024-01-05 00:00:00,2024-01-08 00:00:00,14524.07,14843.77,2.2011736379678752
NASDAQCOM,2024-01-17 00:00:00,2024-01-18 00:00:00,14855.62,15055.65,1.3464937848437077
NASDAQCOM,2024-01-18 00:00:00,2024-01-19 00:00:00,15055.65,15310.97,1.695841760402239
NASDAQCOM,2024-01-26 00:00:00,2024-01-29 00:00:00,15455.36,15628.04,1.1172822891217045
NASDAQCOM,2024-01-30 00:00:00,2024-01-31 00:00:00,15509.9,15164.01,-2.230123985325498
NASDAQCOM,2024-01-31 00:00:00,2024-02-01 00:00:00,15164.01,15361.64,1.3032832344478749
NASDAQCOM,2024-02-01 00:00:00,2024-02-02 00:00:00,15361.64,15628.95,1.74011368577835
NASDAQCOM,2024-02-08 00:00:00,2024-02-09 00:00:00,15793.71,15990.66,1.2470154257612729
NASDAQCOM,2024-02-12 00:00:00,2024-02-13 00:00:00,15942.55,15655.6,-1.799900266895816
NASDAQCOM,2024-02-13 00:00:00,2024-02-14 00:00:00,15655.6,15859.15,1.3001737397480726
NASDAQCOM,2024-02-21 00:00:00,2024-02-22 00:00:00,15580.87,16041.62,2.9571519433767177
NASDAQCOM,2024-02-29 00:00:00,2024-03-01 00:00:00,16091.92,16274.94,1.137340976092352
NASDAQCOM,2024-03-04 00:00:00,2024-03-05 00:00:00,16207.51,15939.59,-1.6530608341441717
NASDAQCOM,2024-03-06 00:00:00,2024-03-07 00:00:00,16031.54,16273.38,1.5085263174966244
NASDAQCOM,2024-03-07 00:00:00,2024-03-08 00:00:00,16273.38,16085.11,-1.156920074379131
NASDAQCOM,2024-03-11 00:00:00,2024-03-12 00:00:00,16019.27,16265.64,1.5379602191610415
NASDAQCOM,2024-03-19 00:00:00,2024-03-20 00:00:00,16166.79,16369.41,1.2533100262946384
NASDAQCOM,2024-04-03 00:00:00,2024-04-04 00:00:00,16277.46,16049.08,-1.4030444553388504
NASDAQCOM,2024-04-04 00:00:00,2024-04-05 00:00:00,16049.08,16248.52,1.2426880543931522
NASDAQCOM,2024-04-10 00:00:00,2024-04-11 00:00:00,16170.36,16442.2,1.681100482611396
NASDAQCOM,2024-04-11 00:00:00,2024-04-12 00:00:00,16442.2,16175.09,-1.624539295228136
NASDAQCOM,2024-04-12 00:00:00,2024-04-15 00:00:00,16175.09,15885.02,-1.7933130511174882
NASDAQCOM,2024-04-16 00:00:00,2024-04-17 00:00:00,15865.25,15683.37,-1.1464048785868435
NASDAQCOM,2024-04-18 00:00:00,2024-04-19 00:00:00,15601.5,15282.01,-2.0478159151363635
NASDAQCOM,2024-04-19 00:00:00,2024-04-22 00:00:00,15282.01,15451.31,1.107838563120946
NASDAQCOM,2024-04-22 00:00:00,2024-04-23 00:00:00,15451.31,15696.64,1.5877618143704315
NASDAQCOM,2024-04-25 00:00:00,2024-04-26 00:00:00,15611.76,15927.9,2.0250119140955243
NASDAQCOM,2024-04-29 00:00:00,2024-04-30 00:00:00,15983.08,15657.82,-2.0350270410959603
NASDAQCOM,2024-05-01 00:00:00,2024-05-02 00:00:00,15605.48,15840.96,1.508957109938301
NASDAQCOM,2024-05-02 00:00:00,2024-05-03 00:00:00,15840.96,16156.33,1.9908515645516485
NASDAQCOM,2024-05-03 00:00:00,2024-05-06 00:00:00,16156.33,16349.25,1.1940830621805822
NASDAQCOM,2024-05-14 00:00:00,2024-05-15 00:00:00,16511.18,16742.39,1.4003239017441462
NASDAQCOM,2024-05-23 00:00:00,2024-05-24 00:00:00,16736.03,16920.79,1.103965516314216
NASDAQCOM,2024-05-29 00:00:00,2024-05-30 00:00:00,16920.58,16737.08,-1.0844781916459127
NASDAQCOM,2024-06-04 00:00:00,2024-06-05 00:00:00,16857.05,17187.9,1.9626803028999866
NASDAQCOM,2024-06-11 00:00:00,2024-06-12 00:00:00,17343.55,17608.44,1.5273113059321732
NASDAQCOM,2024-06-21 00:00:00,2024-06-24 00:00:00,17689.36,17496.82,-1.0884509106038933
NASDAQCOM,2024-06-24 00:00:00,2024-06-25 00:00:00,17496.82,17717.65,1.262115058622091
NASDAQCOM,2024-07-09 00:00:00,2024-07-10 00:00:00,18429.29,18647.45,1.1837677957208326
NASDAQCOM,2024-07-10 00:00:00,2024-07-11 00:00:00,18647.45,18283.41,-1.9522240306315386
NASDAQCOM,2024-07-16 00:00:00,2024-07-17 00:00:00,18509.34,17996.92,-2.7684401496757953
NASDAQCOM,2024-07-19 00:00:00,2024-07-22 00:00:00,17726.94,18007.57,1.5830707386610494
NASDAQCOM,2024-07-23 00:00:00,2024-07-24 00:00:00,17997.35,17342.41,-3.639091310665174
NASDAQCOM,2024-07-25 00:00:00,2024-07-26 00:00:00,17181.72,17357.88,1.0252756999881258
NASDAQCOM,2024-07-29 00:00:00,2024-07-30 00:00:00,17370.2,17147.42,-1.2825413639451615
NASDAQCOM,2024-07-30 00:00:00,2024-07-31 00:00:00,17147.42,17599.4,2.635848425010895
NASDAQCOM,2024-07-31 00:00:00,2024-08-01 00:00:00,17599.4,17194.15,-2.302635317113083
NASDAQCOM,2024-08-01 00:00:00,2024-08-02 00:00:00,17194.15,16776.16,-2.4310012417014017
NASDAQCOM,2024-08-02 00:00:00,2024-08-05 00:00:00,16776.16,16200.08,-3.4339205157795343
NASDAQCOM,2024-08-05 00:00:00,2024-08-06 00:00:00,16200.08,16366.85,1.0294393607932828
NASDAQCOM,2024-08-06 00:00:00,2024-08-07 00:00:00,16366.85,16195.81,-1.045039210355083
NASDAQCOM,2024-08-07 00:00:00,2024-08-08 00:00:00,16195.81,16660.02,2.8662351558829164
NASDAQCOM,2024-08-12 00:00:00,2024-08-13 00:00:00,16780.61,17187.61,2.4254183846713557
NASDAQCOM,2024-08-14 00:00:00,2024-08-15 00:00:00,17192.6,17594.5,2.3376336330747036
NASDAQCOM,2024-08-16 00:00:00,2024-08-19 00:00:00,17631.72,17876.77,1.3898247022978998
NASDAQCOM,2024-08-21 00:00:00,2024-08-22 00:00:00,17918.99,17619.35,-1.672192461740327
NASDAQCOM,2024-08-22 00:00:00,2024-08-23 00:00:00,17619.35,17877.79,1.4667964482231315
NASDAQCOM,2024-08-27 00:00:00,2024-08-28 00:00:00,17754.82,17556.03,-1.119639624620249
NASDAQCOM,2024-08-29 00:00:00,2024-08-30 00:00:00,17516.43,17713.62,1.1257430880607446
NASDAQCOM,2024-08-30 00:00:00,2024-09-03 00:00:00,17713.62,17136.3,-3.2591869984791346
NASDAQCOM,2024-09-05 00:00:00,2024-09-06 00:00:00,17127.66,16690.83,-2.550435961479841
NASDAQCOM,2024-09-06 00:00:00,2024-09-09 00:00:00,16690.83,16884.6,1.1609368737204608
NASDAQCOM,2024-09-10 00:00:00,2024-09-11 00:00:00,17025.88,17395.53,2.1711065742269873
NASDAQCOM,2024-09-11 00:00:00,2024-09-12 00:00:00,17395.53,17569.68,1.0011192530494988
NASDAQCOM,2024-09-18 00:00:00,2024-09-19 00:00:00,17573.3,18013.98,2.5076678825263343
NASDAQCOM,2024-09-30 00:00:00,2024-10-01 00:00:00,18189.17,17910.36,-1.5328351980876407
NASDAQCOM,2024-10-03 00:00:00,2024-10-04 00:00:00,17918.48,18137.85,1.2242667904866875
NASDAQCOM,2024-10-04 00:00:00,2024-10-07 00:00:00,18137.85,17923.9,-1.179577513321574
NASDAQCOM,2024-10-07 00:00:00,2024-10-08 00:00:00,17923.9,18182.92,1.4451096022628824
NASDAQCOM,2024-10-14 00:00:00,2024-10-15 00:00:00,18502.69,18315.59,-1.0112043167777147
NASDAQCOM,2024-10-22 00:00:00,2024-10-23 00:00:00,18573.13,18276.65,-1.5962845250100524
NASDAQCOM,2024-10-30 00:00:00,2024-10-31 00:00:00,18607.93,18095.15,-2.7557068411155825
NASDAQCOM,2024-11-04 00:00:00,2024-11-05 00:00:00,18179.98,18439.17,1.4256891371717608
NASDAQCOM,2024-11-05 00:00:00,2024-11-06 00:00:00,18439.17,18983.47,2.9518682240035914
NASDAQCOM,2024-11-06 00:00:00,2024-11-07 00:00:00,18983.47,19269.46,1.5065211997595696
NASDAQCOM,2024-11-14 00:00:00,2024-11-15 00:00:00,19107.65,18680.12,-2.237480799575052
NASDAQCOM,2024-11-18 00:00:00,2024-11-19 00:00:00,18791.81,18987.47,1.0411982666917123
NASDAQCOM,2024-12-03 00:00:00,2024-12-04 00:00:00,19480.91,19735.12,1.3049185074003171
NASDAQCOM,2024-12-10 00:00:00,2024-12-11 00:00:00,19687.24,20034.89,1.7658645904656916
NASDAQCOM,2024-12-13 00:00:00,2024-12-16 00:00:00,19926.72,20173.89,1.2403948065712682
NASDAQCOM,2024-12-17 00:00:00,2024-12-18 00:00:00,20109.06,19392.69,-3.562424101375214
NASDAQCOM,2024-12-19 00:00:00,2024-12-20 00:00:00,19372.77,19572.6,1.0314993674110522
NASDAQCOM,2024-12-23 00:00:00,2024-12-24 00:00:00,19764.89,20031.13,1.3470350707744976
NASDAQCOM,2024-12-26 00:00:00,2024-12-27 00:00:00,20020.36,19722.03,-1.490133044560646
NASDAQCOM,2024-12-27 00:00:00,2024-12-30 00:00:00,19722.03,19486.78,-1.1928285272864914
NASDAQCOM,2025-01-02 00:00:00,2025-01-03 00:00:00,19280.79,19621.68,1.7680292145705618
NASDAQCOM,2025-01-03 00:00:00,2025-01-06 00:00:00,19621.68,19864.98,1.2399549885636667
NASDAQCOM,2025-01-06 00:00:00,2025-01-07 00:00:00,19864.98,19489.68,-1.8892543561584219
NASDAQCOM,2025-01-08 00:00:00,2025-01-10 00:00:00,19478.88,19161.63,-1.6286870703038365
NASDAQCOM,2025-01-14 00:00:00,2025-01-15 00:00:00,19044.39,19511.23,2.4513255609657234
NASDAQCOM,2025-01-16 00:00:00,2025-01-17 00:00:00,19338.29,19630.2,1.5094923077479954
NASDAQCOM,2025-01-21 00:00:00,2025-01-22 00:00:00,19756.78,20009.34,1.2783459652838232
NASDAQCOM,2025-01-24 00:00:00,2025-01-27 00:00:00,19954.3,19341.83,-3.069363495587405
NASDAQCOM,2025-01-27 00:00:00,2025-01-28 00:00:00,19341.83,19733.59,2.02545467517809
NASDAQCOM,2025-01-31 00:00:00,2025-02-03 00:00:00,19627.44,19391.96,-1.1997489229364584
NASDAQCOM,2025-02-03 00:00:00,2025-02-04 00:00:00,19391.96,19654.02,1.3513848007112295
NASDAQCOM,2025-02-06 00:00:00,2025-02-07 00:00:00,19791.99,19523.4,-1.3570641456468002
NASDAQCOM,2025-02-12 00:00:00,2025-02-13 00:00:00,19649.95,19945.64,1.5047875439886549
NASDAQCOM,2025-02-20 00:00:00,2025-02-21 00:00:00,19962.36,19524.01,-2.1958826511494745
NASDAQCOM,2025-02-21 00:00:00,2025-02-24 00:00:00,19524.01,19286.92,-1.2143509453232209
NASDAQCOM,2025-02-24 00:00:00,2025-02-25 00:00:00,19286.92,19026.39,-1.35081184554091
NASDAQCOM,2025-02-26 00:00:00,2025-02-27 00:00:00,19075.26,18544.42,-2.7828716358256727
NASDAQCOM,2025-02-27 00:00:00,2025-02-28 00:00:00,18544.42,18847.28,1.6331597321458458
NASDAQCOM,2025-02-28 00:00:00,2025-03-03 00:00:00,18847.28,18350.19,-2.6374628063041463
NASDAQCOM,2025-03-04 00:00:00,2025-03-05 00:00:00,18285.16,18552.73,1.4633177943206388
NASDAQCOM,2025-03-05 00:00:00,2025-03-06 00:00:00,18552.73,18069.26,-2.6059237643193276
NASDAQCOM,2025-03-07 00:00:00,2025-03-10 00:00:00,18196.22,17468.32,-4.00028137712119
NASDAQCOM,2025-03-11 00:00:00,2025-03-12 00:00:00,17436.1,17648.45,1.2178755570339823
NASDAQCOM,2025-03-12 00:00:00,2025-03-13 00:00:00,17648.45,17303.01,-1.9573390297731659
NASDAQCOM,2025-03-13 00:00:00,2025-03-14 00:00:00,17303.01,17754.09,2.6069452655925285
NASDAQCOM,2025-03-17 00:00:00,2025-03-18 00:00:00,17808.66,17504.12,-1.7100669000362796
NASDAQCOM,2025-03-18 00:00:00,2025-03-19 00:00:00,17504.12,17750.79,1.40921108858944
NASDAQCOM,2025-03-21 00:00:00,2025-03-24 00:00:00,17784.05,18188.59,2.274734945077195
NASDAQCOM,2025-03-25 00:00:00,2025-03-26 00:00:00,18271.86,17899.01,-2.040569487725947
NASDAQCOM,2025-03-27 00:00:00,2025-03-28 00:00:00,17804.03,17322.99,-2.701860196820592
NASDAQCOM,2025-04-02 00:00:00,2025-04-03 00:00:00,17601.05,16550.61,-5.968053042290084
NASDAQCOM,2025-04-03 00:00:00,2025-04-04 00:00:00,16550.61,15587.79,-5.817429085695329
NASDAQCOM,2025-04-07 00:00:00,2025-04-08 00:00:00,15603.26,15267.91,-2.1492303531441532
NASDAQCOM,2025-04-08 00:00:00,2025-04-09 00:00:00,15267.91,17124.97,12.163157891289648
NASDAQCOM,2025-04-09 00:00:00,2025-04-10 00:00:00,17124.97,16387.31,-4.307511195640049
NASDAQCOM,2025-04-10 00:00:00,2025-04-11 00:00:00,16387.31,16724.46,2.0573846470225914
NASDAQCOM,2025-04-15 00:00:00,2025-04-16 00:00:00,16823.17,16307.16,-3.067257835473329
NASDAQCOM,2025-04-17 00:00:00,2025-04-21 00:00:00,16286.45,15870.9,-2.551507541545279
NASDAQCOM,2025-04-21 00:00:00,2025-04-22 00:00:00,15870.9,16300.42,2.706336754689403
NASDAQCOM,2025-04-22 00:00:00,2025-04-23 00:00:00,16300.42,16708.05,2.5007331099444015
NASDAQCOM,2025-04-23 00:00:00,2025-04-24 00:00:00,16708.05,17166.04,2.7411337648618574
NASDAQCOM,2025-04-24 00:00:00,2025-04-25 00:00:00,17166.04,17382.94,1.2635412710211429
NASDAQCOM,2025-04-30 00:00:00,2025-05-01 00:00:00,17446.34,17710.74,1.5155041114640748
NASDAQCOM,2025-05-01 00:00:00,2025-05-02 00:00:00,17710.74,17977.73,1.507503356720261
NASDAQCOM,2025-05-07 00:00:00,2025-05-08 00:00:00,17738.16,17928.14,1.071024277602635
NASDAQCOM,2025-05-09 00:00:00,2025-05-12 00:00:00,17928.92,18708.34,4.347278029016818
NASDAQCOM,2025-05-12 00:00:00,2025-05-13 00:00:00,18708.34,19010.08,1.6128635677991825
NASDAQCOM,2025-05-20 00:00:00,2025-05-21 00:00:00,19142.71,18872.64,-1.4108242772313833
NASDAQCOM,2025-05-23 00:00:00,2025-05-27 00:00:00,18737.21,19199.16,2.465415075136591
NASDAQCOM,2025-06-05 00:00:00,2025-06-06 00:00:00,19298.45,19529.95,1.199578204467198
NASDAQCOM,2025-06-12 00:00:00,2025-06-13 00:00:00,19662.48,19406.83,-1.3001920408819123
NASDAQCOM,2025-06-13 00:00:00,2025-06-16 00:00:00,19406.83,19701.21,1.5168886417822869
NASDAQCOM,2025-06-23 00:00:00,2025-06-24 00:00:00,19630.97,19912.53,1.4342643282527439
NASDAQCOM,2025-07-02 00:00:00,2025-07-03 00:00:00,20393.13,20601.1,1.019804218381374
NASDAQCOM,2025-07-31 00:00:00,2025-08-01 00:00:00,21122.45,20650.13,-2.236104239801726
NASDAQCOM,2025-08-01 00:00:00,2025-08-04 00:00:00,20650.13,21053.58,1.9537407270559592
NASDAQCOM,2025-08-05 00:00:00,2025-08-06 00:00:00,20916.55,21169.42,1.2089469821743977
NASDAQCOM,2025-08-11 00:00:00,2025-08-12 00:00:00,21385.4,21681.9,1.3864599212546878
NASDAQCOM,2025-08-18 00:00:00,2025-08-19 00:00:00,21629.77,21314.95,-1.4554939789003751
NASDAQCOM,2025-08-21 00:00:00,2025-08-22 00:00:00,21100.31,21496.53,1.8777923167953336
NASDAQCOM,2025-08-28 00:00:00,2025-08-29 00:00:00,21705.16,21455.55,-1.1500030407516026
NASDAQCOM,2025-09-02 00:00:00,2025-09-03 00:00:00,21279.63,21497.73,1.0249238356117967
NASDAQCOM,2025-10-07 00:00:00,2025-10-08 00:00:00,22788.36,23043.38,1.1190800917661492
NASDAQCOM,2025-10-09 00:00:00,2025-10-10 00:00:00,23024.63,22204.43,-3.5622722276101757
NASDAQCOM,2025-10-10 00:00:00,2025-10-13 00:00:00,22204.43,22694.61,2.2075774969229127
NASDAQCOM,2025-10-17 00:00:00,2025-10-20 00:00:00,22679.97,22990.54,1.3693580723431278
NASDAQCOM,2025-10-23 00:00:00,2025-10-24 00:00:00,22941.8,23204.87,1.1466842183263726
NASDAQCOM,2025-10-24 00:00:00,2025-10-27 00:00:00,23204.87,23637.46,1.8642207433181057
NASDAQCOM,2025-10-29 00:00:00,2025-10-30 00:00:00,23958.47,23581.14,-1.5749336247264611
NASDAQCOM,2025-11-03 00:00:00,2025-11-04 00:00:00,23834.72,23348.64,-2.0393778487853087
NASDAQCOM,2025-11-05 00:00:00,2025-11-06 00:00:00,23499.8,23053.99,-1.8970799751487146
NASDAQCOM,2025-11-07 00:00:00,2025-11-10 00:00:00,23004.54,23527.17,2.2718559032260477
NASDAQCOM,2025-11-12 00:00:00,2025-11-13 00:00:00,23406.46,22870.36,-2.290393335856847
NASDAQCOM,2025-11-17 00:00:00,2025-11-18 00:00:00,22708.07,22432.85,-1.2119920363113252
NASDAQCOM,2025-11-19 00:00:00,2025-11-20 00:00:00,22564.23,22078.05,-2.1546491947653448
NASDAQCOM,2025-11-21 00:00:00,2025-11-24 00:00:00,22273.08,22872.01,2.6890308839190475
NASDAQCOM,2025-12-11 00:00:00,2025-12-12 00:00:00,23593.86,23195.17,-1.6898040422381175
NASDAQCOM,2025-12-16 00:00:00,2025-12-17 00:00:00,23111.46,22693.32,-1.8092323029354245
NASDAQCOM,2025-12-17 00:00:00,2025-12-18 00:00:00,22693.32,23006.36,1.3794367681767183
NASDAQCOM,2025-12-18 00:00:00,2025-12-19 00:00:00,23006.36,23307.62,1.309463991696202
NASDAQCOM,2026-01-13 00:00:00,2026-01-14 00:00:00,23709.87,23471.75,-1.0043074888221613
NASDAQCOM,2026-01-16 00:00:00,2026-01-20 00:00:00,23515.39,22954.32,-2.3859693587901356
NASDAQCOM,2026-01-20 00:00:00,2026-01-21 00:00:00,22954.32,23224.82,1.1784274158415498
NASDAQCOM,2026-02-02 00:00:00,2026-02-03 00:00:00,23592.11,23255.19,-1.4281045654670221
NASDAQCOM,2026-02-03 00:00:00,2026-02-04 00:00:00,23255.19,22904.58,-1.5076634506103668
NASDAQCOM,2026-02-04 00:00:00,2026-02-05 00:00:00,22904.58,22540.59,-1.5891581509025774
NASDAQCOM,2026-02-05 00:00:00,2026-02-06 00:00:00,22540.59,23031.21,2.176606734783779
NASDAQCOM,2026-02-11 00:00:00,2026-02-12 00:00:00,23066.47,22597.15,-2.0346416248346615
NASDAQCOM,2026-02-20 00:00:00,2026-02-23 00:00:00,22886.07,22627.27,-1.1308188780336654
NASDAQCOM,2026-02-23 00:00:00,2026-02-24 00:00:00,22627.27,22863.68,1.0448012508800215
NASDAQCOM,2026-02-24 00:00:00,2026-02-25 00:00:00,22863.68,23152.08,1.2613892426766007
NASDAQCOM,2026-02-25 00:00:00,2026-02-26 00:00:00,23152.08,22878.38,-1.1821831990905383
NASDAQCOM,2026-03-02 00:00:00,2026-03-03 00:00:00,22748.86,22516.69,-1.0205786136096573
NASDAQCOM,2026-03-03 00:00:00,2026-03-04 00:00:00,22516.69,22807.48,1.2914420369956725
NASDAQCOM,2026-03-05 00:00:00,2026-03-06 00:00:00,22748.99,22387.68,-1.588246335331816
NASDAQCOM,2026-03-06 00:00:00,2026-03-09 00:00:00,22387.68,22695.95,1.3769626866205003
NASDAQCOM,2026-03-11 00:00:00,2026-03-12 00:00:00,22716.13,22311.98,-1.7791322729707983
NASDAQCOM,2026-03-13 00:00:00,2026-03-16 00:00:00,22105.36,22374.18,1.2160851485793478
NASDAQCOM,2026-03-17 00:00:00,2026-03-18 00:00:00,22479.53,22152.42,-1.4551460817908586
NASDAQCOM,2026-03-19 00:00:00,2026-03-20 00:00:00,22090.69,21647.61,-2.0057318263938253
NASDAQCOM,2026-03-20 00:00:00,2026-03-23 00:00:00,21647.61,21946.76,1.381907748707584
NASDAQCOM,2026-03-25 00:00:00,2026-03-26 00:00:00,21929.83,21408.08,-2.3791794099635064
NASDAQCOM,2026-03-26 00:00:00,2026-03-27 00:00:00,21408.08,20948.36,-2.1474134999495567
NASDAQCOM,2026-03-30 00:00:00,2026-03-31 00:00:00,20794.64,21590.63,3.8278614104403905
NASDAQCOM,2026-03-31 00:00:00,2026-04-01 00:00:00,21590.63,21840.95,1.1593918287701641
NASDAQCOM,2026-04-07 00:00:00,2026-04-08 00:00:00,22017.85,22635.0,2.802953058541145
NASDAQCOM,2026-04-10 00:00:00,2026-04-13 00:00:00,22902.89,23183.74,1.2262644583281943
NASDAQCOM,2026-04-13 00:00:00,2026-04-14 00:00:00,23183.74,23639.08,1.9640489411975812
NASDAQCOM,2026-04-14 00:00:00,2026-04-15 00:00:00,23639.08,24016.02,1.5945629017711294
NASDAQCOM,2026-04-16 00:00:00,2026-04-17 00:00:00,24102.7,24468.48,1.5175893157198108
NASDAQCOM,2026-04-21 00:00:00,2026-04-22 00:00:00,24259.96,24657.57,1.6389557113861715
NASDAQCOM,2026-04-23 00:00:00,2026-04-24 00:00:00,24438.5,24836.6,1.6289870491233034
NASDAQCOM,2026-05-04 00:00:00,2026-05-05 00:00:00,25067.8,25326.13,1.0305252156152584
NASDAQCOM,2026-05-05 00:00:00,2026-05-06 00:00:00,25326.13,25838.94,2.0248257432146075
NASDAQCOM,2026-05-07 00:00:00,2026-05-08 00:00:00,25806.2,26247.08,1.7084266571599112
NASDAQCOM,2026-05-12 00:00:00,2026-05-13 00:00:00,26088.2,26402.34,1.2041459357103954
NASDAQCOM,2026-05-14 00:00:00,2026-05-15 00:00:00,26635.22,26225.14,-1.5396155916865029
NASDAQCOM,2026-05-19 00:00:00,2026-05-20 00:00:00,25870.71,26270.36,1.544797185697654
NASDAQCOM,2026-05-22 00:00:00,2026-05-26 00:00:00,26343.97,26656.18,1.1851288928737738
NASDAQCOM,2026-06-04 00:00:00,2026-06-05 00:00:00,26830.96,25709.43,-4.179984614788285
NASDAQCOM,2026-06-09 00:00:00,2026-06-10 00:00:00,25678.82,25169.5,-1.9834244719967653
NASDAQCOM,2026-06-10 00:00:00,2026-06-11 00:00:00,25169.5,25809.66,2.543395776634418
NASDAQCOM,2026-06-12 00:00:00,2026-06-15 00:00:00,25888.84,26683.94,3.0712075164433728
NASDAQCOM,2026-06-15 00:00:00,2026-06-16 00:00:00,26683.94,26376.34,-1.1527533040472981
NASDAQCOM,2026-06-16 00:00:00,2026-06-17 00:00:00,26376.34,26021.66,-1.34468997594056
NASDAQCOM,2026-06-17 00:00:00,2026-06-18 00:00:00,26021.66,26517.93,1.9071419732638133
NASDAQCOM,2026-06-18 00:00:00,2026-06-22 00:00:00,26517.93,26166.6,-1.324877168014252
NASDAQCOM,2026-06-22 00:00:00,2026-06-23 00:00:00,26166.6,25587.04,-2.214884623909861
NASDAQCOM,2026-06-26 00:00:00,2026-06-29 00:00:00,25297.62,25820.14,2.065490745769762
NASDAQCOM,2026-06-29 00:00:00,2026-06-30 00:00:00,25820.14,26213.72,1.524313965764716
NASDAQCOM,2026-07-02 00:00:00,2026-07-06 00:00:00,25832.67,26121.16,1.1167641594926176
NASDAQCOM,2026-07-06 00:00:00,2026-07-07 00:00:00,26121.16,25818.69,-1.1579501063505648
NASDAQCOM,2026-07-08 00:00:00,2026-07-09 00:00:00,25870.65,26206.89,1.2996967606148202
NASDAQCOM,2026-07-10 00:00:00,2026-07-13 00:00:00,26281.61,25873.18,-1.5540524343828261
NASDAQCOM,2026-07-15 00:00:00,2026-07-16 00:00:00,26269.23,25881.95,-1.4742723711353505
NASDAQCOM,2026-07-16 00:00:00,2026-07-17 00:00:00,25881.95,25520.24,-1.397537666211391
NASDAQCOM,2026-07-20 00:00:00,2026-07-21 00:00:00,25508.07,25837.21,1.2903367444106881
NASDAQCOM,2026-07-22 00:00:00,2026-07-23 00:00:00,25690.9,25137.69,-2.1533305567341072
NASDAQCOM,2026-07-28 00:00:00,2026-07-29 00:00:00,24876.91,24442.94,-1.7444690679027306
NASDAQCOM,2026-07-29 00:00:00,2026-07-30 00:00:00,24442.94,25122.18,2.7788801183491088
NASDAQCOM,2026-07-30 00:00:00,2026-07-31 00:00:00,25122.18,25373.85,1.0017840808401113
NASDAQCOM,2026-07-31 00:00:00,2026-08-03 00:00:00,25373.85,25913.9,2.128372320321918
NASDAQCOM,2026-08-03 00:00:00,2026-08-04 00:00:00,25913.9,26584.99,2.589691246782615
NASDAQCOM,2026-08-06 00:00:00,2026-08-07 00:00:00,26348.35,26690.62,1.2990187241326323
NASDAQCOM,2026-08-17 00:00:00,2026-08-18 00:00:00,26644.91,26289.71,-1.3330876328724726
NASDAQCOM,2026-08-19 00:00:00,2026-08-20 00:00:00,26331.09,26067.17,-1.002313235038891
NASDAQCOM,2026-08-26 00:00:00,2026-08-27 00:00:00,26130.2,26541.35,1.573466716672654
NASDAQCOM,2026-08-31 00:00:00,2026-09-01 00:00:00,26370.89,26099.77,-1.0281033366716064
NASDAQCOM,2026-09-02 00:00:00,2026-09-03 00:00:00,26217.83,26584.06,1.3968738068711237
NASDAQCOM,1971-08-10 00:00:00,1971-08-17 00:00:00,103.04,108.93,5.716226708074535
NASDAQCOM,1973-11-08 00:00:00,1973-11-15 00:00:00,107.31,101.63,-5.293076134563421
NASDAQCOM,1974-06-25 00:00:00,1974-07-02 00:00:00,79.35,73.81,-6.981726528040317
NASDAQCOM,1974-08-20 00:00:00,1974-08-27 00:00:00,65.72,62.34,-5.143031040779055
NASDAQCOM,1974-09-24 00:00:00,1974-10-01 00:00:00,58.84,55.48,-5.710401087695456
NASDAQCOM,1974-10-08 00:00:00,1974-10-15 00:00:00,56.13,61.4,9.388918581863523
NASDAQCOM,1974-11-12 00:00:00,1974-11-19 00:00:00,65.36,60.93,-6.777845777233782
NASDAQCOM,1975-01-21 00:00:00,1975-01-28 00:00:00,64.18,67.92,5.827360548457454
NASDAQCOM,1978-10-18 00:00:00,1978-10-25 00:00:00,128.92,121.16,-6.019236735960279
NASDAQCOM,1978-10-25 00:00:00,1978-11-01 00:00:00,121.16,114.65,-5.3730604159788635
NASDAQCOM,1979-10-04 00:00:00,1979-10-11 00:00:00,151.42,140.09,-7.48249900937788
NASDAQCOM,1980-02-29 00:00:00,1980-03-07 00:00:00,158.03,146.19,-7.492248307283429
NASDAQCOM,1980-03-21 00:00:00,1980-03-28 00:00:00,138.8,129.25,-6.880403458213265
NASDAQCOM,1980-12-03 00:00:00,1980-12-10 00:00:00,204.9,193.58,-5.524646168862857
NASDAQCOM,1981-09-02 00:00:00,1981-09-09 00:00:00,195.39,184.77,-5.435283279594645
NASDAQCOM,1982-08-18 00:00:00,1982-08-25 00:00:00,164.99,174.93,6.024607551972845
NASDAQCOM,1982-10-06 00:00:00,1982-10-13 00:00:00,191.98,205.17,6.870507344515053
NASDAQCOM,1982-12-08 00:00:00,1982-12-15 00:00:00,240.7,225.69,-6.235978396343993
NASDAQCOM,1984-07-26 00:00:00,1984-08-02 00:00:00,227.06,238.87,5.201268387210431
NASDAQCOM,1986-09-09 00:00:00,1986-09-16 00:00:00,369.55,343.67,-7.003111892842645
NASDAQCOM,1986-12-30 00:00:00,1987-01-06 00:00:00,347.32,366.02,5.384083841990092
NASDAQCOM,1987-01-06 00:00:00,1987-01-13 00:00:00,366.02,386.4,5.56800174853833
NASDAQCOM,1987-10-13 00:00:00,1987-10-20 00:00:00,434.81,327.79,-24.613049377889187
NASDAQCOM,1987-10-20 00:00:00,1987-10-27 00:00:00,327.79,296.34,-9.594557491076618
NASDAQCOM,1987-10-27 00:00:00,1987-11-03 00:00:00,296.34,320.66,8.206789498548982
NASDAQCOM,1987-12-29 00:00:00,1988-01-05 00:00:00,325.53,344.07,5.69532761957424
NASDAQCOM,1990-08-16 00:00:00,1990-08-23 00:00:00,402.27,360.22,-10.453178213637596
NASDAQCOM,1990-08-23 00:00:00,1990-08-30 00:00:00,360.22,378.68,5.124646049636327
NASDAQCOM,1990-09-20 00:00:00,1990-09-27 00:00:00,364.43,341.19,-6.377082018494638
NASDAQCOM,1990-10-04 00:00:00,1990-10-11 00:00:00,349.89,325.61,-6.939323787476057
NASDAQCOM,1990-11-08 00:00:00,1990-11-15 00:00:00,336.37,354.46,5.378006362041791
NASDAQCOM,1991-01-25 00:00:00,1991-02-01 00:00:00,394.28,417.69,5.937404889925948
NASDAQCOM,1991-11-12 00:00:00,1991-11-19 00:00:00,555.68,523.47,-5.79650158364525
NASDAQCOM,1991-12-24 00:00:00,1991-12-31 00:00:00,549.56,586.34,6.692626828735731
NASDAQCOM,1994-03-22 00:00:00,1994-03-29 00:00:00,796.34,755.29,-5.15483336263406
NASDAQCOM,1996-01-03 00:00:00,1996-01-10 00:00:00,1046.26,990.21,-5.357176992334597
NASDAQCOM,1996-07-31 00:00:00,1996-08-07 00:00:00,1080.59,1141.11,5.600644092579053
NASDAQCOM,1997-07-10 00:00:00,1997-07-17 00:00:00,1490.93,1568.85,5.226268168190313
NASDAQCOM,1997-10-23 00:00:00,1997-10-30 00:00:00,1671.25,1570.41,-6.033807030665664
NASDAQCOM,1997-12-05 00:00:00,1997-12-12 00:00:00,1633.9,1536.58,-5.956300875206571
NASDAQCOM,1998-06-16 00:00:00,1998-06-23 00:00:00,1753.12,1844.57,5.216414164461078
NASDAQCOM,1998-07-28 00:00:00,1998-08-04 00:00:00,1896.53,1785.64,-5.846994247388645
NASDAQCOM,1998-08-25 00:00:00,1998-09-01 00:00:00,1798.17,1575.09,-12.405946045145907
NASDAQCOM,1998-09-01 00:00:00,1998-09-08 00:00:00,1575.09,1660.86,5.445403119821723
NASDAQCOM,1998-09-29 00:00:00,1998-10-06 00:00:00,1734.05,1510.89,-12.869294426342947
NASDAQCOM,1998-10-13 00:00:00,1998-10-20 00:00:00,1509.45,1639.19,8.595183676173441
NASDAQCOM,1998-12-15 00:00:00,1998-12-22 00:00:00,2012.6,2120.98,5.385074033588399
NASDAQCOM,1999-02-02 00:00:00,1999-02-09 00:00:00,2463.42,2310.79,-6.195857791200855
NASDAQCOM,1999-03-02 00:00:00,1999-03-09 00:00:00,2259.03,2392.94,5.927765456855369
NASDAQCOM,1999-03-23 00:00:00,1999-03-30 00:00:00,2322.84,2480.29,6.7783403075545365
NASDAQCOM,1999-04-13 00:00:00,1999-04-20 00:00:00,2583.5,2409.64,-6.729630346429268
NASDAQCOM,1999-04-20 00:00:00,1999-04-27 00:00:00,2409.64,2602.41,7.99995020002988
NASDAQCOM,1999-05-18 00:00:00,1999-05-25 00:00:00,2558.36,2380.9,-6.936474929251553
NASDAQCOM,1999-06-15 00:00:00,1999-06-22 00:00:00,2414.67,2580.26,6.857665850820201
NASDAQCOM,1999-08-10 00:00:00,1999-08-17 00:00:00,2490.11,2671.22,7.273172671086805
NASDAQCOM,1999-10-12 00:00:00,1999-10-19 00:00:00,2872.43,2688.18,-6.4144295944548695
NASDAQCOM,1999-10-26 00:00:00,1999-11-02 00:00:00,2811.47,2981.63,6.052349838340809
NASDAQCOM,1999-11-09 00:00:00,1999-11-16 00:00:00,3125.04,3295.52,5.455290172285795
NASDAQCOM,1999-11-30 00:00:00,1999-12-07 00:00:00,3336.16,3586.92,7.51642607069206
NASDAQCOM,1999-12-14 00:00:00,1999-12-21 00:00:00,3571.66,3911.15,9.50510406925632
NASDAQCOM,2000-01-11 00:00:00,2000-01-18 00:00:00,3921.19,4130.81,5.345826139513779
NASDAQCOM,2000-02-01 00:00:00,2000-02-08 00:00:00,4051.98,4427.5,9.267567954432154
NASDAQCOM,2000-02-22 00:00:00,2000-02-29 00:00:00,4382.12,4696.69,7.178488950553606
NASDAQCOM,2000-03-28 00:00:00,2000-04-04 00:00:00,4833.89,4148.89,-14.170781709968574
NASDAQCOM,2000-04-11 00:00:00,2000-04-18 00:00:00,4055.9,3793.57,-6.467861633669466
NASDAQCOM,2000-05-02 00:00:00,2000-05-09 00:00:00,3785.45,3585.01,-5.295011161156523
NASDAQCOM,2000-05-16 00:00:00,2000-05-23 00:00:00,3717.57,3164.55,-14.87584631896642
NASDAQCOM,2000-05-23 00:00:00,2000-05-30 00:00:00,3164.55,3459.48,9.319808503578702
NASDAQCOM,2000-05-30 00:00:00,2000-06-06 00:00:00,3459.48,3756.37,8.581925607316702
NASDAQCOM,2000-07-05 00:00:00,2000-07-12 00:00:00,3863.1,4099.59,6.121767492428367
NASDAQCOM,2000-07-26 00:00:00,2000-08-02 00:00:00,3987.72,3658.46,-8.256848524971657
NASDAQCOM,2000-08-02 00:00:00,2000-08-09 00:00:00,3658.46,3853.5,5.331204933223268
NASDAQCOM,2000-09-20 00:00:00,2000-09-27 00:00:00,3897.44,3656.3,-6.1871382240650235
NASDAQCOM,2000-10-04 00:00:00,2000-10-11 00:00:00,3523.1,3168.49,-10.065283415174141
NASDAQCOM,2000-11-15 00:00:00,2000-11-22 00:00:00,3165.49,2755.34,-12.95691978177153
NASDAQCOM,2000-12-13 00:00:00,2000-12-20 00:00:00,2822.77,2332.78,-17.358481208174943
NASDAQCOM,2000-12-20 00:00:00,2000-12-27 00:00:00,2332.78,2539.35,8.855099923696178
NASDAQCOM,2001-01-10 00:00:00,2001-01-17 00:00:00,2524.18,2682.78,6.283228612856467
NASDAQCOM,2001-01-17 00:00:00,2001-01-24 00:00:00,2682.78,2859.15,6.5741506944289085
NASDAQCOM,2001-01-31 00:00:00,2001-02-07 00:00:00,2772.73,2607.82,-5.947567920424992
NASDAQCOM,2001-02-14 00:00:00,2001-02-21 00:00:00,2491.4,2268.94,-8.929116159588988
NASDAQCOM,2001-02-21 00:00:00,2001-02-28 00:00:00,2268.94,2151.83,-5.161441025324606
NASDAQCOM,2001-03-07 00:00:00,2001-03-14 00:00:00,2223.92,1972.09,-11.32369869419764
NASDAQCOM,2001-03-14 00:00:00,2001-03-21 00:00:00,1972.09,1830.23,-7.193383669102318
NASDAQCOM,2001-03-28 00:00:00,2001-04-04 00:00:00,1854.13,1638.8,-11.613533031664454
NASDAQCOM,2001-04-04 00:00:00,2001-04-11 00:00:00,1638.8,1898.95,15.874420307542108
NASDAQCOM,2001-04-11 00:00:00,2001-04-18 00:00:00,1898.95,2079.44,9.50472629611101
NASDAQCOM,2001-04-25 00:00:00,2001-05-02 00:00:00,2059.8,2220.6,7.806583163413909
NASDAQCOM,2001-05-23 00:00:00,2001-05-30 00:00:00,2243.48,2084.5,-7.086312336191988
NASDAQCOM,2001-05-30 00:00:00,2001-06-06 00:00:00,2084.5,2217.73,6.3914607819621025
NASDAQCOM,2001-08-02 00:00:00,2001-08-09 00:00:00,2087.38,1963.32,-5.9433356648046916
NASDAQCOM,2001-09-06 00:00:00,2001-09-17 00:00:00,1705.64,1579.55,-7.392533008137716
NASDAQCOM,2001-09-17 00:00:00,2001-09-24 00:00:00,1579.55,1499.4,-5.074230002215812
NASDAQCOM,2001-10-01 00:00:00,2001-10-08 00:00:00,1480.46,1605.95,8.47641949123921
NASDAQCOM,2001-10-08 00:00:00,2001-10-15 00:00:00,1605.95,1696.31,5.6265761698682955
NASDAQCOM,2001-10-29 00:00:00,2001-11-05 00:00:00,1699.52,1793.65,5.53862266993034
NASDAQCOM,2001-11-12 00:00:00,2001-11-19 00:00:00,1840.13,1934.42,5.124094493323839
NASDAQCOM,2002-01-14 00:00:00,2002-01-22 00:00:00,1990.74,1882.53,-5.4356671388528905
NASDAQCOM,2002-02-26 00:00:00,2002-03-05 00:00:00,1766.86,1866.29,5.627497368212539
NASDAQCOM,2002-04-30 00:00:00,2002-05-07 00:00:00,1688.23,1573.82,-6.776920206369989
NASDAQCOM,2002-05-07 00:00:00,2002-05-14 00:00:00,1573.82,1719.05,9.22786595671678
NASDAQCOM,2002-06-04 00:00:00,2002-06-11 00:00:00,1578.12,1497.18,-5.128887537069414
NASDAQCOM,2002-06-18 00:00:00,2002-06-25 00:00:00,1542.96,1423.99,-7.710504484886194
NASDAQCOM,2002-07-16 00:00:00,2002-07-23 00:00:00,1375.26,1229.05,-10.631444235999014
NASDAQCOM,2002-07-23 00:00:00,2002-07-30 00:00:00,1229.05,1344.19,9.368211220048012
NASDAQCOM,2002-07-30 00:00:00,2002-08-06 00:00:00,1344.19,1259.55,-6.29672888505346
NASDAQCOM,2002-08-13 00:00:00,2002-08-20 00:00:00,1269.28,1376.59,8.45439934451027
NASDAQCOM,2002-08-27 00:00:00,2002-09-03 00:00:00,1347.78,1263.84,-6.228019409695949
NASDAQCOM,2002-09-17 00:00:00,2002-09-24 00:00:00,1259.94,1182.17,-6.172516151562771
NASDAQCOM,2002-10-01 00:00:00,2002-10-08 00:00:00,1213.72,1129.21,-6.9628909468411155
NASDAQCOM,2002-10-08 00:00:00,2002-10-15 00:00:00,1129.21,1282.44,13.569663747221512
NASDAQCOM,2002-10-29 00:00:00,2002-11-05 00:00:00,1300.54,1401.17,7.737555169391184
NASDAQCOM,2002-11-19 00:00:00,2002-11-26 00:00:00,1374.51,1444.43,5.086903696590063
NASDAQCOM,2002-12-31 00:00:00,2003-01-07 00:00:00,1335.51,1431.57,7.192757822854187
NASDAQCOM,2003-01-14 00:00:00,2003-01-21 00:00:00,1460.99,1364.25,-6.621537450632791
NASDAQCOM,2003-03-11 00:00:00,2003-03-18 00:00:00,1269.48,1400.55,10.324699877115034
NASDAQCOM,2003-05-20 00:00:00,2003-05-27 00:00:00,1480.13,1558.28,5.279941626748992
NASDAQCOM,2003-07-01 00:00:00,2003-07-08 00:00:00,1641.77,1747.44,6.43634613861869
NASDAQCOM,2003-09-23 00:00:00,2003-09-30 00:00:00,1901.73,1802.71,-5.206837984361607
NASDAQCOM,2003-09-30 00:00:00,2003-10-07 00:00:00,1802.71,1907.88,5.833994375135218
NASDAQCOM,2004-03-23 00:00:00,2004-03-30 00:00:00,1898.94,2000.68,5.35772588918028
NASDAQCOM,2007-12-28 00:00:00,2008-01-04 00:00:00,2674.46,2504.65,-6.3493191148867405
NASDAQCOM,2008-03-14 00:00:00,2008-03-24 00:00:00,2212.49,2326.75,5.164317126857081
NASDAQCOM,2008-04-14 00:00:00,2008-04-21 00:00:00,2275.82,2408.04,5.809774059459878
NASDAQCOM,2008-09-02 00:00:00,2008-09-09 00:00:00,2349.24,2209.81,-5.935110929492084
NASDAQCOM,2008-09-30 00:00:00,2008-10-07 00:00:00,2091.88,1754.88,-16.10991070233474
NASDAQCOM,2008-10-28 00:00:00,2008-11-04 00:00:00,1649.47,1780.12,7.920726051398319
NASDAQCOM,2008-11-04 00:00:00,2008-11-11 00:00:00,1780.12,1580.9,-11.191380356380458
NASDAQCOM,2008-11-11 00:00:00,2008-11-18 00:00:00,1580.9,1483.27,-6.175596179391492
NASDAQCOM,2008-12-02 00:00:00,2008-12-09 00:00:00,1449.8,1547.34,6.727824527521036
NASDAQCOM,2008-12-30 00:00:00,2009-01-06 00:00:00,1550.7,1652.38,6.557038756690531
NASDAQCOM,2009-01-06 00:00:00,2009-01-13 00:00:00,1652.38,1546.46,-6.4101477868287
NASDAQCOM,2009-01-13 00:00:00,2009-01-20 00:00:00,1546.46,1440.86,-6.828498635593558
NASDAQCOM,2009-02-24 00:00:00,2009-03-03 00:00:00,1441.83,1321.01,-8.379628666347623
NASDAQCOM,2009-03-10 00:00:00,2009-03-17 00:00:00,1358.28,1462.11,7.644226521777537
NASDAQCOM,2009-07-14 00:00:00,2009-07-21 00:00:00,1799.73,1916.2,6.471526284498232
NASDAQCOM,2010-01-19 00:00:00,2010-01-26 00:00:00,2320.4,2203.73,-5.028012411653166
NASDAQCOM,2010-06-08 00:00:00,2010-06-15 00:00:00,2170.57,2305.88,6.233846409007769
NASDAQCOM,2010-06-22 00:00:00,2010-06-29 00:00:00,2261.8,2135.18,-5.598196126978527
NASDAQCOM,2010-07-06 00:00:00,2010-07-13 00:00:00,2093.88,2242.03,7.075381588247659
NASDAQCOM,2011-07-26 00:00:00,2011-08-02 00:00:00,2839.96,2669.24,-6.011352272567228
NASDAQCOM,2011-08-02 00:00:00,2011-08-09 00:00:00,2669.24,2482.52,-6.995249584151288
NASDAQCOM,2011-08-23 00:00:00,2011-08-30 00:00:00,2446.06,2576.11,5.316713408501843
NASDAQCOM,2011-09-27 00:00:00,2011-10-04 00:00:00,2546.83,2404.82,-5.575951280611575
NASDAQCOM,2011-10-04 00:00:00,2011-10-11 00:00:00,2404.82,2583.03,7.410533844528905
NASDAQCOM,2011-11-15 00:00:00,2011-11-22 00:00:00,2686.2,2521.28,-6.139527957709762
NASDAQCOM,2011-11-29 00:00:00,2011-12-06 00:00:00,2515.51,2649.56,5.328939260825825
NASDAQCOM,2014-10-16 00:00:00,2014-10-23 00:00:00,4217.39,4452.79,5.581651210819953
NASDAQCOM,2015-08-18 00:00:00,2015-08-25 00:00:00,5059.35,4506.49,-10.927490685562386
NASDAQCOM,2015-09-22 00:00:00,2015-09-29 00:00:00,4756.72,4517.32,-5.032879799525735
NASDAQCOM,2015-09-29 00:00:00,2015-10-06 00:00:00,4517.32,4748.36,5.114536937830395
NASDAQCOM,2016-02-02 00:00:00,2016-02-09 00:00:00,4516.95,4268.76,-5.4946368677979525
NASDAQCOM,2018-03-21 00:00:00,2018-03-28 00:00:00,7345.29,6949.23,-5.392026727331397
NASDAQCOM,2018-10-04 00:00:00,2018-10-11 00:00:00,7879.51,7329.06,-6.985840490081234
NASDAQCOM,2018-11-23 00:00:00,2018-11-30 00:00:00,6938.98,7330.54,5.6429042885265615
NASDAQCOM,2018-12-14 00:00:00,2018-12-21 00:00:00,6910.66,6332.99,-8.359114758937643
NASDAQCOM,2020-02-21 00:00:00,2020-02-28 00:00:00,9576.59,8567.37,-10.53840667711575
NASDAQCOM,2020-03-06 00:00:00,2020-03-13 00:00:00,8575.62,7874.88,-8.171304232230446
NASDAQCOM,2020-03-13 00:00:00,2020-03-20 00:00:00,7874.88,6879.52,-12.639684668210812
NASDAQCOM,2020-03-20 00:00:00,2020-03-27 00:00:00,6879.52,7502.38,9.053829336930479
NASDAQCOM,2020-04-03 00:00:00,2020-04-13 00:00:00,7373.08,8192.42,11.112587955101533
NASDAQCOM,2020-05-04 00:00:00,2020-05-11 00:00:00,8710.71,9192.34,5.529170412055976
NASDAQCOM,2020-07-28 00:00:00,2020-08-04 00:00:00,10402.09,10941.17,5.1824200713510455
NASDAQCOM,2020-09-01 00:00:00,2020-09-08 00:00:00,11939.67,10847.69,-9.14581391277983
NASDAQCOM,2020-10-06 00:00:00,2020-10-13 00:00:00,11154.7,11864.0,6.358754605681903
NASDAQCOM,2021-03-30 00:00:00,2021-04-06 00:00:00,13045.39,13698.38,5.005523023842137
NASDAQCOM,2022-01-18 00:00:00,2022-01-25 00:00:00,14506.9,13539.29,-6.669998414547552
NASDAQCOM,2022-01-25 00:00:00,2022-02-01 00:00:00,13539.29,14346.0,5.958288802440889
NASDAQCOM,2022-02-15 00:00:00,2022-02-22 00:00:00,14139.76,13381.52,-5.362467255455536
NASDAQCOM,2022-03-01 00:00:00,2022-03-08 00:00:00,13532.46,12795.55,-5.44549919231241
NASDAQCOM,2022-03-15 00:00:00,2022-03-22 00:00:00,12948.62,14108.82,8.960028172886368
NASDAQCOM,2022-04-05 00:00:00,2022-04-12 00:00:00,14204.17,13371.57,-5.8616589353689825
NASDAQCOM,2022-04-19 00:00:00,2022-04-26 00:00:00,13619.66,12490.74,-8.28890001659366
NASDAQCOM,2022-05-03 00:00:00,2022-05-10 00:00:00,12563.76,11737.67,-6.575181315147696
NASDAQCOM,2022-05-17 00:00:00,2022-05-24 00:00:00,11984.52,11264.45,-6.0083340843020805
NASDAQCOM,2022-05-24 00:00:00,2022-05-31 00:00:00,11264.45,12081.39,7.252373617886347
NASDAQCOM,2022-06-07 00:00:00,2022-06-14 00:00:00,12175.23,10828.35,-11.062460421692233
NASDAQCOM,2022-07-26 00:00:00,2022-08-02 00:00:00,11562.57,12348.76,6.799439916904292
NASDAQCOM,2022-08-16 00:00:00,2022-08-23 00:00:00,13102.55,12381.3,-5.504653674284777
NASDAQCOM,2022-09-20 00:00:00,2022-09-27 00:00:00,11425.05,10829.5,-5.212668653528862
NASDAQCOM,2022-10-04 00:00:00,2022-10-11 00:00:00,11176.41,10426.19,-6.712531125826623
NASDAQCOM,2022-11-08 00:00:00,2022-11-15 00:00:00,10616.2,11358.41,6.991296320717385
NASDAQCOM,2022-12-13 00:00:00,2022-12-20 00:00:00,11256.81,10547.11,-6.304628042935779
NASDAQCOM,2024-08-09 00:00:00,2024-08-16 00:00:00,16745.3,17631.72,5.293545054433196
NASDAQCOM,2024-08-30 00:00:00,2024-09-06 00:00:00,17713.62,16690.83,-5.774031507958267
NASDAQCOM,2024-09-06 00:00:00,2024-09-13 00:00:00,16690.83,17683.98,5.9502732937786655
NASDAQCOM,2024-11-01 00:00:00,2024-11-08 00:00:00,18239.92,19286.78,5.739389207847406
NASDAQCOM,2025-03-28 00:00:00,2025-04-04 00:00:00,17322.99,15587.79,-10.016746531632245
NASDAQCOM,2025-04-04 00:00:00,2025-04-11 00:00:00,15587.79,16724.46,7.292053588096826
NASDAQCOM,2025-04-11 00:00:00,2025-04-21 00:00:00,16724.46,15870.9,-5.1036625397770665
NASDAQCOM,2025-04-21 00:00:00,2025-04-28 00:00:00,15870.9,17366.13,9.421204846606061
NASDAQCOM,2026-04-07 00:00:00,2026-04-14 00:00:00,22017.85,23639.08,7.363252997000176
NASDAQCOM,2026-06-02 00:00:00,2026-06-09 00:00:00,27093.9,25678.82,-5.222873045224208
NASDAQCOM,2026-07-28 00:00:00,2026-08-04 00:00:00,24876.91,26584.99,6.866126058260457
